order_id,order_date,customer_name,customer_city,product_name,category_name,brand_name,quantity,list_price,discount,store_name,staff_name,final_revenue,order_year,order_month
1,2016-01-01,Johnathan Velazquez,Pleasanton,Electra Townie Original 7D EQ - Women's - 2016,Cruisers Bicycles,Electra,1,599.99,0.2,Santa Cruz Bikes,Mireya Copeland,479.992,2016,1
1,2016-01-01,Johnathan Velazquez,Pleasanton,Trek Remedy 29 Carbon Frameset - 2016,Mountain Bikes,Trek,2,1799.99,0.07,Santa Cruz Bikes,Mireya Copeland,3347.9813999999997,2016,1
1,2016-01-01,Johnathan Velazquez,Pleasanton,Surly Straggler - 2016,Cyclocross Bicycles,Surly,2,1549.0,0.05,Santa Cruz Bikes,Mireya Copeland,2943.1,2016,1
1,2016-01-01,Johnathan Velazquez,Pleasanton,Electra Townie Original 7D EQ - 2016,Cruisers Bicycles,Electra,2,599.99,0.05,Santa Cruz Bikes,Mireya Copeland,1139.981,2016,1
1,2016-01-01,Johnathan Velazquez,Pleasanton,Trek Fuel EX 8 29 - 2016,Mountain Bikes,Trek,1,2899.99,0.2,Santa Cruz Bikes,Mireya Copeland,2319.9919999999997,2016,1
2,2016-01-01,Jaqueline Cummings,Huntington Station,Electra Townie Original 7D EQ - Women's - 2016,Cruisers Bicycles,Electra,1,599.99,0.07,Baldwin Bikes,Marcelene Boyer,557.9907,2016,1
2,2016-01-01,Jaqueline Cummings,Huntington Station,Electra Townie Original 7D EQ - 2016,Cruisers Bicycles,Electra,2,599.99,0.05,Baldwin Bikes,Marcelene Boyer,1139.981,2016,1
3,2016-01-02,Joshua Robertson,Patchogue,Surly Wednesday Frameset - 2016,Mountain Bikes,Surly,1,999.99,0.05,Baldwin Bikes,Venita Daniel,949.9905,2016,1
3,2016-01-02,Joshua Robertson,Patchogue,Electra Townie Original 7D EQ - Women's - 2016,Cruisers Bicycles,Electra,1,599.99,0.05,Baldwin Bikes,Venita Daniel,569.9905,2016,1
4,2016-01-03,Nova Hess,Duarte,Ritchey Timberwolf Frameset - 2016,Mountain Bikes,Ritchey,2,749.99,0.1,Santa Cruz Bikes,Genna Serrano,1349.982,2016,1
5,2016-01-03,Arla Ellis,Utica,Surly Straggler - 2016,Cyclocross Bicycles,Surly,2,1549.0,0.05,Baldwin Bikes,Marcelene Boyer,2943.1,2016,1
5,2016-01-03,Arla Ellis,Utica,Pure Cycles Vine 8-Speed - 2016,Cruisers Bicycles,Pure Cycles,1,429.0,0.07,Baldwin Bikes,Marcelene Boyer,398.96999999999997,2016,1
5,2016-01-03,Arla Ellis,Utica,Electra Townie Original 7D EQ - 2016,Comfort Bicycles,Electra,1,599.99,0.07,Baldwin Bikes,Marcelene Boyer,557.9907,2016,1
6,2016-01-04,Sharyn Hopkins,Baldwinsville,Pure Cycles Western 3-Speed - Women's - 2015/2016,Cruisers Bicycles,Pure Cycles,1,449.0,0.07,Baldwin Bikes,Marcelene Boyer,417.57,2016,1
6,2016-01-04,Sharyn Hopkins,Baldwinsville,Electra Townie Original 21D - 2016,Cruisers Bicycles,Electra,2,549.99,0.05,Baldwin Bikes,Marcelene Boyer,1044.981,2016,1
6,2016-01-04,Sharyn Hopkins,Baldwinsville,Electra Townie Original 7D EQ - Women's - 2016,Cruisers Bicycles,Electra,1,599.99,0.1,Baldwin Bikes,Marcelene Boyer,539.991,2016,1
6,2016-01-04,Sharyn Hopkins,Baldwinsville,Surly Wednesday Frameset - 2016,Mountain Bikes,Surly,2,999.99,0.07,Baldwin Bikes,Marcelene Boyer,1859.9814,2016,1
6,2016-01-04,Sharyn Hopkins,Baldwinsville,Trek Conduit+ - 2016,Electric Bikes,Trek,2,2999.99,0.07,Baldwin Bikes,Marcelene Boyer,5579.9814,2016,1
7,2016-01-04,Laureen Paul,Bellmore,Electra Moto 1 - 2016,Cruisers Bicycles,Electra,1,529.99,0.07,Baldwin Bikes,Marcelene Boyer,492.8907,2016,1
7,2016-01-04,Laureen Paul,Bellmore,Surly Wednesday Frameset - 2016,Mountain Bikes,Surly,1,999.99,0.1,Baldwin Bikes,Marcelene Boyer,899.991,2016,1
7,2016-01-04,Laureen Paul,Bellmore,Pure Cycles Vine 8-Speed - 2016,Cruisers Bicycles,Pure Cycles,2,429.0,0.1,Baldwin Bikes,Marcelene Boyer,772.2,2016,1
8,2016-01-04,Leslie Higgins,Saratoga Springs,Electra Girl's Hawaii 1 (16-inch) - 2015/2016,Children Bicycles,Electra,1,269.99,0.05,Baldwin Bikes,Venita Daniel,256.4905,2016,1
8,2016-01-04,Leslie Higgins,Saratoga Springs,Electra Townie Original 7D EQ - Women's - 2016,Cruisers Bicycles,Electra,2,599.99,0.07,Baldwin Bikes,Venita Daniel,1115.9814,2016,1
9,2016-01-05,Neil Mccall,San Carlos,Trek Slash 8 27.5 - 2016,Mountain Bikes,Trek,2,3999.99,0.1,Santa Cruz Bikes,Mireya Copeland,7199.982,2016,1
10,2016-01-05,Alane Munoz,Yonkers,Electra Girl's Hawaii 1 (16-inch) - 2015/2016,Cruisers Bicycles,Electra,1,269.99,0.1,Baldwin Bikes,Marcelene Boyer,242.991,2016,1
11,2016-01-05,Tarra Guerrero,Auburn,Trek Remedy 29 Carbon Frameset - 2016,Mountain Bikes,Trek,1,1799.99,0.05,Baldwin Bikes,Venita Daniel,1709.9904999999999,2016,1
11,2016-01-05,Tarra Guerrero,Auburn,Electra Girl's Hawaii 1 (16-inch) - 2015/2016,Children Bicycles,Electra,2,269.99,0.1,Baldwin Bikes,Venita Daniel,485.982,2016,1
11,2016-01-05,Tarra Guerrero,Auburn,Electra Townie Original 7D EQ - 2016,Cruisers Bicycles,Electra,2,599.99,0.2,Baldwin Bikes,Venita Daniel,959.984,2016,1
12,2016-01-06,Marvin Mullins,San Diego,Trek Fuel EX 8 29 - 2016,Mountain Bikes,Trek,2,2899.99,0.1,Santa Cruz Bikes,Mireya Copeland,5219.982,2016,1
12,2016-01-06,Marvin Mullins,San Diego,Surly Straggler 650b - 2016,Cyclocross Bicycles,Surly,1,1680.99,0.05,Santa Cruz Bikes,Mireya Copeland,1596.9405,2016,1
13,2016-01-08,Patience Clayton,Niagara Falls,Electra Cruiser 1 (24-Inch) - 2016,Cruisers Bicycles,Electra,1,269.99,0.1,Baldwin Bikes,Marcelene Boyer,242.991,2016,1
13,2016-01-08,Patience Clayton,Niagara Falls,Pure Cycles Vine 8-Speed - 2016,Cruisers Bicycles,Pure Cycles,2,429.0,0.05,Baldwin Bikes,Marcelene Boyer,815.0999999999999,2016,1
13,2016-01-08,Patience Clayton,Niagara Falls,Electra Townie Original 7D EQ - Women's - 2016,Cruisers Bicycles,Electra,2,599.99,0.1,Baldwin Bikes,Marcelene Boyer,1079.982,2016,1
13,2016-01-08,Patience Clayton,Niagara Falls,Electra Townie Original 7D EQ - 2016,Cruisers Bicycles,Electra,2,599.99,0.05,Baldwin Bikes,Marcelene Boyer,1139.981,2016,1
14,2016-01-09,Maribel William,Torrance,Surly Ice Cream Truck Frameset - 2016,Mountain Bikes,Surly,1,469.99,0.07,Santa Cruz Bikes,Genna Serrano,437.09069999999997,2016,1
15,2016-01-09,Ellsworth Michael,Carmel,Electra Townie Original 21D - 2016,Cruisers Bicycles,Electra,2,549.99,0.07,Baldwin Bikes,Venita Daniel,1022.9813999999999,2016,1
15,2016-01-09,Ellsworth Michael,Carmel,Trek Remedy 29 Carbon Frameset - 2016,Mountain Bikes,Trek,1,1799.99,0.07,Baldwin Bikes,Venita Daniel,1673.9906999999998,2016,1
15,2016-01-09,Ellsworth Michael,Carmel,Pure Cycles Western 3-Speed - Women's - 2015/2016,Cruisers Bicycles,Pure Cycles,2,449.0,0.05,Baldwin Bikes,Venita Daniel,853.0999999999999,2016,1
15,2016-01-09,Ellsworth Michael,Carmel,Electra Girl's Hawaii 1 (20-inch) - 2015/2016,Children Bicycles,Electra,2,299.99,0.2,Baldwin Bikes,Venita Daniel,479.98400000000004,2016,1
16,2016-01-12,Lea Key,Banning,Trek Remedy 29 Carbon Frameset - 2016,Mountain Bikes,Trek,1,1799.99,0.2,Santa Cruz Bikes,Genna Serrano,1439.9920000000002,2016,1
16,2016-01-12,Lea Key,Banning,Electra Cruiser 1 (24-Inch) - 2016,Children Bicycles,Electra,1,269.99,0.05,Santa Cruz Bikes,Genna Serrano,256.4905,2016,1
16,2016-01-12,Lea Key,Banning,Electra Cruiser 1 (24-Inch) - 2016,Cruisers Bicycles,Electra,2,269.99,0.07,Santa Cruz Bikes,Genna Serrano,502.1814,2016,1
16,2016-01-12,Lea Key,Banning,Electra Girl's Hawaii 1 (16-inch) - 2015/2016,Cruisers Bicycles,Electra,1,269.99,0.07,Santa Cruz Bikes,Genna Serrano,251.0907,2016,1
17,2016-01-12,Sindy Anderson,Pomona,Trek Remedy 29 Carbon Frameset - 2016,Mountain Bikes,Trek,1,1799.99,0.07,Santa Cruz Bikes,Genna Serrano,1673.9906999999998,2016,1
17,2016-01-12,Sindy Anderson,Pomona,Electra Girl's Hawaii 1 (20-inch) - 2015/2016,Children Bicycles,Electra,1,299.99,0.1,Santa Cruz Bikes,Genna Serrano,269.99100000000004,2016,1
17,2016-01-12,Sindy Anderson,Pomona,Heller Shagamaw Frame - 2016,Mountain Bikes,Heller,1,1320.99,0.1,Santa Cruz Bikes,Genna Serrano,1188.891,2016,1
17,2016-01-12,Sindy Anderson,Pomona,Electra Townie Original 7D EQ - Women's - 2016,Cruisers Bicycles,Electra,2,599.99,0.2,Santa Cruz Bikes,Genna Serrano,959.984,2016,1
18,2016-01-14,Lanita Burton,Coachella,Ritchey Timberwolf Frameset - 2016,Mountain Bikes,Ritchey,2,749.99,0.2,Santa Cruz Bikes,Genna Serrano,1199.9840000000002,2016,1
18,2016-01-14,Lanita Burton,Coachella,Electra Girl's Hawaii 1 (16-inch) - 2015/2016,Children Bicycles,Electra,1,269.99,0.05,Santa Cruz Bikes,Genna Serrano,256.4905,2016,1
18,2016-01-14,Lanita Burton,Coachella,Trek Slash 8 27.5 - 2016,Mountain Bikes,Trek,1,3999.99,0.1,Santa Cruz Bikes,Genna Serrano,3599.991,2016,1
18,2016-01-14,Lanita Burton,Coachella,Electra Townie Original 7D - 2015/2016,Comfort Bicycles,Electra,2,499.99,0.05,Santa Cruz Bikes,Genna Serrano,949.981,2016,1
18,2016-01-14,Lanita Burton,Coachella,Trek Conduit+ - 2016,Electric Bikes,Trek,2,2999.99,0.1,Santa Cruz Bikes,Genna Serrano,5399.982,2016,1
19,2016-01-14,Norine Huffman,Encino,Surly Straggler - 2016,Cyclocross Bicycles,Surly,1,1549.0,0.07,Santa Cruz Bikes,Mireya Copeland,1440.57,2016,1
19,2016-01-14,Norine Huffman,Encino,Trek Conduit+ - 2016,Electric Bikes,Trek,2,2999.99,0.2,Santa Cruz Bikes,Mireya Copeland,4799.9839999999995,2016,1
20,2016-01-14,Randee Pitts,Canyon Country,Trek Conduit+ - 2016,Electric Bikes,Trek,1,2999.99,0.07,Santa Cruz Bikes,Mireya Copeland,2789.9907,2016,1
20,2016-01-14,Randee Pitts,Canyon Country,Surly Straggler - 2016,Cyclocross Bicycles,Surly,2,1549.0,0.07,Santa Cruz Bikes,Mireya Copeland,2881.14,2016,1
21,2016-01-15,Neoma Daugherty,Mount Vernon,Electra Girl's Hawaii 1 (16-inch) - 2015/2016,Cruisers Bicycles,Electra,1,269.99,0.05,Baldwin Bikes,Marcelene Boyer,256.4905,2016,1
21,2016-01-15,Neoma Daugherty,Mount Vernon,Pure Cycles Vine 8-Speed - 2016,Cruisers Bicycles,Pure Cycles,1,429.0,0.1,Baldwin Bikes,Marcelene Boyer,386.1,2016,1
21,2016-01-15,Neoma Daugherty,Mount Vernon,Surly Straggler - 2016,Cyclocross Bicycles,Surly,1,1549.0,0.07,Baldwin Bikes,Marcelene Boyer,1440.57,2016,1
22,2016-01-16,Tangela Hurley,Campbell,Electra Moto 1 - 2016,Cruisers Bicycles,Electra,2,529.99,0.2,Santa Cruz Bikes,Mireya Copeland,847.984,2016,1
22,2016-01-16,Tangela Hurley,Campbell,Electra Girl's Hawaii 1 (16-inch) - 2015/2016,Children Bicycles,Electra,1,269.99,0.05,Santa Cruz Bikes,Mireya Copeland,256.4905,2016,1
23,2016-01-16,Drucilla Gilliam,Santa Clara,Trek Fuel EX 8 29 - 2016,Mountain Bikes,Trek,2,2899.99,0.05,Santa Cruz Bikes,Mireya Copeland,5509.981,2016,1
23,2016-01-16,Drucilla Gilliam,Santa Clara,Electra Girl's Hawaii 1 (20-inch) - 2015/2016,Children Bicycles,Electra,2,299.99,0.1,Santa Cruz Bikes,Mireya Copeland,539.9820000000001,2016,1
23,2016-01-16,Drucilla Gilliam,Santa Clara,Electra Cruiser 1 (24-Inch) - 2016,Cruisers Bicycles,Electra,1,269.99,0.2,Santa Cruz Bikes,Mireya Copeland,215.99200000000002,2016,1
24,2016-01-18,Ashton Lott,Floral Park,Surly Wednesday Frameset - 2016,Mountain Bikes,Surly,2,999.99,0.1,Baldwin Bikes,Venita Daniel,1799.982,2016,1
24,2016-01-18,Ashton Lott,Floral Park,Pure Cycles Western 3-Speed - Women's - 2015/2016,Cruisers Bicycles,Pure Cycles,2,449.0,0.07,Baldwin Bikes,Venita Daniel,835.14,2016,1
25,2016-01-18,Sam Lester,Baldwin,Electra Girl's Hawaii 1 (20-inch) - 2015/2016,Children Bicycles,Electra,2,299.99,0.2,Baldwin Bikes,Marcelene Boyer,479.98400000000004,2016,1
25,2016-01-18,Sam Lester,Baldwin,Surly Straggler - 2016,Cyclocross Bicycles,Surly,2,1549.0,0.2,Baldwin Bikes,Marcelene Boyer,2478.4,2016,1
25,2016-01-18,Sam Lester,Baldwin,Electra Girl's Hawaii 1 (16-inch) - 2015/2016,Children Bicycles,Electra,1,269.99,0.2,Baldwin Bikes,Marcelene Boyer,215.99200000000002,2016,1
25,2016-01-18,Sam Lester,Baldwin,Electra Girl's Hawaii 1 (16-inch) - 2015/2016,Cruisers Bicycles,Electra,1,269.99,0.2,Baldwin Bikes,Marcelene Boyer,215.99200000000002,2016,1
25,2016-01-18,Sam Lester,Baldwin,Electra Cruiser 1 (24-Inch) - 2016,Children Bicycles,Electra,1,269.99,0.1,Baldwin Bikes,Marcelene Boyer,242.991,2016,1
26,2016-01-18,Jackeline Colon,Wappingers Falls,Trek Slash 8 27.5 - 2016,Mountain Bikes,Trek,1,3999.99,0.05,Baldwin Bikes,Venita Daniel,3799.9904999999994,2016,1
26,2016-01-18,Jackeline Colon,Wappingers Falls,Ritchey Timberwolf Frameset - 2016,Mountain Bikes,Ritchey,1,749.99,0.2,Baldwin Bikes,Venita Daniel,599.9920000000001,2016,1
26,2016-01-18,Jackeline Colon,Wappingers Falls,Electra Townie Original 21D - 2016,Cruisers Bicycles,Electra,1,549.99,0.2,Baldwin Bikes,Venita Daniel,439.992,2016,1
26,2016-01-18,Jackeline Colon,Wappingers Falls,Electra Cruiser 1 (24-Inch) - 2016,Children Bicycles,Electra,2,269.99,0.07,Baldwin Bikes,Venita Daniel,502.1814,2016,1
27,2016-01-19,Pamala Henry,Bronx,Heller Shagamaw Frame - 2016,Mountain Bikes,Heller,1,1320.99,0.2,Baldwin Bikes,Venita Daniel,1056.7920000000001,2016,1
27,2016-01-19,Pamala Henry,Bronx,Pure Cycles William 3-Speed - 2016,Cruisers Bicycles,Pure Cycles,1,449.0,0.2,Baldwin Bikes,Venita Daniel,359.20000000000005,2016,1
27,2016-01-19,Pamala Henry,Bronx,Electra Townie Original 7D EQ - 2016,Comfort Bicycles,Electra,2,599.99,0.07,Baldwin Bikes,Venita Daniel,1115.9814,2016,1
27,2016-01-19,Pamala Henry,Bronx,Trek Remedy 29 Carbon Frameset - 2016,Mountain Bikes,Trek,1,1799.99,0.07,Baldwin Bikes,Venita Daniel,1673.9906999999998,2016,1
28,2016-01-19,Eleni Gordon,Richmond Hill,Heller Shagamaw Frame - 2016,Mountain Bikes,Heller,1,1320.99,0.05,Baldwin Bikes,Marcelene Boyer,1254.9405,2016,1
28,2016-01-19,Eleni Gordon,Richmond Hill,Trek Slash 8 27.5 - 2016,Mountain Bikes,Trek,2,3999.99,0.2,Baldwin Bikes,Marcelene Boyer,6399.984,2016,1
28,2016-01-19,Eleni Gordon,Richmond Hill,Electra Girl's Hawaii 1 (16-inch) - 2015/2016,Cruisers Bicycles,Electra,2,269.99,0.1,Baldwin Bikes,Marcelene Boyer,485.982,2016,1
28,2016-01-19,Eleni Gordon,Richmond Hill,Surly Ice Cream Truck Frameset - 2016,Mountain Bikes,Surly,1,469.99,0.05,Baldwin Bikes,Marcelene Boyer,446.4905,2016,1
29,2016-01-20,Laureen Barry,Orchard Park,Electra Townie Original 21D - 2016,Comfort Bicycles,Electra,2,549.99,0.05,Baldwin Bikes,Marcelene Boyer,1044.981,2016,1
29,2016-01-20,Laureen Barry,Orchard Park,Surly Ice Cream Truck Frameset - 2016,Mountain Bikes,Surly,1,469.99,0.2,Baldwin Bikes,Marcelene Boyer,375.992,2016,1
29,2016-01-20,Laureen Barry,Orchard Park,Electra Cruiser 1 (24-Inch) - 2016,Children Bicycles,Electra,2,269.99,0.1,Baldwin Bikes,Marcelene Boyer,485.982,2016,1
29,2016-01-20,Laureen Barry,Orchard Park,Trek Remedy 29 Carbon Frameset - 2016,Mountain Bikes,Trek,1,1799.99,0.2,Baldwin Bikes,Marcelene Boyer,1439.9920000000002,2016,1
29,2016-01-20,Laureen Barry,Orchard Park,Electra Girl's Hawaii 1 (16-inch) - 2015/2016,Cruisers Bicycles,Electra,2,269.99,0.05,Baldwin Bikes,Marcelene Boyer,512.981,2016,1
30,2016-01-20,Yvone Guerrero,Merrick,Electra Townie Original 7D EQ - 2016,Comfort Bicycles,Electra,1,599.99,0.05,Baldwin Bikes,Marcelene Boyer,569.9905,2016,1
30,2016-01-20,Yvone Guerrero,Merrick,Pure Cycles Vine 8-Speed - 2016,Cruisers Bicycles,Pure Cycles,1,429.0,0.07,Baldwin Bikes,Marcelene Boyer,398.96999999999997,2016,1
30,2016-01-20,Yvone Guerrero,Merrick,Pure Cycles William 3-Speed - 2016,Cruisers Bicycles,Pure Cycles,1,449.0,0.1,Baldwin Bikes,Marcelene Boyer,404.1,2016,1
30,2016-01-20,Yvone Guerrero,Merrick,Trek Fuel EX 8 29 - 2016,Mountain Bikes,Trek,1,2899.99,0.1,Baldwin Bikes,Marcelene Boyer,2609.991,2016,1
30,2016-01-20,Yvone Guerrero,Merrick,Trek Slash 8 27.5 - 2016,Mountain Bikes,Trek,2,3999.99,0.1,Baldwin Bikes,Marcelene Boyer,7199.982,2016,1
31,2016-01-20,Edgar Quinn,Harlingen,Surly Straggler 650b - 2016,Cyclocross Bicycles,Surly,2,1680.99,0.05,Rowlett Bikes,Kali Vargas,3193.881,2016,1
31,2016-01-20,Edgar Quinn,Harlingen,Trek Conduit+ - 2016,Electric Bikes,Trek,2,2999.99,0.2,Rowlett Bikes,Kali Vargas,4799.9839999999995,2016,1
32,2016-01-21,Kimbery Nieves,San Carlos,Trek Remedy 29 Carbon Frameset - 2016,Mountain Bikes,Trek,2,1799.99,0.07,Santa Cruz Bikes,Genna Serrano,3347.9813999999997,2016,1
32,2016-01-21,Kimbery Nieves,San Carlos,Electra Townie Original 21D - 2016,Cruisers Bicycles,Electra,2,549.99,0.07,Santa Cruz Bikes,Genna Serrano,1022.9813999999999,2016,1
32,2016-01-21,Kimbery Nieves,San Carlos,Electra Townie Original 7D - 2015/2016,Comfort Bicycles,Electra,2,499.99,0.1,Santa Cruz Bikes,Genna Serrano,899.9820000000001,2016,1
33,2016-01-21,Verona O'neill,Selden,Electra Girl's Hawaii 1 (20-inch) - 2015/2016,Children Bicycles,Electra,2,299.99,0.07,Baldwin Bikes,Marcelene Boyer,557.9814,2016,1
33,2016-01-21,Verona O'neill,Selden,Trek Slash 8 27.5 - 2016,Mountain Bikes,Trek,1,3999.99,0.1,Baldwin Bikes,Marcelene Boyer,3599.991,2016,1
34,2016-01-22,Sarai Mckee,Buffalo,Trek Remedy 29 Carbon Frameset - 2016,Mountain Bikes,Trek,2,1799.99,0.07,Baldwin Bikes,Marcelene Boyer,3347.9813999999997,2016,1
34,2016-01-22,Sarai Mckee,Buffalo,Surly Straggler - 2016,Cyclocross Bicycles,Surly,2,1549.0,0.1,Baldwin Bikes,Marcelene Boyer,2788.2000000000003,2016,1
34,2016-01-22,Sarai Mckee,Buffalo,Pure Cycles Vine 8-Speed - 2016,Cruisers Bicycles,Pure Cycles,2,429.0,0.2,Baldwin Bikes,Marcelene Boyer,686.4000000000001,2016,1
35,2016-01-22,Neville Mcclain,West Hempstead,Pure Cycles Western 3-Speed - Women's - 2015/2016,Cruisers Bicycles,Pure Cycles,1,449.0,0.05,Baldwin Bikes,Venita Daniel,426.54999999999995,2016,1
35,2016-01-22,Neville Mcclain,West Hempstead,Electra Townie Original 7D EQ - Women's - 2016,Cruisers Bicycles,Electra,2,599.99,0.05,Baldwin Bikes,Venita Daniel,1139.981,2016,1
35,2016-01-22,Neville Mcclain,West Hempstead,Heller Shagamaw Frame - 2016,Mountain Bikes,Heller,1,1320.99,0.2,Baldwin Bikes,Venita Daniel,1056.7920000000001,2016,1
35,2016-01-22,Neville Mcclain,West Hempstead,Electra Cruiser 1 (24-Inch) - 2016,Children Bicycles,Electra,2,269.99,0.07,Baldwin Bikes,Venita Daniel,502.1814,2016,1
35,2016-01-22,Neville Mcclain,West Hempstead,Electra Girl's Hawaii 1 (16-inch) - 2015/2016,Children Bicycles,Electra,1,269.99,0.07,Baldwin Bikes,Venita Daniel,251.0907,2016,1
36,2016-01-23,Shantel Gregory,West Islip,Trek Conduit+ - 2016,Electric Bikes,Trek,1,2999.99,0.07,Baldwin Bikes,Marcelene Boyer,2789.9907,2016,1
36,2016-01-23,Shantel Gregory,West Islip,Heller Shagamaw Frame - 2016,Mountain Bikes,Heller,1,1320.99,0.05,Baldwin Bikes,Marcelene Boyer,1254.9405,2016,1
36,2016-01-23,Shantel Gregory,West Islip,Surly Wednesday Frameset - 2016,Mountain Bikes,Surly,2,999.99,0.2,Baldwin Bikes,Marcelene Boyer,1599.9840000000002,2016,1
37,2016-01-25,Tomika Larson,Woodside,Electra Townie Original 7D EQ - 2016,Cruisers Bicycles,Electra,2,599.99,0.05,Baldwin Bikes,Marcelene Boyer,1139.981,2016,1
38,2016-01-25,Lashandra Turner,Long Beach,Trek Slash 8 27.5 - 2016,Mountain Bikes,Trek,2,3999.99,0.05,Baldwin Bikes,Venita Daniel,7599.980999999999,2016,1
38,2016-01-25,Lashandra Turner,Long Beach,Electra Girl's Hawaii 1 (20-inch) - 2015/2016,Children Bicycles,Electra,1,299.99,0.07,Baldwin Bikes,Venita Daniel,278.9907,2016,1
38,2016-01-25,Lashandra Turner,Long Beach,Electra Townie Original 7D - 2015/2016,Comfort Bicycles,Electra,1,499.99,0.2,Baldwin Bikes,Venita Daniel,399.992,2016,1
38,2016-01-25,Lashandra Turner,Long Beach,Surly Straggler - 2016,Cyclocross Bicycles,Surly,2,1549.0,0.1,Baldwin Bikes,Venita Daniel,2788.2000000000003,2016,1
38,2016-01-25,Lashandra Turner,Long Beach,Electra Townie Original 21D - 2016,Comfort Bicycles,Electra,1,549.99,0.07,Baldwin Bikes,Venita Daniel,511.49069999999995,2016,1
39,2016-01-25,Travis Whitley,Saint Albans,Electra Girl's Hawaii 1 (16-inch) - 2015/2016,Children Bicycles,Electra,2,269.99,0.2,Baldwin Bikes,Venita Daniel,431.98400000000004,2016,1
39,2016-01-25,Travis Whitley,Saint Albans,Electra Townie Original 7D EQ - 2016,Cruisers Bicycles,Electra,2,599.99,0.2,Baldwin Bikes,Venita Daniel,959.984,2016,1
39,2016-01-25,Travis Whitley,Saint Albans,Surly Wednesday Frameset - 2016,Mountain Bikes,Surly,2,999.99,0.05,Baldwin Bikes,Venita Daniel,1899.981,2016,1
39,2016-01-25,Travis Whitley,Saint Albans,Electra Moto 1 - 2016,Cruisers Bicycles,Electra,1,529.99,0.1,Baldwin Bikes,Venita Daniel,476.99100000000004,2016,1
40,2016-01-27,Darren Witt,Coachella,Pure Cycles Vine 8-Speed - 2016,Cruisers Bicycles,Pure Cycles,1,429.0,0.2,Santa Cruz Bikes,Genna Serrano,343.20000000000005,2016,1
40,2016-01-27,Darren Witt,Coachella,Trek Remedy 29 Carbon Frameset - 2016,Mountain Bikes,Trek,2,1799.99,0.2,Santa Cruz Bikes,Genna Serrano,2879.9840000000004,2016,1
41,2016-01-27,Ingeborg Ellison,Ithaca,Heller Shagamaw Frame - 2016,Mountain Bikes,Heller,1,1320.99,0.1,Baldwin Bikes,Marcelene Boyer,1188.891,2016,1
41,2016-01-27,Ingeborg Ellison,Ithaca,Pure Cycles William 3-Speed - 2016,Cruisers Bicycles,Pure Cycles,2,449.0,0.2,Baldwin Bikes,Marcelene Boyer,718.4000000000001,2016,1
41,2016-01-27,Ingeborg Ellison,Ithaca,Electra Townie Original 7D EQ - 2016,Comfort Bicycles,Electra,2,599.99,0.2,Baldwin Bikes,Marcelene Boyer,959.984,2016,1
42,2016-01-27,Corene Swanson,Rego Park,Pure Cycles William 3-Speed - 2016,Cruisers Bicycles,Pure Cycles,1,449.0,0.05,Baldwin Bikes,Venita Daniel,426.54999999999995,2016,1
43,2016-01-27,Elana Miles,Liverpool,Electra Cruiser 1 (24-Inch) - 2016,Cruisers Bicycles,Electra,2,269.99,0.1,Baldwin Bikes,Venita Daniel,485.982,2016,1
43,2016-01-27,Elana Miles,Liverpool,Electra Townie Original 21D - 2016,Cruisers Bicycles,Electra,2,549.99,0.05,Baldwin Bikes,Venita Daniel,1044.981,2016,1
44,2016-01-28,Olympia Figueroa,Hopewell Junction,Trek Slash 8 27.5 - 2016,Mountain Bikes,Trek,1,3999.99,0.1,Baldwin Bikes,Venita Daniel,3599.991,2016,1
44,2016-01-28,Olympia Figueroa,Hopewell Junction,Electra Townie Original 7D EQ - 2016,Cruisers Bicycles,Electra,1,599.99,0.05,Baldwin Bikes,Venita Daniel,569.9905,2016,1
45,2016-01-28,Carissa Cross,Huntington Station,Trek Fuel EX 8 29 - 2016,Mountain Bikes,Trek,2,2899.99,0.2,Baldwin Bikes,Venita Daniel,4639.9839999999995,2016,1
45,2016-01-28,Carissa Cross,Huntington Station,Electra Girl's Hawaii 1 (16-inch) - 2015/2016,Children Bicycles,Electra,1,269.99,0.07,Baldwin Bikes,Venita Daniel,251.0907,2016,1
45,2016-01-28,Carissa Cross,Huntington Station,Electra Cruiser 1 (24-Inch) - 2016,Children Bicycles,Electra,2,269.99,0.05,Baldwin Bikes,Venita Daniel,512.981,2016,1
46,2016-01-29,Eldridge Greer,Central Islip,Pure Cycles Vine 8-Speed - 2016,Cruisers Bicycles,Pure Cycles,1,429.0,0.1,Baldwin Bikes,Venita Daniel,386.1,2016,1
47,2016-01-29,Joshua Berg,Ossining,Surly Ice Cream Truck Frameset - 2016,Mountain Bikes,Surly,1,469.99,0.05,Baldwin Bikes,Venita Daniel,446.4905,2016,1
47,2016-01-29,Joshua Berg,Ossining,Electra Moto 1 - 2016,Cruisers Bicycles,Electra,1,529.99,0.1,Baldwin Bikes,Venita Daniel,476.99100000000004,2016,1
47,2016-01-29,Joshua Berg,Ossining,Electra Townie Original 7D - 2015/2016,Comfort Bicycles,Electra,2,499.99,0.07,Baldwin Bikes,Venita Daniel,929.9814,2016,1
47,2016-01-29,Joshua Berg,Ossining,Electra Cruiser 1 (24-Inch) - 2016,Cruisers Bicycles,Electra,1,269.99,0.2,Baldwin Bikes,Venita Daniel,215.99200000000002,2016,1
48,2016-01-30,Josephine Dale,Baldwinsville,Surly Straggler 650b - 2016,Cyclocross Bicycles,Surly,1,1680.99,0.1,Baldwin Bikes,Venita Daniel,1512.891,2016,1
48,2016-01-30,Josephine Dale,Baldwinsville,Trek Fuel EX 8 29 - 2016,Mountain Bikes,Trek,1,2899.99,0.2,Baldwin Bikes,Venita Daniel,2319.9919999999997,2016,1
48,2016-01-30,Josephine Dale,Baldwinsville,Heller Shagamaw Frame - 2016,Mountain Bikes,Heller,2,1320.99,0.1,Baldwin Bikes,Venita Daniel,2377.782,2016,1
48,2016-01-30,Josephine Dale,Baldwinsville,Electra Girl's Hawaii 1 (16-inch) - 2015/2016,Cruisers Bicycles,Electra,2,269.99,0.07,Baldwin Bikes,Venita Daniel,502.1814,2016,1
49,2016-01-31,Taisha Vang,Shirley,Electra Cruiser 1 (24-Inch) - 2016,Cruisers Bicycles,Electra,2,269.99,0.07,Baldwin Bikes,Marcelene Boyer,502.1814,2016,1
50,2016-01-31,Silas Tate,Corpus Christi,Surly Wednesday Frameset - 2016,Mountain Bikes,Surly,1,999.99,0.05,Rowlett Bikes,Kali Vargas,949.9905,2016,1
50,2016-01-31,Silas Tate,Corpus Christi,Electra Townie Original 7D EQ - 2016,Comfort Bicycles,Electra,2,599.99,0.07,Rowlett Bikes,Kali Vargas,1115.9814,2016,1
50,2016-01-31,Silas Tate,Corpus Christi,Electra Cruiser 1 (24-Inch) - 2016,Cruisers Bicycles,Electra,2,269.99,0.2,Rowlett Bikes,Kali Vargas,431.98400000000004,2016,1
51,2016-02-01,Jamaal Baker,Elmhurst,Electra Cruiser 1 (24-Inch) - 2016,Cruisers Bicycles,Electra,1,269.99,0.05,Baldwin Bikes,Venita Daniel,256.4905,2016,2
51,2016-02-01,Jamaal Baker,Elmhurst,Electra Townie Original 7D EQ - Women's - 2016,Cruisers Bicycles,Electra,1,599.99,0.05,Baldwin Bikes,Venita Daniel,569.9905,2016,2
51,2016-02-01,Jamaal Baker,Elmhurst,Electra Townie Original 7D EQ - 2016,Comfort Bicycles,Electra,2,599.99,0.2,Baldwin Bikes,Venita Daniel,959.984,2016,2
52,2016-02-03,Twana Arnold,Anaheim,Electra Townie Original 7D - 2015/2016,Comfort Bicycles,Electra,1,499.99,0.07,Santa Cruz Bikes,Mireya Copeland,464.9907,2016,2
53,2016-02-03,Margit Osborn,Plainview,Trek Remedy 29 Carbon Frameset - 2016,Mountain Bikes,Trek,2,1799.99,0.2,Baldwin Bikes,Marcelene Boyer,2879.9840000000004,2016,2
53,2016-02-03,Margit Osborn,Plainview,Electra Girl's Hawaii 1 (20-inch) - 2015/2016,Children Bicycles,Electra,2,299.99,0.05,Baldwin Bikes,Marcelene Boyer,569.981,2016,2
53,2016-02-03,Margit Osborn,Plainview,Electra Girl's Hawaii 1 (16-inch) - 2015/2016,Cruisers Bicycles,Electra,2,269.99,0.2,Baldwin Bikes,Marcelene Boyer,431.98400000000004,2016,2
53,2016-02-03,Margit Osborn,Plainview,Electra Townie Original 7D - 2015/2016,Comfort Bicycles,Electra,2,499.99,0.1,Baldwin Bikes,Marcelene Boyer,899.9820000000001,2016,2
54,2016-02-04,Inge Olsen,Long Beach,Electra Townie Original 7D EQ - 2016,Comfort Bicycles,Electra,2,599.99,0.2,Baldwin Bikes,Venita Daniel,959.984,2016,2
54,2016-02-04,Inge Olsen,Long Beach,Surly Wednesday Frameset - 2016,Mountain Bikes,Surly,1,999.99,0.2,Baldwin Bikes,Venita Daniel,799.9920000000001,2016,2
55,2016-02-04,Chanel May,Garden City,Electra Cruiser 1 (24-Inch) - 2016,Children Bicycles,Electra,1,269.99,0.05,Baldwin Bikes,Marcelene Boyer,256.4905,2016,2
55,2016-02-04,Chanel May,Garden City,Electra Townie Original 7D - 2015/2016,Comfort Bicycles,Electra,2,499.99,0.2,Baldwin Bikes,Marcelene Boyer,799.984,2016,2
55,2016-02-04,Chanel May,Garden City,Electra Moto 1 - 2016,Cruisers Bicycles,Electra,2,529.99,0.2,Baldwin Bikes,Marcelene Boyer,847.984,2016,2
56,2016-02-04,Nathaniel Davidson,Rome,Electra Townie Original 7D EQ - Women's - 2016,Cruisers Bicycles,Electra,2,599.99,0.07,Baldwin Bikes,Marcelene Boyer,1115.9814,2016,2
57,2016-02-04,Dalia Carson,Rochester,Electra Girl's Hawaii 1 (20-inch) - 2015/2016,Children Bicycles,Electra,2,299.99,0.1,Baldwin Bikes,Venita Daniel,539.9820000000001,2016,2
57,2016-02-04,Dalia Carson,Rochester,Pure Cycles William 3-Speed - 2016,Cruisers Bicycles,Pure Cycles,2,449.0,0.2,Baldwin Bikes,Venita Daniel,718.4000000000001,2016,2
57,2016-02-04,Dalia Carson,Rochester,Electra Cruiser 1 (24-Inch) - 2016,Cruisers Bicycles,Electra,1,269.99,0.07,Baldwin Bikes,Venita Daniel,251.0907,2016,2
58,2016-02-05,Tiana Henderson,Franklin Square,Electra Girl's Hawaii 1 (16-inch) - 2015/2016,Cruisers Bicycles,Electra,2,269.99,0.05,Baldwin Bikes,Marcelene Boyer,512.981,2016,2
58,2016-02-05,Tiana Henderson,Franklin Square,Pure Cycles Western 3-Speed - Women's - 2015/2016,Cruisers Bicycles,Pure Cycles,1,449.0,0.07,Baldwin Bikes,Marcelene Boyer,417.57,2016,2
58,2016-02-05,Tiana Henderson,Franklin Square,Electra Girl's Hawaii 1 (20-inch) - 2015/2016,Children Bicycles,Electra,1,299.99,0.1,Baldwin Bikes,Marcelene Boyer,269.99100000000004,2016,2
59,2016-02-05,Rodney Odom,Richmond Hill,Electra Cruiser 1 (24-Inch) - 2016,Children Bicycles,Electra,1,269.99,0.05,Baldwin Bikes,Venita Daniel,256.4905,2016,2
59,2016-02-05,Rodney Odom,Richmond Hill,Ritchey Timberwolf Frameset - 2016,Mountain Bikes,Ritchey,1,749.99,0.1,Baldwin Bikes,Venita Daniel,674.991,2016,2
59,2016-02-05,Rodney Odom,Richmond Hill,Pure Cycles Vine 8-Speed - 2016,Cruisers Bicycles,Pure Cycles,2,429.0,0.1,Baldwin Bikes,Venita Daniel,772.2,2016,2
60,2016-02-06,Joesph Delacruz,Atwater,Electra Girl's Hawaii 1 (16-inch) - 2015/2016,Cruisers Bicycles,Electra,2,269.99,0.05,Santa Cruz Bikes,Genna Serrano,512.981,2016,2
60,2016-02-06,Joesph Delacruz,Atwater,Trek Fuel EX 8 29 - 2016,Mountain Bikes,Trek,1,2899.99,0.1,Santa Cruz Bikes,Genna Serrano,2609.991,2016,2
60,2016-02-06,Joesph Delacruz,Atwater,Electra Moto 1 - 2016,Cruisers Bicycles,Electra,1,529.99,0.07,Santa Cruz Bikes,Genna Serrano,492.8907,2016,2
60,2016-02-06,Joesph Delacruz,Atwater,Electra Girl's Hawaii 1 (16-inch) - 2015/2016,Children Bicycles,Electra,1,269.99,0.2,Santa Cruz Bikes,Genna Serrano,215.99200000000002,2016,2
61,2016-02-06,Mark Garrett,Monroe,Electra Townie Original 7D - 2015/2016,Comfort Bicycles,Electra,1,499.99,0.1,Baldwin Bikes,Venita Daniel,449.99100000000004,2016,2
61,2016-02-06,Mark Garrett,Monroe,Electra Moto 1 - 2016,Cruisers Bicycles,Electra,2,529.99,0.05,Baldwin Bikes,Venita Daniel,1006.981,2016,2
61,2016-02-06,Mark Garrett,Monroe,Heller Shagamaw Frame - 2016,Mountain Bikes,Heller,2,1320.99,0.2,Baldwin Bikes,Venita Daniel,2113.5840000000003,2016,2
62,2016-02-07,Denis Logan,Ridgecrest,Electra Girl's Hawaii 1 (16-inch) - 2015/2016,Cruisers Bicycles,Electra,1,269.99,0.07,Santa Cruz Bikes,Mireya Copeland,251.0907,2016,2
62,2016-02-07,Denis Logan,Ridgecrest,Trek Remedy 29 Carbon Frameset - 2016,Mountain Bikes,Trek,2,1799.99,0.1,Santa Cruz Bikes,Mireya Copeland,3239.982,2016,2
62,2016-02-07,Denis Logan,Ridgecrest,Electra Girl's Hawaii 1 (16-inch) - 2015/2016,Children Bicycles,Electra,2,269.99,0.1,Santa Cruz Bikes,Mireya Copeland,485.982,2016,2
63,2016-02-07,Dann Huff,Huntington Station,Electra Townie Original 7D - 2015/2016,Comfort Bicycles,Electra,2,499.99,0.1,Baldwin Bikes,Venita Daniel,899.9820000000001,2016,2
63,2016-02-07,Dann Huff,Huntington Station,Pure Cycles William 3-Speed - 2016,Cruisers Bicycles,Pure Cycles,2,449.0,0.05,Baldwin Bikes,Venita Daniel,853.0999999999999,2016,2
63,2016-02-07,Dann Huff,Huntington Station,Surly Wednesday Frameset - 2016,Mountain Bikes,Surly,1,999.99,0.1,Baldwin Bikes,Venita Daniel,899.991,2016,2
64,2016-02-07,Corine Stuart,Clifton Park,Electra Townie Original 7D - 2015/2016,Comfort Bicycles,Electra,2,499.99,0.1,Baldwin Bikes,Marcelene Boyer,899.9820000000001,2016,2
64,2016-02-07,Corine Stuart,Clifton Park,Electra Girl's Hawaii 1 (16-inch) - 2015/2016,Children Bicycles,Electra,2,269.99,0.2,Baldwin Bikes,Marcelene Boyer,431.98400000000004,2016,2
64,2016-02-07,Corine Stuart,Clifton Park,Electra Girl's Hawaii 1 (20-inch) - 2015/2016,Children Bicycles,Electra,2,299.99,0.2,Baldwin Bikes,Marcelene Boyer,479.98400000000004,2016,2
64,2016-02-07,Corine Stuart,Clifton Park,Electra Townie Original 21D - 2016,Comfort Bicycles,Electra,2,549.99,0.1,Baldwin Bikes,Marcelene Boyer,989.9820000000001,2016,2
65,2016-02-08,Serafina Clemons,Shirley,Electra Townie Original 21D - 2016,Cruisers Bicycles,Electra,1,549.99,0.1,Baldwin Bikes,Marcelene Boyer,494.99100000000004,2016,2
66,2016-02-09,Susannah Fields,Far Rockaway,Ritchey Timberwolf Frameset - 2016,Mountain Bikes,Ritchey,1,749.99,0.2,Baldwin Bikes,Venita Daniel,599.9920000000001,2016,2
66,2016-02-09,Susannah Fields,Far Rockaway,Electra Girl's Hawaii 1 (20-inch) - 2015/2016,Children Bicycles,Electra,1,299.99,0.07,Baldwin Bikes,Venita Daniel,278.9907,2016,2
66,2016-02-09,Susannah Fields,Far Rockaway,Electra Townie Original 21D - 2016,Cruisers Bicycles,Electra,1,549.99,0.07,Baldwin Bikes,Venita Daniel,511.49069999999995,2016,2
67,2016-02-09,Lazaro Moran,Sugar Land,Electra Girl's Hawaii 1 (20-inch) - 2015/2016,Children Bicycles,Electra,2,299.99,0.2,Rowlett Bikes,Kali Vargas,479.98400000000004,2016,2
67,2016-02-09,Lazaro Moran,Sugar Land,Electra Townie Original 21D - 2016,Cruisers Bicycles,Electra,2,549.99,0.1,Rowlett Bikes,Kali Vargas,989.9820000000001,2016,2
67,2016-02-09,Lazaro Moran,Sugar Land,Electra Cruiser 1 (24-Inch) - 2016,Children Bicycles,Electra,1,269.99,0.2,Rowlett Bikes,Kali Vargas,215.99200000000002,2016,2
67,2016-02-09,Lazaro Moran,Sugar Land,Heller Shagamaw Frame - 2016,Mountain Bikes,Heller,2,1320.99,0.1,Rowlett Bikes,Kali Vargas,2377.782,2016,2
67,2016-02-09,Lazaro Moran,Sugar Land,Pure Cycles William 3-Speed - 2016,Cruisers Bicycles,Pure Cycles,1,449.0,0.2,Rowlett Bikes,Kali Vargas,359.20000000000005,2016,2
68,2016-02-10,Kristen Alvarez,Bronx,Electra Cruiser 1 (24-Inch) - 2016,Cruisers Bicycles,Electra,2,269.99,0.07,Baldwin Bikes,Marcelene Boyer,502.1814,2016,2
68,2016-02-10,Kristen Alvarez,Bronx,Pure Cycles Vine 8-Speed - 2016,Cruisers Bicycles,Pure Cycles,1,429.0,0.1,Baldwin Bikes,Marcelene Boyer,386.1,2016,2
69,2016-02-10,Ophelia Decker,New Windsor,Electra Girl's Hawaii 1 (16-inch) - 2015/2016,Children Bicycles,Electra,2,269.99,0.1,Baldwin Bikes,Venita Daniel,485.982,2016,2
69,2016-02-10,Ophelia Decker,New Windsor,Heller Shagamaw Frame - 2016,Mountain Bikes,Heller,1,1320.99,0.2,Baldwin Bikes,Venita Daniel,1056.7920000000001,2016,2
69,2016-02-10,Ophelia Decker,New Windsor,Surly Straggler - 2016,Cyclocross Bicycles,Surly,1,1549.0,0.05,Baldwin Bikes,Venita Daniel,1471.55,2016,2
70,2016-02-11,Cleotilde Booth,Sugar Land,Surly Wednesday Frameset - 2016,Mountain Bikes,Surly,2,999.99,0.05,Rowlett Bikes,Layla Terrell,1899.981,2016,2
70,2016-02-11,Cleotilde Booth,Sugar Land,Pure Cycles Western 3-Speed - Women's - 2015/2016,Cruisers Bicycles,Pure Cycles,1,449.0,0.2,Rowlett Bikes,Layla Terrell,359.20000000000005,2016,2
70,2016-02-11,Cleotilde Booth,Sugar Land,Electra Townie Original 7D EQ - Women's - 2016,Cruisers Bicycles,Electra,1,599.99,0.05,Rowlett Bikes,Layla Terrell,569.9905,2016,2
71,2016-02-11,Cathey Lamb,Bayside,Electra Townie Original 7D EQ - 2016,Comfort Bicycles,Electra,2,599.99,0.05,Baldwin Bikes,Venita Daniel,1139.981,2016,2
71,2016-02-11,Cathey Lamb,Bayside,Electra Townie Original 21D - 2016,Comfort Bicycles,Electra,1,549.99,0.2,Baldwin Bikes,Venita Daniel,439.992,2016,2
71,2016-02-11,Cathey Lamb,Bayside,Pure Cycles Western 3-Speed - Women's - 2015/2016,Cruisers Bicycles,Pure Cycles,1,449.0,0.1,Baldwin Bikes,Venita Daniel,404.1,2016,2
72,2016-02-12,Cesar Wilkins,San Diego,Pure Cycles Vine 8-Speed - 2016,Cruisers Bicycles,Pure Cycles,2,429.0,0.07,Santa Cruz Bikes,Mireya Copeland,797.9399999999999,2016,2
72,2016-02-12,Cesar Wilkins,San Diego,Electra Townie Original 21D - 2016,Cruisers Bicycles,Electra,1,549.99,0.05,Santa Cruz Bikes,Mireya Copeland,522.4905,2016,2
72,2016-02-12,Cesar Wilkins,San Diego,Electra Cruiser 1 (24-Inch) - 2016,Cruisers Bicycles,Electra,2,269.99,0.1,Santa Cruz Bikes,Mireya Copeland,485.982,2016,2
73,2016-02-12,Gabriel Wagner,Ballston Spa,Electra Girl's Hawaii 1 (16-inch) - 2015/2016,Children Bicycles,Electra,1,269.99,0.07,Baldwin Bikes,Venita Daniel,251.0907,2016,2
73,2016-02-12,Gabriel Wagner,Ballston Spa,Electra Townie Original 7D EQ - 2016,Comfort Bicycles,Electra,2,599.99,0.05,Baldwin Bikes,Venita Daniel,1139.981,2016,2
73,2016-02-12,Gabriel Wagner,Ballston Spa,Surly Wednesday Frameset - 2016,Mountain Bikes,Surly,2,999.99,0.07,Baldwin Bikes,Venita Daniel,1859.9814,2016,2
73,2016-02-12,Gabriel Wagner,Ballston Spa,Electra Townie Original 7D - 2015/2016,Comfort Bicycles,Electra,1,499.99,0.07,Baldwin Bikes,Venita Daniel,464.9907,2016,2
73,2016-02-12,Gabriel Wagner,Ballston Spa,Electra Girl's Hawaii 1 (20-inch) - 2015/2016,Children Bicycles,Electra,2,299.99,0.2,Baldwin Bikes,Venita Daniel,479.98400000000004,2016,2
74,2016-02-13,Mariela Huffman,Garden City,Electra Townie Original 7D EQ - 2016,Cruisers Bicycles,Electra,2,599.99,0.05,Baldwin Bikes,Venita Daniel,1139.981,2016,2
74,2016-02-13,Mariela Huffman,Garden City,Surly Ice Cream Truck Frameset - 2016,Mountain Bikes,Surly,1,469.99,0.07,Baldwin Bikes,Venita Daniel,437.09069999999997,2016,2
75,2016-02-14,Euna Lopez,Carmel,Surly Wednesday Frameset - 2016,Mountain Bikes,Surly,1,999.99,0.1,Baldwin Bikes,Marcelene Boyer,899.991,2016,2
75,2016-02-14,Euna Lopez,Carmel,Trek Slash 8 27.5 - 2016,Mountain Bikes,Trek,2,3999.99,0.07,Baldwin Bikes,Marcelene Boyer,7439.981399999999,2016,2
75,2016-02-14,Euna Lopez,Carmel,Electra Moto 1 - 2016,Cruisers Bicycles,Electra,1,529.99,0.2,Baldwin Bikes,Marcelene Boyer,423.992,2016,2
76,2016-02-16,Genoveva Baldwin,Port Washington,Electra Townie Original 21D - 2016,Cruisers Bicycles,Electra,1,549.99,0.05,Baldwin Bikes,Marcelene Boyer,522.4905,2016,2
76,2016-02-16,Genoveva Baldwin,Port Washington,Surly Straggler 650b - 2016,Cyclocross Bicycles,Surly,2,1680.99,0.1,Baldwin Bikes,Marcelene Boyer,3025.782,2016,2
76,2016-02-16,Genoveva Baldwin,Port Washington,Heller Shagamaw Frame - 2016,Mountain Bikes,Heller,1,1320.99,0.07,Baldwin Bikes,Marcelene Boyer,1228.5207,2016,2
77,2016-02-16,Rochelle Ward,Glendora,Electra Townie Original 7D EQ - Women's - 2016,Cruisers Bicycles,Electra,1,599.99,0.07,Santa Cruz Bikes,Mireya Copeland,557.9907,2016,2
77,2016-02-16,Rochelle Ward,Glendora,Electra Townie Original 21D - 2016,Comfort Bicycles,Electra,2,549.99,0.1,Santa Cruz Bikes,Mireya Copeland,989.9820000000001,2016,2
77,2016-02-16,Rochelle Ward,Glendora,Electra Townie Original 7D EQ - 2016,Comfort Bicycles,Electra,1,599.99,0.2,Santa Cruz Bikes,Mireya Copeland,479.992,2016,2
77,2016-02-16,Rochelle Ward,Glendora,Electra Townie Original 7D - 2015/2016,Comfort Bicycles,Electra,1,499.99,0.2,Santa Cruz Bikes,Mireya Copeland,399.992,2016,2
78,2016-02-16,Trinidad Chapman,Ronkonkoma,Pure Cycles Vine 8-Speed - 2016,Cruisers Bicycles,Pure Cycles,1,429.0,0.07,Baldwin Bikes,Venita Daniel,398.96999999999997,2016,2
78,2016-02-16,Trinidad Chapman,Ronkonkoma,Pure Cycles William 3-Speed - 2016,Cruisers Bicycles,Pure Cycles,1,449.0,0.2,Baldwin Bikes,Venita Daniel,359.20000000000005,2016,2
78,2016-02-16,Trinidad Chapman,Ronkonkoma,Pure Cycles Western 3-Speed - Women's - 2015/2016,Cruisers Bicycles,Pure Cycles,2,449.0,0.1,Baldwin Bikes,Venita Daniel,808.2,2016,2
78,2016-02-16,Trinidad Chapman,Ronkonkoma,Electra Girl's Hawaii 1 (16-inch) - 2015/2016,Cruisers Bicycles,Electra,2,269.99,0.1,Baldwin Bikes,Venita Daniel,485.982,2016,2
79,2016-02-17,Ellena Clements,Santa Monica,Trek Conduit+ - 2016,Electric Bikes,Trek,2,2999.99,0.1,Santa Cruz Bikes,Genna Serrano,5399.982,2016,2
79,2016-02-17,Ellena Clements,Santa Monica,Pure Cycles Vine 8-Speed - 2016,Cruisers Bicycles,Pure Cycles,2,429.0,0.05,Santa Cruz Bikes,Genna Serrano,815.0999999999999,2016,2
79,2016-02-17,Ellena Clements,Santa Monica,Surly Ice Cream Truck Frameset - 2016,Mountain Bikes,Surly,1,469.99,0.1,Santa Cruz Bikes,Genna Serrano,422.99100000000004,2016,2
79,2016-02-17,Ellena Clements,Santa Monica,Electra Townie Original 7D - 2015/2016,Comfort Bicycles,Electra,2,499.99,0.07,Santa Cruz Bikes,Genna Serrano,929.9814,2016,2
80,2016-02-17,Jeannie Wilcox,Franklin Square,Electra Townie Original 7D EQ - 2016,Comfort Bicycles,Electra,1,599.99,0.1,Baldwin Bikes,Marcelene Boyer,539.991,2016,2
80,2016-02-17,Jeannie Wilcox,Franklin Square,Electra Townie Original 21D - 2016,Comfort Bicycles,Electra,1,549.99,0.1,Baldwin Bikes,Marcelene Boyer,494.99100000000004,2016,2
80,2016-02-17,Jeannie Wilcox,Franklin Square,Pure Cycles Vine 8-Speed - 2016,Cruisers Bicycles,Pure Cycles,1,429.0,0.2,Baldwin Bikes,Marcelene Boyer,343.20000000000005,2016,2
81,2016-02-17,Max Charles,Glen Cove,Surly Straggler - 2016,Cyclocross Bicycles,Surly,2,1549.0,0.2,Baldwin Bikes,Marcelene Boyer,2478.4,2016,2
81,2016-02-17,Max Charles,Glen Cove,Electra Girl's Hawaii 1 (20-inch) - 2015/2016,Children Bicycles,Electra,2,299.99,0.05,Baldwin Bikes,Marcelene Boyer,569.981,2016,2
81,2016-02-17,Max Charles,Glen Cove,Electra Townie Original 7D - 2015/2016,Comfort Bicycles,Electra,2,499.99,0.05,Baldwin Bikes,Marcelene Boyer,949.981,2016,2
82,2016-02-18,Bronwyn Vargas,New Windsor,Electra Townie Original 7D - 2015/2016,Comfort Bicycles,Electra,2,499.99,0.1,Baldwin Bikes,Marcelene Boyer,899.9820000000001,2016,2
82,2016-02-18,Bronwyn Vargas,New Windsor,Surly Straggler 650b - 2016,Cyclocross Bicycles,Surly,2,1680.99,0.2,Baldwin Bikes,Marcelene Boyer,2689.5840000000003,2016,2
83,2016-02-19,Gertrude Terry,Upland,Electra Townie Original 7D EQ - Women's - 2016,Cruisers Bicycles,Electra,1,599.99,0.2,Santa Cruz Bikes,Genna Serrano,479.992,2016,2
83,2016-02-19,Gertrude Terry,Upland,Surly Wednesday Frameset - 2016,Mountain Bikes,Surly,2,999.99,0.05,Santa Cruz Bikes,Genna Serrano,1899.981,2016,2
84,2016-02-20,Christia Wilkins,Woodside,Electra Girl's Hawaii 1 (20-inch) - 2015/2016,Children Bicycles,Electra,2,299.99,0.07,Baldwin Bikes,Venita Daniel,557.9814,2016,2
84,2016-02-20,Christia Wilkins,Woodside,Electra Moto 1 - 2016,Cruisers Bicycles,Electra,2,529.99,0.07,Baldwin Bikes,Venita Daniel,985.7814,2016,2
85,2016-02-20,Aaron Knapp,Yonkers,Trek Fuel EX 8 29 - 2016,Mountain Bikes,Trek,2,2899.99,0.05,Baldwin Bikes,Venita Daniel,5509.981,2016,2
85,2016-02-20,Aaron Knapp,Yonkers,Pure Cycles Western 3-Speed - Women's - 2015/2016,Cruisers Bicycles,Pure Cycles,1,449.0,0.07,Baldwin Bikes,Venita Daniel,417.57,2016,2
86,2016-02-21,Lavette Wright,Ronkonkoma,Trek Conduit+ - 2016,Electric Bikes,Trek,2,2999.99,0.1,Baldwin Bikes,Venita Daniel,5399.982,2016,2
86,2016-02-21,Lavette Wright,Ronkonkoma,Electra Girl's Hawaii 1 (20-inch) - 2015/2016,Children Bicycles,Electra,2,299.99,0.07,Baldwin Bikes,Venita Daniel,557.9814,2016,2
86,2016-02-21,Lavette Wright,Ronkonkoma,Electra Cruiser 1 (24-Inch) - 2016,Children Bicycles,Electra,2,269.99,0.2,Baldwin Bikes,Venita Daniel,431.98400000000004,2016,2
86,2016-02-21,Lavette Wright,Ronkonkoma,Electra Moto 1 - 2016,Cruisers Bicycles,Electra,1,529.99,0.1,Baldwin Bikes,Venita Daniel,476.99100000000004,2016,2
87,2016-02-21,Rosa Kinney,Brooklyn,Electra Townie Original 7D EQ - Women's - 2016,Cruisers Bicycles,Electra,2,599.99,0.2,Baldwin Bikes,Marcelene Boyer,959.984,2016,2
87,2016-02-21,Rosa Kinney,Brooklyn,Electra Girl's Hawaii 1 (20-inch) - 2015/2016,Children Bicycles,Electra,2,299.99,0.1,Baldwin Bikes,Marcelene Boyer,539.9820000000001,2016,2
88,2016-02-21,Rodolfo Buck,Shirley,Surly Straggler - 2016,Cyclocross Bicycles,Surly,1,1549.0,0.07,Baldwin Bikes,Marcelene Boyer,1440.57,2016,2
88,2016-02-21,Rodolfo Buck,Shirley,Trek Remedy 29 Carbon Frameset - 2016,Mountain Bikes,Trek,2,1799.99,0.1,Baldwin Bikes,Marcelene Boyer,3239.982,2016,2
88,2016-02-21,Rodolfo Buck,Shirley,Trek Slash 8 27.5 - 2016,Mountain Bikes,Trek,1,3999.99,0.1,Baldwin Bikes,Marcelene Boyer,3599.991,2016,2
89,2016-02-21,Calandra Stanton,Lake Jackson,Heller Shagamaw Frame - 2016,Mountain Bikes,Heller,1,1320.99,0.05,Rowlett Bikes,Kali Vargas,1254.9405,2016,2
89,2016-02-21,Calandra Stanton,Lake Jackson,Surly Ice Cream Truck Frameset - 2016,Mountain Bikes,Surly,2,469.99,0.1,Rowlett Bikes,Kali Vargas,845.9820000000001,2016,2
90,2016-02-23,Romaine Haley,Ithaca,Surly Wednesday Frameset - 2016,Mountain Bikes,Surly,1,999.99,0.1,Baldwin Bikes,Venita Daniel,899.991,2016,2
90,2016-02-23,Romaine Haley,Ithaca,Surly Ice Cream Truck Frameset - 2016,Mountain Bikes,Surly,1,469.99,0.07,Baldwin Bikes,Venita Daniel,437.09069999999997,2016,2
91,2016-02-25,Catrice Hicks,San Pablo,Surly Straggler 650b - 2016,Cyclocross Bicycles,Surly,1,1680.99,0.1,Santa Cruz Bikes,Mireya Copeland,1512.891,2016,2
91,2016-02-25,Catrice Hicks,San Pablo,Electra Townie Original 7D - 2015/2016,Comfort Bicycles,Electra,1,499.99,0.05,Santa Cruz Bikes,Mireya Copeland,474.9905,2016,2
91,2016-02-25,Catrice Hicks,San Pablo,Electra Moto 1 - 2016,Cruisers Bicycles,Electra,2,529.99,0.07,Santa Cruz Bikes,Mireya Copeland,985.7814,2016,2
91,2016-02-25,Catrice Hicks,San Pablo,Electra Cruiser 1 (24-Inch) - 2016,Cruisers Bicycles,Electra,2,269.99,0.07,Santa Cruz Bikes,Mireya Copeland,502.1814,2016,2
92,2016-02-25,Kimberli Cline,Centereach,Trek Remedy 29 Carbon Frameset - 2016,Mountain Bikes,Trek,1,1799.99,0.1,Baldwin Bikes,Venita Daniel,1619.991,2016,2
93,2016-02-26,Cindie Franklin,Lawndale,Electra Girl's Hawaii 1 (16-inch) - 2015/2016,Children Bicycles,Electra,2,269.99,0.07,Santa Cruz Bikes,Genna Serrano,502.1814,2016,2
93,2016-02-26,Cindie Franklin,Lawndale,Pure Cycles Vine 8-Speed - 2016,Cruisers Bicycles,Pure Cycles,1,429.0,0.05,Santa Cruz Bikes,Genna Serrano,407.54999999999995,2016,2
93,2016-02-26,Cindie Franklin,Lawndale,Electra Cruiser 1 (24-Inch) - 2016,Children Bicycles,Electra,1,269.99,0.1,Santa Cruz Bikes,Genna Serrano,242.991,2016,2
93,2016-02-26,Cindie Franklin,Lawndale,Ritchey Timberwolf Frameset - 2016,Mountain Bikes,Ritchey,1,749.99,0.2,Santa Cruz Bikes,Genna Serrano,599.9920000000001,2016,2
93,2016-02-26,Cindie Franklin,Lawndale,Surly Straggler - 2016,Cyclocross Bicycles,Surly,2,1549.0,0.07,Santa Cruz Bikes,Genna Serrano,2881.14,2016,2
94,2016-02-27,Thurman Ellis,Pleasanton,Electra Townie Original 21D - 2016,Cruisers Bicycles,Electra,1,549.99,0.05,Santa Cruz Bikes,Mireya Copeland,522.4905,2016,2
94,2016-02-27,Thurman Ellis,Pleasanton,Trek Fuel EX 8 29 - 2016,Mountain Bikes,Trek,1,2899.99,0.2,Santa Cruz Bikes,Mireya Copeland,2319.9919999999997,2016,2
94,2016-02-27,Thurman Ellis,Pleasanton,Surly Straggler 650b - 2016,Cyclocross Bicycles,Surly,1,1680.99,0.2,Santa Cruz Bikes,Mireya Copeland,1344.7920000000001,2016,2
94,2016-02-27,Thurman Ellis,Pleasanton,Electra Cruiser 1 (24-Inch) - 2016,Children Bicycles,Electra,2,269.99,0.07,Santa Cruz Bikes,Mireya Copeland,502.1814,2016,2
95,2016-02-27,Casey Gill,Port Washington,Surly Straggler - 2016,Cyclocross Bicycles,Surly,2,1549.0,0.2,Baldwin Bikes,Venita Daniel,2478.4,2016,2
95,2016-02-27,Casey Gill,Port Washington,Pure Cycles William 3-Speed - 2016,Cruisers Bicycles,Pure Cycles,1,449.0,0.1,Baldwin Bikes,Venita Daniel,404.1,2016,2
95,2016-02-27,Casey Gill,Port Washington,Trek Remedy 29 Carbon Frameset - 2016,Mountain Bikes,Trek,2,1799.99,0.2,Baldwin Bikes,Venita Daniel,2879.9840000000004,2016,2
95,2016-02-27,Casey Gill,Port Washington,Electra Townie Original 7D EQ - Women's - 2016,Cruisers Bicycles,Electra,2,599.99,0.05,Baldwin Bikes,Venita Daniel,1139.981,2016,2
96,2016-02-27,Keitha Black,Lindenhurst,Electra Townie Original 7D EQ - 2016,Comfort Bicycles,Electra,1,599.99,0.1,Baldwin Bikes,Venita Daniel,539.991,2016,2
96,2016-02-27,Keitha Black,Lindenhurst,Electra Girl's Hawaii 1 (20-inch) - 2015/2016,Children Bicycles,Electra,1,299.99,0.05,Baldwin Bikes,Venita Daniel,284.9905,2016,2
97,2016-02-28,Alpha King,Rockville Centre,Electra Townie Original 7D EQ - Women's - 2016,Cruisers Bicycles,Electra,2,599.99,0.2,Baldwin Bikes,Venita Daniel,959.984,2016,2
97,2016-02-28,Alpha King,Rockville Centre,Ritchey Timberwolf Frameset - 2016,Mountain Bikes,Ritchey,1,749.99,0.07,Baldwin Bikes,Venita Daniel,697.4907,2016,2
97,2016-02-28,Alpha King,Rockville Centre,Surly Ice Cream Truck Frameset - 2016,Mountain Bikes,Surly,2,469.99,0.2,Baldwin Bikes,Venita Daniel,751.984,2016,2
97,2016-02-28,Alpha King,Rockville Centre,Pure Cycles William 3-Speed - 2016,Cruisers Bicycles,Pure Cycles,1,449.0,0.1,Baldwin Bikes,Venita Daniel,404.1,2016,2
98,2016-02-28,Leticia Snyder,Pittsford,Pure Cycles William 3-Speed - 2016,Cruisers Bicycles,Pure Cycles,1,449.0,0.07,Baldwin Bikes,Marcelene Boyer,417.57,2016,2
98,2016-02-28,Leticia Snyder,Pittsford,Electra Cruiser 1 (24-Inch) - 2016,Children Bicycles,Electra,1,269.99,0.1,Baldwin Bikes,Marcelene Boyer,242.991,2016,2
98,2016-02-28,Leticia Snyder,Pittsford,Ritchey Timberwolf Frameset - 2016,Mountain Bikes,Ritchey,1,749.99,0.2,Baldwin Bikes,Marcelene Boyer,599.9920000000001,2016,2
98,2016-02-28,Leticia Snyder,Pittsford,Electra Girl's Hawaii 1 (16-inch) - 2015/2016,Children Bicycles,Electra,2,269.99,0.2,Baldwin Bikes,Marcelene Boyer,431.98400000000004,2016,2
99,2016-02-29,Rikki Morrow,Fort Worth,Electra Cruiser 1 (24-Inch) - 2016,Cruisers Bicycles,Electra,1,269.99,0.2,Rowlett Bikes,Layla Terrell,215.99200000000002,2016,2
99,2016-02-29,Rikki Morrow,Fort Worth,Electra Cruiser 1 (24-Inch) - 2016,Children Bicycles,Electra,1,269.99,0.2,Rowlett Bikes,Layla Terrell,215.99200000000002,2016,2
99,2016-02-29,Rikki Morrow,Fort Worth,Electra Townie Original 7D - 2015/2016,Comfort Bicycles,Electra,2,499.99,0.05,Rowlett Bikes,Layla Terrell,949.981,2016,2
99,2016-02-29,Rikki Morrow,Fort Worth,Trek Slash 8 27.5 - 2016,Mountain Bikes,Trek,2,3999.99,0.07,Rowlett Bikes,Layla Terrell,7439.981399999999,2016,2
99,2016-02-29,Rikki Morrow,Fort Worth,Electra Girl's Hawaii 1 (20-inch) - 2015/2016,Children Bicycles,Electra,2,299.99,0.2,Rowlett Bikes,Layla Terrell,479.98400000000004,2016,2
100,2016-03-01,Luke Kramer,Bethpage,Electra Townie Original 21D - 2016,Cruisers Bicycles,Electra,2,549.99,0.05,Baldwin Bikes,Venita Daniel,1044.981,2016,3
100,2016-03-01,Luke Kramer,Bethpage,Surly Straggler 650b - 2016,Cyclocross Bicycles,Surly,2,1680.99,0.1,Baldwin Bikes,Venita Daniel,3025.782,2016,3
100,2016-03-01,Luke Kramer,Bethpage,Trek Slash 8 27.5 - 2016,Mountain Bikes,Trek,2,3999.99,0.2,Baldwin Bikes,Venita Daniel,6399.984,2016,3
100,2016-03-01,Luke Kramer,Bethpage,Electra Townie Original 7D EQ - 2016,Cruisers Bicycles,Electra,2,599.99,0.2,Baldwin Bikes,Venita Daniel,959.984,2016,3
100,2016-03-01,Luke Kramer,Bethpage,Electra Townie Original 21D - 2016,Comfort Bicycles,Electra,2,549.99,0.1,Baldwin Bikes,Venita Daniel,989.9820000000001,2016,3
101,2016-03-01,Katheleen Marks,Longview,Electra Townie Original 21D - 2016,Cruisers Bicycles,Electra,2,549.99,0.2,Rowlett Bikes,Kali Vargas,879.984,2016,3
102,2016-03-02,Trisha Johnson,Lancaster,Electra Moto 1 - 2016,Cruisers Bicycles,Electra,1,529.99,0.05,Baldwin Bikes,Venita Daniel,503.4905,2016,3
102,2016-03-02,Trisha Johnson,Lancaster,Electra Girl's Hawaii 1 (16-inch) - 2015/2016,Children Bicycles,Electra,1,269.99,0.07,Baldwin Bikes,Venita Daniel,251.0907,2016,3
103,2016-03-03,Brigida Larson,Canyon Country,Pure Cycles Vine 8-Speed - 2016,Cruisers Bicycles,Pure Cycles,1,429.0,0.07,Santa Cruz Bikes,Mireya Copeland,398.96999999999997,2016,3
103,2016-03-03,Brigida Larson,Canyon Country,Surly Wednesday Frameset - 2016,Mountain Bikes,Surly,1,999.99,0.05,Santa Cruz Bikes,Mireya Copeland,949.9905,2016,3
103,2016-03-03,Brigida Larson,Canyon Country,Pure Cycles Western 3-Speed - Women's - 2015/2016,Cruisers Bicycles,Pure Cycles,1,449.0,0.2,Santa Cruz Bikes,Mireya Copeland,359.20000000000005,2016,3
103,2016-03-03,Brigida Larson,Canyon Country,Electra Moto 1 - 2016,Cruisers Bicycles,Electra,2,529.99,0.1,Santa Cruz Bikes,Mireya Copeland,953.9820000000001,2016,3
103,2016-03-03,Brigida Larson,Canyon Country,Trek Conduit+ - 2016,Electric Bikes,Trek,2,2999.99,0.1,Santa Cruz Bikes,Mireya Copeland,5399.982,2016,3
104,2016-03-03,Latasha Hays,Buffalo,Pure Cycles William 3-Speed - 2016,Cruisers Bicycles,Pure Cycles,2,449.0,0.1,Baldwin Bikes,Venita Daniel,808.2,2016,3
104,2016-03-03,Latasha Hays,Buffalo,Electra Townie Original 7D EQ - 2016,Comfort Bicycles,Electra,1,599.99,0.05,Baldwin Bikes,Venita Daniel,569.9905,2016,3
105,2016-03-03,Vikki Erickson,Kingston,Surly Straggler 650b - 2016,Cyclocross Bicycles,Surly,2,1680.99,0.2,Baldwin Bikes,Venita Daniel,2689.5840000000003,2016,3
105,2016-03-03,Vikki Erickson,Kingston,Surly Wednesday Frameset - 2016,Mountain Bikes,Surly,1,999.99,0.05,Baldwin Bikes,Venita Daniel,949.9905,2016,3
105,2016-03-03,Vikki Erickson,Kingston,Trek Conduit+ - 2016,Electric Bikes,Trek,1,2999.99,0.05,Baldwin Bikes,Venita Daniel,2849.9905,2016,3
106,2016-03-04,Valery Saunders,Victoria,Pure Cycles Vine 8-Speed - 2016,Cruisers Bicycles,Pure Cycles,1,429.0,0.1,Rowlett Bikes,Layla Terrell,386.1,2016,3
106,2016-03-04,Valery Saunders,Victoria,Electra Cruiser 1 (24-Inch) - 2016,Cruisers Bicycles,Electra,2,269.99,0.1,Rowlett Bikes,Layla Terrell,485.982,2016,3
107,2016-03-06,Kiara Deleon,Anaheim,Pure Cycles William 3-Speed - 2016,Cruisers Bicycles,Pure Cycles,1,449.0,0.2,Santa Cruz Bikes,Mireya Copeland,359.20000000000005,2016,3
107,2016-03-06,Kiara Deleon,Anaheim,Electra Cruiser 1 (24-Inch) - 2016,Cruisers Bicycles,Electra,2,269.99,0.1,Santa Cruz Bikes,Mireya Copeland,485.982,2016,3
108,2016-03-06,Robby Sykes,Hempstead,Surly Straggler 650b - 2016,Cyclocross Bicycles,Surly,1,1680.99,0.1,Baldwin Bikes,Marcelene Boyer,1512.891,2016,3
108,2016-03-06,Robby Sykes,Hempstead,Electra Girl's Hawaii 1 (16-inch) - 2015/2016,Children Bicycles,Electra,2,269.99,0.07,Baldwin Bikes,Marcelene Boyer,502.1814,2016,3
108,2016-03-06,Robby Sykes,Hempstead,Electra Townie Original 7D EQ - 2016,Cruisers Bicycles,Electra,2,599.99,0.05,Baldwin Bikes,Marcelene Boyer,1139.981,2016,3
109,2016-03-06,Ben Stone,Ithaca,Electra Girl's Hawaii 1 (16-inch) - 2015/2016,Children Bicycles,Electra,2,269.99,0.1,Baldwin Bikes,Marcelene Boyer,485.982,2016,3
109,2016-03-06,Ben Stone,Ithaca,Surly Ice Cream Truck Frameset - 2016,Mountain Bikes,Surly,1,469.99,0.07,Baldwin Bikes,Marcelene Boyer,437.09069999999997,2016,3
110,2016-03-06,Launa Hull,Helotes,Electra Girl's Hawaii 1 (16-inch) - 2015/2016,Cruisers Bicycles,Electra,1,269.99,0.1,Rowlett Bikes,Layla Terrell,242.991,2016,3
111,2016-03-07,Zulema Browning,Amsterdam,Electra Girl's Hawaii 1 (16-inch) - 2015/2016,Cruisers Bicycles,Electra,1,269.99,0.1,Baldwin Bikes,Marcelene Boyer,242.991,2016,3
111,2016-03-07,Zulema Browning,Amsterdam,Electra Townie Original 21D - 2016,Cruisers Bicycles,Electra,2,549.99,0.07,Baldwin Bikes,Marcelene Boyer,1022.9813999999999,2016,3
112,2016-03-08,Micki Rutledge,Richmond Hill,Electra Girl's Hawaii 1 (20-inch) - 2015/2016,Children Bicycles,Electra,2,299.99,0.2,Baldwin Bikes,Marcelene Boyer,479.98400000000004,2016,3
112,2016-03-08,Micki Rutledge,Richmond Hill,Electra Townie Original 7D - 2015/2016,Comfort Bicycles,Electra,2,499.99,0.07,Baldwin Bikes,Marcelene Boyer,929.9814,2016,3
112,2016-03-08,Micki Rutledge,Richmond Hill,Electra Townie Original 21D - 2016,Comfort Bicycles,Electra,2,549.99,0.05,Baldwin Bikes,Marcelene Boyer,1044.981,2016,3
112,2016-03-08,Micki Rutledge,Richmond Hill,Heller Shagamaw Frame - 2016,Mountain Bikes,Heller,1,1320.99,0.2,Baldwin Bikes,Marcelene Boyer,1056.7920000000001,2016,3
113,2016-03-08,Theresia Barron,Forest Hills,Electra Townie Original 21D - 2016,Cruisers Bicycles,Electra,2,549.99,0.07,Baldwin Bikes,Marcelene Boyer,1022.9813999999999,2016,3
113,2016-03-08,Theresia Barron,Forest Hills,Electra Townie Original 21D - 2016,Comfort Bicycles,Electra,2,549.99,0.1,Baldwin Bikes,Marcelene Boyer,989.9820000000001,2016,3
113,2016-03-08,Theresia Barron,Forest Hills,Surly Ice Cream Truck Frameset - 2016,Mountain Bikes,Surly,1,469.99,0.07,Baldwin Bikes,Marcelene Boyer,437.09069999999997,2016,3
113,2016-03-08,Theresia Barron,Forest Hills,Electra Girl's Hawaii 1 (20-inch) - 2015/2016,Children Bicycles,Electra,1,299.99,0.2,Baldwin Bikes,Marcelene Boyer,239.99200000000002,2016,3
113,2016-03-08,Theresia Barron,Forest Hills,Heller Shagamaw Frame - 2016,Mountain Bikes,Heller,2,1320.99,0.2,Baldwin Bikes,Marcelene Boyer,2113.5840000000003,2016,3
114,2016-03-08,Mark Benton,East Elmhurst,Electra Townie Original 21D - 2016,Cruisers Bicycles,Electra,1,549.99,0.05,Baldwin Bikes,Venita Daniel,522.4905,2016,3
114,2016-03-08,Mark Benton,East Elmhurst,Ritchey Timberwolf Frameset - 2016,Mountain Bikes,Ritchey,1,749.99,0.07,Baldwin Bikes,Venita Daniel,697.4907,2016,3
114,2016-03-08,Mark Benton,East Elmhurst,Electra Cruiser 1 (24-Inch) - 2016,Cruisers Bicycles,Electra,2,269.99,0.1,Baldwin Bikes,Venita Daniel,485.982,2016,3
115,2016-03-09,Starr Schneider,Shirley,Electra Girl's Hawaii 1 (16-inch) - 2015/2016,Children Bicycles,Electra,1,269.99,0.2,Baldwin Bikes,Venita Daniel,215.99200000000002,2016,3
115,2016-03-09,Starr Schneider,Shirley,Pure Cycles William 3-Speed - 2016,Cruisers Bicycles,Pure Cycles,1,449.0,0.1,Baldwin Bikes,Venita Daniel,404.1,2016,3
116,2016-03-10,Burma Summers,Freeport,Electra Townie Original 7D EQ - 2016,Comfort Bicycles,Electra,1,599.99,0.05,Baldwin Bikes,Venita Daniel,569.9905,2016,3
117,2016-03-10,Gwenn Melton,Centereach,Electra Girl's Hawaii 1 (16-inch) - 2015/2016,Children Bicycles,Electra,2,269.99,0.2,Baldwin Bikes,Marcelene Boyer,431.98400000000004,2016,3
117,2016-03-10,Gwenn Melton,Centereach,Electra Townie Original 7D EQ - 2016,Comfort Bicycles,Electra,1,599.99,0.05,Baldwin Bikes,Marcelene Boyer,569.9905,2016,3
117,2016-03-10,Gwenn Melton,Centereach,Electra Girl's Hawaii 1 (16-inch) - 2015/2016,Cruisers Bicycles,Electra,1,269.99,0.2,Baldwin Bikes,Marcelene Boyer,215.99200000000002,2016,3
117,2016-03-10,Gwenn Melton,Centereach,Pure Cycles William 3-Speed - 2016,Cruisers Bicycles,Pure Cycles,1,449.0,0.05,Baldwin Bikes,Marcelene Boyer,426.54999999999995,2016,3
118,2016-03-12,Danille Mcfarland,Rocklin,Pure Cycles Western 3-Speed - Women's - 2015/2016,Cruisers Bicycles,Pure Cycles,1,449.0,0.07,Santa Cruz Bikes,Mireya Copeland,417.57,2016,3
118,2016-03-12,Danille Mcfarland,Rocklin,Trek Fuel EX 8 29 - 2016,Mountain Bikes,Trek,1,2899.99,0.07,Santa Cruz Bikes,Mireya Copeland,2696.9907,2016,3
118,2016-03-12,Danille Mcfarland,Rocklin,Surly Ice Cream Truck Frameset - 2016,Mountain Bikes,Surly,1,469.99,0.07,Santa Cruz Bikes,Mireya Copeland,437.09069999999997,2016,3
118,2016-03-12,Danille Mcfarland,Rocklin,Surly Wednesday Frameset - 2016,Mountain Bikes,Surly,2,999.99,0.1,Santa Cruz Bikes,Mireya Copeland,1799.982,2016,3
118,2016-03-12,Danille Mcfarland,Rocklin,Electra Girl's Hawaii 1 (20-inch) - 2015/2016,Children Bicycles,Electra,2,299.99,0.07,Santa Cruz Bikes,Mireya Copeland,557.9814,2016,3
119,2016-03-12,Bryce Monroe,Kingston,Electra Townie Original 7D - 2015/2016,Comfort Bicycles,Electra,1,499.99,0.05,Baldwin Bikes,Venita Daniel,474.9905,2016,3
120,2016-03-14,Sharie Alvarez,New York,Electra Cruiser 1 (24-Inch) - 2016,Cruisers Bicycles,Electra,2,269.99,0.05,Baldwin Bikes,Venita Daniel,512.981,2016,3
120,2016-03-14,Sharie Alvarez,New York,Surly Ice Cream Truck Frameset - 2016,Mountain Bikes,Surly,2,469.99,0.05,Baldwin Bikes,Venita Daniel,892.981,2016,3
120,2016-03-14,Sharie Alvarez,New York,Surly Straggler - 2016,Cyclocross Bicycles,Surly,2,1549.0,0.05,Baldwin Bikes,Venita Daniel,2943.1,2016,3
120,2016-03-14,Sharie Alvarez,New York,Pure Cycles Vine 8-Speed - 2016,Cruisers Bicycles,Pure Cycles,1,429.0,0.05,Baldwin Bikes,Venita Daniel,407.54999999999995,2016,3
120,2016-03-14,Sharie Alvarez,New York,Electra Townie Original 7D EQ - 2016,Cruisers Bicycles,Electra,2,599.99,0.2,Baldwin Bikes,Venita Daniel,959.984,2016,3
121,2016-03-14,Tomika Wilder,New Hyde Park,Heller Shagamaw Frame - 2016,Mountain Bikes,Heller,1,1320.99,0.2,Baldwin Bikes,Marcelene Boyer,1056.7920000000001,2016,3
121,2016-03-14,Tomika Wilder,New Hyde Park,Electra Girl's Hawaii 1 (16-inch) - 2015/2016,Cruisers Bicycles,Electra,2,269.99,0.1,Baldwin Bikes,Marcelene Boyer,485.982,2016,3
121,2016-03-14,Tomika Wilder,New Hyde Park,Trek Fuel EX 8 29 - 2016,Mountain Bikes,Trek,2,2899.99,0.1,Baldwin Bikes,Marcelene Boyer,5219.982,2016,3
121,2016-03-14,Tomika Wilder,New Hyde Park,Electra Townie Original 21D - 2016,Comfort Bicycles,Electra,2,549.99,0.07,Baldwin Bikes,Marcelene Boyer,1022.9813999999999,2016,3
121,2016-03-14,Tomika Wilder,New Hyde Park,Ritchey Timberwolf Frameset - 2016,Mountain Bikes,Ritchey,2,749.99,0.05,Baldwin Bikes,Marcelene Boyer,1424.981,2016,3
122,2016-03-14,Wallace Lane,South Richmond Hill,Electra Townie Original 7D EQ - 2016,Cruisers Bicycles,Electra,1,599.99,0.1,Baldwin Bikes,Marcelene Boyer,539.991,2016,3
123,2016-03-15,Lecia Hancock,Schenectady,Electra Townie Original 21D - 2016,Cruisers Bicycles,Electra,2,549.99,0.1,Baldwin Bikes,Marcelene Boyer,989.9820000000001,2016,3
124,2016-03-16,Elouise Fry,Canyon Country,Electra Townie Original 7D EQ - 2016,Cruisers Bicycles,Electra,1,599.99,0.05,Santa Cruz Bikes,Genna Serrano,569.9905,2016,3
124,2016-03-16,Elouise Fry,Canyon Country,Trek Fuel EX 8 29 - 2016,Mountain Bikes,Trek,1,2899.99,0.07,Santa Cruz Bikes,Genna Serrano,2696.9907,2016,3
124,2016-03-16,Elouise Fry,Canyon Country,Trek Slash 8 27.5 - 2016,Mountain Bikes,Trek,2,3999.99,0.05,Santa Cruz Bikes,Genna Serrano,7599.980999999999,2016,3
125,2016-03-16,Laverne Craft,Forest Hills,Pure Cycles Vine 8-Speed - 2016,Cruisers Bicycles,Pure Cycles,1,429.0,0.1,Baldwin Bikes,Marcelene Boyer,386.1,2016,3
126,2016-03-16,Shenna Espinoza,Queensbury,Trek Conduit+ - 2016,Electric Bikes,Trek,2,2999.99,0.05,Baldwin Bikes,Venita Daniel,5699.981,2016,3
127,2016-03-17,Chelsey Boyd,Euless,Pure Cycles Vine 8-Speed - 2016,Cruisers Bicycles,Pure Cycles,1,429.0,0.07,Rowlett Bikes,Kali Vargas,398.96999999999997,2016,3
127,2016-03-17,Chelsey Boyd,Euless,Electra Townie Original 7D EQ - Women's - 2016,Cruisers Bicycles,Electra,1,599.99,0.1,Rowlett Bikes,Kali Vargas,539.991,2016,3
127,2016-03-17,Chelsey Boyd,Euless,Trek Fuel EX 8 29 - 2016,Mountain Bikes,Trek,2,2899.99,0.07,Rowlett Bikes,Kali Vargas,5393.9814,2016,3
128,2016-03-18,Lissa Vargas,Oswego,Electra Townie Original 21D - 2016,Comfort Bicycles,Electra,2,549.99,0.1,Baldwin Bikes,Marcelene Boyer,989.9820000000001,2016,3
128,2016-03-18,Lissa Vargas,Oswego,Electra Townie Original 7D EQ - 2016,Cruisers Bicycles,Electra,2,599.99,0.1,Baldwin Bikes,Marcelene Boyer,1079.982,2016,3
128,2016-03-18,Lissa Vargas,Oswego,Trek Fuel EX 8 29 - 2016,Mountain Bikes,Trek,2,2899.99,0.2,Baldwin Bikes,Marcelene Boyer,4639.9839999999995,2016,3
128,2016-03-18,Lissa Vargas,Oswego,Surly Wednesday Frameset - 2016,Mountain Bikes,Surly,2,999.99,0.2,Baldwin Bikes,Marcelene Boyer,1599.9840000000002,2016,3
129,2016-03-19,Armand Whitehead,Lindenhurst,Pure Cycles Western 3-Speed - Women's - 2015/2016,Cruisers Bicycles,Pure Cycles,1,449.0,0.1,Baldwin Bikes,Venita Daniel,404.1,2016,3
129,2016-03-19,Armand Whitehead,Lindenhurst,Trek Conduit+ - 2016,Electric Bikes,Trek,1,2999.99,0.1,Baldwin Bikes,Venita Daniel,2699.991,2016,3
130,2016-03-19,Marcelino Mcbride,Clifton Park,Electra Townie Original 7D EQ - 2016,Comfort Bicycles,Electra,1,599.99,0.05,Baldwin Bikes,Marcelene Boyer,569.9905,2016,3
130,2016-03-19,Marcelino Mcbride,Clifton Park,Heller Shagamaw Frame - 2016,Mountain Bikes,Heller,2,1320.99,0.07,Baldwin Bikes,Marcelene Boyer,2457.0414,2016,3
131,2016-03-19,Hortencia Graham,Euless,Electra Girl's Hawaii 1 (16-inch) - 2015/2016,Children Bicycles,Electra,2,269.99,0.2,Rowlett Bikes,Kali Vargas,431.98400000000004,2016,3
131,2016-03-19,Hortencia Graham,Euless,Trek Fuel EX 8 29 - 2016,Mountain Bikes,Trek,2,2899.99,0.07,Rowlett Bikes,Kali Vargas,5393.9814,2016,3
131,2016-03-19,Hortencia Graham,Euless,Electra Townie Original 21D - 2016,Comfort Bicycles,Electra,2,549.99,0.1,Rowlett Bikes,Kali Vargas,989.9820000000001,2016,3
132,2016-03-20,Monika Berg,Encino,Ritchey Timberwolf Frameset - 2016,Mountain Bikes,Ritchey,2,749.99,0.05,Santa Cruz Bikes,Genna Serrano,1424.981,2016,3
132,2016-03-20,Monika Berg,Encino,Electra Townie Original 7D EQ - Women's - 2016,Cruisers Bicycles,Electra,1,599.99,0.05,Santa Cruz Bikes,Genna Serrano,569.9905,2016,3
132,2016-03-20,Monika Berg,Encino,Trek Conduit+ - 2016,Electric Bikes,Trek,1,2999.99,0.1,Santa Cruz Bikes,Genna Serrano,2699.991,2016,3
133,2016-03-20,Jerome Bolton,Carmel,Electra Cruiser 1 (24-Inch) - 2016,Cruisers Bicycles,Electra,2,269.99,0.05,Baldwin Bikes,Venita Daniel,512.981,2016,3
133,2016-03-20,Jerome Bolton,Carmel,Electra Girl's Hawaii 1 (16-inch) - 2015/2016,Children Bicycles,Electra,1,269.99,0.2,Baldwin Bikes,Venita Daniel,215.99200000000002,2016,3
134,2016-03-20,Tuan Wolfe,West Babylon,Pure Cycles William 3-Speed - 2016,Cruisers Bicycles,Pure Cycles,2,449.0,0.1,Baldwin Bikes,Venita Daniel,808.2,2016,3
134,2016-03-20,Tuan Wolfe,West Babylon,Ritchey Timberwolf Frameset - 2016,Mountain Bikes,Ritchey,2,749.99,0.07,Baldwin Bikes,Venita Daniel,1394.9814,2016,3
134,2016-03-20,Tuan Wolfe,West Babylon,Pure Cycles Western 3-Speed - Women's - 2015/2016,Cruisers Bicycles,Pure Cycles,2,449.0,0.07,Baldwin Bikes,Venita Daniel,835.14,2016,3
135,2016-03-21,Alexandria Zamora,Schenectady,Heller Shagamaw Frame - 2016,Mountain Bikes,Heller,2,1320.99,0.05,Baldwin Bikes,Venita Daniel,2509.881,2016,3
135,2016-03-21,Alexandria Zamora,Schenectady,Pure Cycles Western 3-Speed - Women's - 2015/2016,Cruisers Bicycles,Pure Cycles,2,449.0,0.05,Baldwin Bikes,Venita Daniel,853.0999999999999,2016,3
135,2016-03-21,Alexandria Zamora,Schenectady,Electra Townie Original 7D - 2015/2016,Comfort Bicycles,Electra,1,499.99,0.2,Baldwin Bikes,Venita Daniel,399.992,2016,3
135,2016-03-21,Alexandria Zamora,Schenectady,Ritchey Timberwolf Frameset - 2016,Mountain Bikes,Ritchey,1,749.99,0.05,Baldwin Bikes,Venita Daniel,712.4905,2016,3
136,2016-03-21,Gena Owens,Desoto,Trek Slash 8 27.5 - 2016,Mountain Bikes,Trek,2,3999.99,0.2,Rowlett Bikes,Kali Vargas,6399.984,2016,3
136,2016-03-21,Gena Owens,Desoto,Surly Wednesday Frameset - 2016,Mountain Bikes,Surly,2,999.99,0.05,Rowlett Bikes,Kali Vargas,1899.981,2016,3
137,2016-03-23,Jina Cooper,Howard Beach,Electra Girl's Hawaii 1 (20-inch) - 2015/2016,Children Bicycles,Electra,1,299.99,0.07,Baldwin Bikes,Venita Daniel,278.9907,2016,3
137,2016-03-23,Jina Cooper,Howard Beach,Electra Girl's Hawaii 1 (16-inch) - 2015/2016,Children Bicycles,Electra,1,269.99,0.1,Baldwin Bikes,Venita Daniel,242.991,2016,3
138,2016-03-23,Katharine Herrera,Queensbury,Electra Townie Original 7D EQ - 2016,Cruisers Bicycles,Electra,2,599.99,0.1,Baldwin Bikes,Venita Daniel,1079.982,2016,3
138,2016-03-23,Katharine Herrera,Queensbury,Surly Ice Cream Truck Frameset - 2016,Mountain Bikes,Surly,1,469.99,0.2,Baldwin Bikes,Venita Daniel,375.992,2016,3
139,2016-03-23,Ezra Silva,New Windsor,Pure Cycles William 3-Speed - 2016,Cruisers Bicycles,Pure Cycles,2,449.0,0.07,Baldwin Bikes,Venita Daniel,835.14,2016,3
139,2016-03-23,Ezra Silva,New Windsor,Surly Wednesday Frameset - 2016,Mountain Bikes,Surly,1,999.99,0.07,Baldwin Bikes,Venita Daniel,929.9907,2016,3
140,2016-03-23,Devin Velazquez,Brentwood,Electra Moto 1 - 2016,Cruisers Bicycles,Electra,1,529.99,0.2,Baldwin Bikes,Venita Daniel,423.992,2016,3
140,2016-03-23,Devin Velazquez,Brentwood,Electra Cruiser 1 (24-Inch) - 2016,Children Bicycles,Electra,1,269.99,0.2,Baldwin Bikes,Venita Daniel,215.99200000000002,2016,3
140,2016-03-23,Devin Velazquez,Brentwood,Electra Townie Original 21D - 2016,Cruisers Bicycles,Electra,2,549.99,0.2,Baldwin Bikes,Venita Daniel,879.984,2016,3
140,2016-03-23,Devin Velazquez,Brentwood,Surly Wednesday Frameset - 2016,Mountain Bikes,Surly,1,999.99,0.05,Baldwin Bikes,Venita Daniel,949.9905,2016,3
141,2016-03-25,Erlene Cook,Mount Vernon,Pure Cycles Western 3-Speed - Women's - 2015/2016,Cruisers Bicycles,Pure Cycles,1,449.0,0.2,Baldwin Bikes,Venita Daniel,359.20000000000005,2016,3
142,2016-03-26,Regine Gonzales,Oxnard,Electra Townie Original 7D EQ - 2016,Cruisers Bicycles,Electra,2,599.99,0.1,Santa Cruz Bikes,Genna Serrano,1079.982,2016,3
142,2016-03-26,Regine Gonzales,Oxnard,Surly Straggler 650b - 2016,Cyclocross Bicycles,Surly,2,1680.99,0.1,Santa Cruz Bikes,Genna Serrano,3025.782,2016,3
142,2016-03-26,Regine Gonzales,Oxnard,Pure Cycles William 3-Speed - 2016,Cruisers Bicycles,Pure Cycles,1,449.0,0.07,Santa Cruz Bikes,Genna Serrano,417.57,2016,3
143,2016-03-26,Merlin Foreman,Hempstead,Surly Ice Cream Truck Frameset - 2016,Mountain Bikes,Surly,1,469.99,0.2,Baldwin Bikes,Venita Daniel,375.992,2016,3
144,2016-03-26,Hubert Reilly,Amityville,Trek Remedy 29 Carbon Frameset - 2016,Mountain Bikes,Trek,2,1799.99,0.05,Baldwin Bikes,Venita Daniel,3419.9809999999998,2016,3
145,2016-03-27,Lavonne Anderson,Floral Park,Surly Straggler 650b - 2016,Cyclocross Bicycles,Surly,1,1680.99,0.2,Baldwin Bikes,Marcelene Boyer,1344.7920000000001,2016,3
145,2016-03-27,Lavonne Anderson,Floral Park,Trek Conduit+ - 2016,Electric Bikes,Trek,2,2999.99,0.1,Baldwin Bikes,Marcelene Boyer,5399.982,2016,3
146,2016-03-28,Keturah Massey,Banning,Surly Wednesday Frameset - 2016,Mountain Bikes,Surly,2,999.99,0.2,Santa Cruz Bikes,Genna Serrano,1599.9840000000002,2016,3
146,2016-03-28,Keturah Massey,Banning,Electra Townie Original 21D - 2016,Cruisers Bicycles,Electra,1,549.99,0.1,Santa Cruz Bikes,Genna Serrano,494.99100000000004,2016,3
146,2016-03-28,Keturah Massey,Banning,Electra Townie Original 7D EQ - Women's - 2016,Cruisers Bicycles,Electra,2,599.99,0.1,Santa Cruz Bikes,Genna Serrano,1079.982,2016,3
146,2016-03-28,Keturah Massey,Banning,Surly Ice Cream Truck Frameset - 2016,Mountain Bikes,Surly,2,469.99,0.05,Santa Cruz Bikes,Genna Serrano,892.981,2016,3
146,2016-03-28,Keturah Massey,Banning,Ritchey Timberwolf Frameset - 2016,Mountain Bikes,Ritchey,1,749.99,0.07,Santa Cruz Bikes,Genna Serrano,697.4907,2016,3
147,2016-03-28,Diana Guerra,Merrick,Electra Townie Original 7D EQ - 2016,Comfort Bicycles,Electra,2,599.99,0.2,Baldwin Bikes,Venita Daniel,959.984,2016,3
148,2016-03-28,Senaida Thompson,Bronx,Electra Girl's Hawaii 1 (16-inch) - 2015/2016,Cruisers Bicycles,Electra,1,269.99,0.05,Baldwin Bikes,Marcelene Boyer,256.4905,2016,3
149,2016-03-28,Han Schneider,Elmhurst,Electra Townie Original 21D - 2016,Cruisers Bicycles,Electra,2,549.99,0.07,Baldwin Bikes,Marcelene Boyer,1022.9813999999999,2016,3
149,2016-03-28,Han Schneider,Elmhurst,Electra Cruiser 1 (24-Inch) - 2016,Children Bicycles,Electra,2,269.99,0.07,Baldwin Bikes,Marcelene Boyer,502.1814,2016,3
150,2016-03-29,Reena Higgins,Canyon Country,Trek Slash 8 27.5 - 2016,Mountain Bikes,Trek,1,3999.99,0.1,Santa Cruz Bikes,Mireya Copeland,3599.991,2016,3
150,2016-03-29,Reena Higgins,Canyon Country,Surly Wednesday Frameset - 2016,Mountain Bikes,Surly,1,999.99,0.2,Santa Cruz Bikes,Mireya Copeland,799.9920000000001,2016,3
150,2016-03-29,Reena Higgins,Canyon Country,Pure Cycles Vine 8-Speed - 2016,Cruisers Bicycles,Pure Cycles,1,429.0,0.07,Santa Cruz Bikes,Mireya Copeland,398.96999999999997,2016,3
150,2016-03-29,Reena Higgins,Canyon Country,Electra Townie Original 7D - 2015/2016,Comfort Bicycles,Electra,2,499.99,0.07,Santa Cruz Bikes,Mireya Copeland,929.9814,2016,3
151,2016-03-29,Katina Mcintosh,Bakersfield,Pure Cycles Vine 8-Speed - 2016,Cruisers Bicycles,Pure Cycles,1,429.0,0.1,Santa Cruz Bikes,Mireya Copeland,386.1,2016,3
151,2016-03-29,Katina Mcintosh,Bakersfield,Electra Townie Original 7D EQ - 2016,Comfort Bicycles,Electra,1,599.99,0.1,Santa Cruz Bikes,Mireya Copeland,539.991,2016,3
152,2016-03-29,Parker Prince,Port Jefferson Station,Surly Ice Cream Truck Frameset - 2016,Mountain Bikes,Surly,2,469.99,0.2,Baldwin Bikes,Marcelene Boyer,751.984,2016,3
152,2016-03-29,Parker Prince,Port Jefferson Station,Electra Girl's Hawaii 1 (16-inch) - 2015/2016,Children Bicycles,Electra,2,269.99,0.2,Baldwin Bikes,Marcelene Boyer,431.98400000000004,2016,3
152,2016-03-29,Parker Prince,Port Jefferson Station,Electra Townie Original 7D EQ - 2016,Cruisers Bicycles,Electra,2,599.99,0.07,Baldwin Bikes,Marcelene Boyer,1115.9814,2016,3
153,2016-03-30,Edda Young,North Tonawanda,Electra Townie Original 7D EQ - 2016,Cruisers Bicycles,Electra,1,599.99,0.07,Baldwin Bikes,Marcelene Boyer,557.9907,2016,3
153,2016-03-30,Edda Young,North Tonawanda,Trek Remedy 29 Carbon Frameset - 2016,Mountain Bikes,Trek,1,1799.99,0.07,Baldwin Bikes,Marcelene Boyer,1673.9906999999998,2016,3
153,2016-03-30,Edda Young,North Tonawanda,Electra Moto 1 - 2016,Cruisers Bicycles,Electra,2,529.99,0.05,Baldwin Bikes,Marcelene Boyer,1006.981,2016,3
154,2016-03-31,Dione Pratt,Pleasanton,Electra Townie Original 21D - 2016,Cruisers Bicycles,Electra,1,549.99,0.1,Santa Cruz Bikes,Mireya Copeland,494.99100000000004,2016,3
155,2016-04-02,Loni Duncan,Rosedale,Trek Remedy 29 Carbon Frameset - 2016,Mountain Bikes,Trek,1,1799.99,0.1,Baldwin Bikes,Marcelene Boyer,1619.991,2016,4
156,2016-04-03,Sheri Cole,San Jose,Pure Cycles Western 3-Speed - Women's - 2015/2016,Cruisers Bicycles,Pure Cycles,2,449.0,0.2,Santa Cruz Bikes,Genna Serrano,718.4000000000001,2016,4
156,2016-04-03,Sheri Cole,San Jose,Pure Cycles Vine 8-Speed - 2016,Cruisers Bicycles,Pure Cycles,2,429.0,0.05,Santa Cruz Bikes,Genna Serrano,815.0999999999999,2016,4
156,2016-04-03,Sheri Cole,San Jose,Surly Ice Cream Truck Frameset - 2016,Mountain Bikes,Surly,1,469.99,0.07,Santa Cruz Bikes,Genna Serrano,437.09069999999997,2016,4
157,2016-04-03,Mozelle Carter,Houston,Trek Fuel EX 8 29 - 2016,Mountain Bikes,Trek,1,2899.99,0.1,Rowlett Bikes,Kali Vargas,2609.991,2016,4
157,2016-04-03,Mozelle Carter,Houston,Trek Slash 8 27.5 - 2016,Mountain Bikes,Trek,2,3999.99,0.07,Rowlett Bikes,Kali Vargas,7439.981399999999,2016,4
158,2016-04-04,Dacia William,Sugar Land,Electra Townie Original 21D - 2016,Comfort Bicycles,Electra,1,549.99,0.1,Rowlett Bikes,Layla Terrell,494.99100000000004,2016,4
159,2016-04-04,Araceli Golden,Fullerton,Electra Cruiser 1 (24-Inch) - 2016,Cruisers Bicycles,Electra,1,269.99,0.2,Santa Cruz Bikes,Mireya Copeland,215.99200000000002,2016,4
160,2016-04-04,Harris Pittman,Jamaica,Electra Cruiser 1 (24-Inch) - 2016,Children Bicycles,Electra,1,269.99,0.07,Baldwin Bikes,Venita Daniel,251.0907,2016,4
160,2016-04-04,Harris Pittman,Jamaica,Electra Moto 1 - 2016,Cruisers Bicycles,Electra,2,529.99,0.07,Baldwin Bikes,Venita Daniel,985.7814,2016,4
160,2016-04-04,Harris Pittman,Jamaica,Pure Cycles Western 3-Speed - Women's - 2015/2016,Cruisers Bicycles,Pure Cycles,2,449.0,0.1,Baldwin Bikes,Venita Daniel,808.2,2016,4
160,2016-04-04,Harris Pittman,Jamaica,Surly Straggler 650b - 2016,Cyclocross Bicycles,Surly,1,1680.99,0.05,Baldwin Bikes,Venita Daniel,1596.9405,2016,4
161,2016-04-04,Kasie Rodriquez,Ballston Spa,Electra Townie Original 21D - 2016,Comfort Bicycles,Electra,2,549.99,0.07,Baldwin Bikes,Venita Daniel,1022.9813999999999,2016,4
161,2016-04-04,Kasie Rodriquez,Ballston Spa,Electra Girl's Hawaii 1 (16-inch) - 2015/2016,Children Bicycles,Electra,1,269.99,0.05,Baldwin Bikes,Venita Daniel,256.4905,2016,4
161,2016-04-04,Kasie Rodriquez,Ballston Spa,Trek Slash 8 27.5 - 2016,Mountain Bikes,Trek,2,3999.99,0.05,Baldwin Bikes,Venita Daniel,7599.980999999999,2016,4
162,2016-04-06,Williemae Holloway,Oakland,Pure Cycles Western 3-Speed - Women's - 2015/2016,Cruisers Bicycles,Pure Cycles,1,449.0,0.07,Santa Cruz Bikes,Genna Serrano,417.57,2016,4
162,2016-04-06,Williemae Holloway,Oakland,Electra Cruiser 1 (24-Inch) - 2016,Children Bicycles,Electra,2,269.99,0.07,Santa Cruz Bikes,Genna Serrano,502.1814,2016,4
162,2016-04-06,Williemae Holloway,Oakland,Surly Wednesday Frameset - 2016,Mountain Bikes,Surly,2,999.99,0.1,Santa Cruz Bikes,Genna Serrano,1799.982,2016,4
163,2016-04-06,Magdalena Sherman,Oswego,Electra Townie Original 21D - 2016,Cruisers Bicycles,Electra,1,549.99,0.1,Baldwin Bikes,Venita Daniel,494.99100000000004,2016,4
163,2016-04-06,Magdalena Sherman,Oswego,Pure Cycles Western 3-Speed - Women's - 2015/2016,Cruisers Bicycles,Pure Cycles,1,449.0,0.2,Baldwin Bikes,Venita Daniel,359.20000000000005,2016,4
164,2016-04-07,Leonore Dorsey,Jackson Heights,Trek Fuel EX 8 29 - 2016,Mountain Bikes,Trek,2,2899.99,0.05,Baldwin Bikes,Venita Daniel,5509.981,2016,4
164,2016-04-07,Leonore Dorsey,Jackson Heights,Surly Straggler - 2016,Cyclocross Bicycles,Surly,2,1549.0,0.05,Baldwin Bikes,Venita Daniel,2943.1,2016,4
164,2016-04-07,Leonore Dorsey,Jackson Heights,Electra Girl's Hawaii 1 (16-inch) - 2015/2016,Cruisers Bicycles,Electra,1,269.99,0.1,Baldwin Bikes,Venita Daniel,242.991,2016,4
165,2016-04-08,Adriene Rivera,Encino,Trek Fuel EX 8 29 - 2016,Mountain Bikes,Trek,2,2899.99,0.05,Santa Cruz Bikes,Genna Serrano,5509.981,2016,4
165,2016-04-08,Adriene Rivera,Encino,Electra Girl's Hawaii 1 (20-inch) - 2015/2016,Children Bicycles,Electra,1,299.99,0.2,Santa Cruz Bikes,Genna Serrano,239.99200000000002,2016,4
165,2016-04-08,Adriene Rivera,Encino,Ritchey Timberwolf Frameset - 2016,Mountain Bikes,Ritchey,1,749.99,0.05,Santa Cruz Bikes,Genna Serrano,712.4905,2016,4
166,2016-04-08,Abbey Pugh,Forest Hills,Surly Straggler - 2016,Cyclocross Bicycles,Surly,2,1549.0,0.1,Baldwin Bikes,Marcelene Boyer,2788.2000000000003,2016,4
166,2016-04-08,Abbey Pugh,Forest Hills,Surly Straggler 650b - 2016,Cyclocross Bicycles,Surly,1,1680.99,0.2,Baldwin Bikes,Marcelene Boyer,1344.7920000000001,2016,4
167,2016-04-08,Rico Salas,Centereach,Electra Townie Original 21D - 2016,Cruisers Bicycles,Electra,1,549.99,0.05,Baldwin Bikes,Venita Daniel,522.4905,2016,4
167,2016-04-08,Rico Salas,Centereach,Surly Straggler - 2016,Cyclocross Bicycles,Surly,1,1549.0,0.2,Baldwin Bikes,Venita Daniel,1239.2,2016,4
167,2016-04-08,Rico Salas,Centereach,Electra Cruiser 1 (24-Inch) - 2016,Cruisers Bicycles,Electra,2,269.99,0.05,Baldwin Bikes,Venita Daniel,512.981,2016,4
167,2016-04-08,Rico Salas,Centereach,Trek Slash 8 27.5 - 2016,Mountain Bikes,Trek,2,3999.99,0.05,Baldwin Bikes,Venita Daniel,7599.980999999999,2016,4
168,2016-04-09,Kandace Ayers,Santa Monica,Surly Ice Cream Truck Frameset - 2016,Mountain Bikes,Surly,1,469.99,0.1,Santa Cruz Bikes,Genna Serrano,422.99100000000004,2016,4
168,2016-04-09,Kandace Ayers,Santa Monica,Surly Straggler 650b - 2016,Cyclocross Bicycles,Surly,2,1680.99,0.07,Santa Cruz Bikes,Genna Serrano,3126.6414,2016,4
168,2016-04-09,Kandace Ayers,Santa Monica,Electra Townie Original 21D - 2016,Cruisers Bicycles,Electra,2,549.99,0.07,Santa Cruz Bikes,Genna Serrano,1022.9813999999999,2016,4
168,2016-04-09,Kandace Ayers,Santa Monica,Electra Girl's Hawaii 1 (16-inch) - 2015/2016,Children Bicycles,Electra,2,269.99,0.2,Santa Cruz Bikes,Genna Serrano,431.98400000000004,2016,4
169,2016-04-10,Carie Kidd,Monroe,Electra Townie Original 7D EQ - Women's - 2016,Cruisers Bicycles,Electra,2,599.99,0.1,Baldwin Bikes,Venita Daniel,1079.982,2016,4
169,2016-04-10,Carie Kidd,Monroe,Heller Shagamaw Frame - 2016,Mountain Bikes,Heller,1,1320.99,0.05,Baldwin Bikes,Venita Daniel,1254.9405,2016,4
169,2016-04-10,Carie Kidd,Monroe,Surly Straggler - 2016,Cyclocross Bicycles,Surly,1,1549.0,0.2,Baldwin Bikes,Venita Daniel,1239.2,2016,4
169,2016-04-10,Carie Kidd,Monroe,Surly Straggler 650b - 2016,Cyclocross Bicycles,Surly,1,1680.99,0.2,Baldwin Bikes,Venita Daniel,1344.7920000000001,2016,4
169,2016-04-10,Carie Kidd,Monroe,Electra Girl's Hawaii 1 (16-inch) - 2015/2016,Cruisers Bicycles,Electra,2,269.99,0.05,Baldwin Bikes,Venita Daniel,512.981,2016,4
170,2016-04-10,Aubrey Durham,Port Washington,Electra Townie Original 21D - 2016,Cruisers Bicycles,Electra,2,549.99,0.1,Baldwin Bikes,Venita Daniel,989.9820000000001,2016,4
170,2016-04-10,Aubrey Durham,Port Washington,Electra Townie Original 21D - 2016,Comfort Bicycles,Electra,1,549.99,0.05,Baldwin Bikes,Venita Daniel,522.4905,2016,4
170,2016-04-10,Aubrey Durham,Port Washington,Trek Slash 8 27.5 - 2016,Mountain Bikes,Trek,1,3999.99,0.2,Baldwin Bikes,Venita Daniel,3199.992,2016,4
170,2016-04-10,Aubrey Durham,Port Washington,Pure Cycles Western 3-Speed - Women's - 2015/2016,Cruisers Bicycles,Pure Cycles,2,449.0,0.05,Baldwin Bikes,Venita Daniel,853.0999999999999,2016,4
171,2016-04-11,Elvera Peck,Banning,Trek Remedy 29 Carbon Frameset - 2016,Mountain Bikes,Trek,1,1799.99,0.05,Santa Cruz Bikes,Genna Serrano,1709.9904999999999,2016,4
172,2016-04-11,Cindi Ellis,Floral Park,Electra Girl's Hawaii 1 (20-inch) - 2015/2016,Children Bicycles,Electra,1,299.99,0.07,Baldwin Bikes,Venita Daniel,278.9907,2016,4
172,2016-04-11,Cindi Ellis,Floral Park,Electra Townie Original 7D EQ - 2016,Cruisers Bicycles,Electra,1,599.99,0.2,Baldwin Bikes,Venita Daniel,479.992,2016,4
173,2016-04-11,Dacia William,Sugar Land,Electra Girl's Hawaii 1 (16-inch) - 2015/2016,Cruisers Bicycles,Electra,1,269.99,0.05,Rowlett Bikes,Kali Vargas,256.4905,2016,4
173,2016-04-11,Dacia William,Sugar Land,Electra Townie Original 7D EQ - 2016,Cruisers Bicycles,Electra,1,599.99,0.2,Rowlett Bikes,Kali Vargas,479.992,2016,4
173,2016-04-11,Dacia William,Sugar Land,Electra Townie Original 7D EQ - Women's - 2016,Cruisers Bicycles,Electra,2,599.99,0.05,Rowlett Bikes,Kali Vargas,1139.981,2016,4
174,2016-04-12,Destiny Goodman,Westbury,Electra Girl's Hawaii 1 (16-inch) - 2015/2016,Children Bicycles,Electra,2,269.99,0.2,Baldwin Bikes,Venita Daniel,431.98400000000004,2016,4
174,2016-04-12,Destiny Goodman,Westbury,Pure Cycles William 3-Speed - 2016,Cruisers Bicycles,Pure Cycles,2,449.0,0.1,Baldwin Bikes,Venita Daniel,808.2,2016,4
175,2016-04-13,Steve Bender,Scarsdale,Heller Shagamaw Frame - 2016,Mountain Bikes,Heller,1,1320.99,0.1,Baldwin Bikes,Marcelene Boyer,1188.891,2016,4
175,2016-04-13,Steve Bender,Scarsdale,Ritchey Timberwolf Frameset - 2016,Mountain Bikes,Ritchey,2,749.99,0.2,Baldwin Bikes,Marcelene Boyer,1199.9840000000002,2016,4
175,2016-04-13,Steve Bender,Scarsdale,Electra Cruiser 1 (24-Inch) - 2016,Children Bicycles,Electra,2,269.99,0.1,Baldwin Bikes,Marcelene Boyer,485.982,2016,4
175,2016-04-13,Steve Bender,Scarsdale,Pure Cycles William 3-Speed - 2016,Cruisers Bicycles,Pure Cycles,1,449.0,0.07,Baldwin Bikes,Marcelene Boyer,417.57,2016,4
176,2016-04-15,Melba Wilkinson,Floral Park,Ritchey Timberwolf Frameset - 2016,Mountain Bikes,Ritchey,2,749.99,0.07,Baldwin Bikes,Venita Daniel,1394.9814,2016,4
176,2016-04-15,Melba Wilkinson,Floral Park,Surly Straggler 650b - 2016,Cyclocross Bicycles,Surly,2,1680.99,0.2,Baldwin Bikes,Venita Daniel,2689.5840000000003,2016,4
176,2016-04-15,Melba Wilkinson,Floral Park,Electra Townie Original 7D EQ - 2016,Cruisers Bicycles,Electra,2,599.99,0.05,Baldwin Bikes,Venita Daniel,1139.981,2016,4
177,2016-04-16,Lucy Woods,Palos Verdes Peninsula,Electra Townie Original 7D EQ - Women's - 2016,Cruisers Bicycles,Electra,2,599.99,0.1,Santa Cruz Bikes,Mireya Copeland,1079.982,2016,4
178,2016-04-16,Graig Roth,West Babylon,Surly Straggler - 2016,Cyclocross Bicycles,Surly,2,1549.0,0.2,Baldwin Bikes,Marcelene Boyer,2478.4,2016,4
178,2016-04-16,Graig Roth,West Babylon,Electra Townie Original 21D - 2016,Cruisers Bicycles,Electra,1,549.99,0.05,Baldwin Bikes,Marcelene Boyer,522.4905,2016,4
178,2016-04-16,Graig Roth,West Babylon,Surly Wednesday Frameset - 2016,Mountain Bikes,Surly,1,999.99,0.1,Baldwin Bikes,Marcelene Boyer,899.991,2016,4
178,2016-04-16,Graig Roth,West Babylon,Pure Cycles Western 3-Speed - Women's - 2015/2016,Cruisers Bicycles,Pure Cycles,1,449.0,0.07,Baldwin Bikes,Marcelene Boyer,417.57,2016,4
179,2016-04-17,Shery Acosta,Saratoga Springs,Electra Cruiser 1 (24-Inch) - 2016,Cruisers Bicycles,Electra,2,269.99,0.05,Baldwin Bikes,Marcelene Boyer,512.981,2016,4
179,2016-04-17,Shery Acosta,Saratoga Springs,Electra Townie Original 7D EQ - 2016,Comfort Bicycles,Electra,1,599.99,0.1,Baldwin Bikes,Marcelene Boyer,539.991,2016,4
179,2016-04-17,Shery Acosta,Saratoga Springs,Pure Cycles Western 3-Speed - Women's - 2015/2016,Cruisers Bicycles,Pure Cycles,1,449.0,0.2,Baldwin Bikes,Marcelene Boyer,359.20000000000005,2016,4
179,2016-04-17,Shery Acosta,Saratoga Springs,Electra Townie Original 21D - 2016,Cruisers Bicycles,Electra,2,549.99,0.2,Baldwin Bikes,Marcelene Boyer,879.984,2016,4
179,2016-04-17,Shery Acosta,Saratoga Springs,Electra Townie Original 7D EQ - Women's - 2016,Cruisers Bicycles,Electra,2,599.99,0.1,Baldwin Bikes,Marcelene Boyer,1079.982,2016,4
180,2016-04-17,Kristel Bullock,Smithtown,Electra Townie Original 7D EQ - 2016,Cruisers Bicycles,Electra,1,599.99,0.07,Baldwin Bikes,Venita Daniel,557.9907,2016,4
181,2016-04-18,Latosha Dalton,Bakersfield,Surly Straggler - 2016,Cyclocross Bicycles,Surly,1,1549.0,0.05,Santa Cruz Bikes,Genna Serrano,1471.55,2016,4
181,2016-04-18,Latosha Dalton,Bakersfield,Surly Straggler 650b - 2016,Cyclocross Bicycles,Surly,1,1680.99,0.1,Santa Cruz Bikes,Genna Serrano,1512.891,2016,4
181,2016-04-18,Latosha Dalton,Bakersfield,Electra Moto 1 - 2016,Cruisers Bicycles,Electra,2,529.99,0.2,Santa Cruz Bikes,Genna Serrano,847.984,2016,4
181,2016-04-18,Latosha Dalton,Bakersfield,Electra Townie Original 21D - 2016,Comfort Bicycles,Electra,2,549.99,0.05,Santa Cruz Bikes,Genna Serrano,1044.981,2016,4
182,2016-04-18,Phylis Adkins,New York,Electra Townie Original 7D - 2015/2016,Comfort Bicycles,Electra,2,499.99,0.05,Baldwin Bikes,Marcelene Boyer,949.981,2016,4
182,2016-04-18,Phylis Adkins,New York,Electra Townie Original 21D - 2016,Comfort Bicycles,Electra,2,549.99,0.07,Baldwin Bikes,Marcelene Boyer,1022.9813999999999,2016,4
183,2016-04-19,Adelle Larsen,East Northport,Surly Straggler 650b - 2016,Cyclocross Bicycles,Surly,2,1680.99,0.2,Baldwin Bikes,Venita Daniel,2689.5840000000003,2016,4
183,2016-04-19,Adelle Larsen,East Northport,Electra Townie Original 21D - 2016,Cruisers Bicycles,Electra,2,549.99,0.05,Baldwin Bikes,Venita Daniel,1044.981,2016,4
183,2016-04-19,Adelle Larsen,East Northport,Pure Cycles William 3-Speed - 2016,Cruisers Bicycles,Pure Cycles,1,449.0,0.07,Baldwin Bikes,Venita Daniel,417.57,2016,4
183,2016-04-19,Adelle Larsen,East Northport,Pure Cycles Vine 8-Speed - 2016,Cruisers Bicycles,Pure Cycles,1,429.0,0.07,Baldwin Bikes,Venita Daniel,398.96999999999997,2016,4
184,2016-04-19,Brianna Moss,Hempstead,Trek Fuel EX 8 29 - 2016,Mountain Bikes,Trek,1,2899.99,0.2,Baldwin Bikes,Venita Daniel,2319.9919999999997,2016,4
184,2016-04-19,Brianna Moss,Hempstead,Heller Shagamaw Frame - 2016,Mountain Bikes,Heller,1,1320.99,0.1,Baldwin Bikes,Venita Daniel,1188.891,2016,4
184,2016-04-19,Brianna Moss,Hempstead,Electra Girl's Hawaii 1 (16-inch) - 2015/2016,Cruisers Bicycles,Electra,1,269.99,0.1,Baldwin Bikes,Venita Daniel,242.991,2016,4
185,2016-04-20,Corene Wall,Atwater,Electra Townie Original 7D EQ - Women's - 2016,Cruisers Bicycles,Electra,1,599.99,0.1,Santa Cruz Bikes,Mireya Copeland,539.991,2016,4
185,2016-04-20,Corene Wall,Atwater,Trek Remedy 29 Carbon Frameset - 2016,Mountain Bikes,Trek,1,1799.99,0.05,Santa Cruz Bikes,Mireya Copeland,1709.9904999999999,2016,4
186,2016-04-21,Waldo Hart,Queensbury,Trek Fuel EX 8 29 - 2016,Mountain Bikes,Trek,1,2899.99,0.1,Baldwin Bikes,Marcelene Boyer,2609.991,2016,4
186,2016-04-21,Waldo Hart,Queensbury,Surly Ice Cream Truck Frameset - 2016,Mountain Bikes,Surly,1,469.99,0.1,Baldwin Bikes,Marcelene Boyer,422.99100000000004,2016,4
187,2016-04-22,Jeniffer Ratliff,Floral Park,Heller Shagamaw Frame - 2016,Mountain Bikes,Heller,1,1320.99,0.05,Baldwin Bikes,Marcelene Boyer,1254.9405,2016,4
188,2016-04-22,Lorrie Pollard,Ronkonkoma,Trek Slash 8 27.5 - 2016,Mountain Bikes,Trek,2,3999.99,0.07,Baldwin Bikes,Marcelene Boyer,7439.981399999999,2016,4
189,2016-04-23,Allie Conley,Lawndale,Electra Townie Original 7D EQ - 2016,Cruisers Bicycles,Electra,2,599.99,0.2,Santa Cruz Bikes,Mireya Copeland,959.984,2016,4
190,2016-04-23,Violet Valenzuela,Plattsburgh,Electra Townie Original 21D - 2016,Comfort Bicycles,Electra,1,549.99,0.05,Baldwin Bikes,Marcelene Boyer,522.4905,2016,4
190,2016-04-23,Violet Valenzuela,Plattsburgh,Electra Moto 1 - 2016,Cruisers Bicycles,Electra,1,529.99,0.2,Baldwin Bikes,Marcelene Boyer,423.992,2016,4
190,2016-04-23,Violet Valenzuela,Plattsburgh,Surly Wednesday Frameset - 2016,Mountain Bikes,Surly,2,999.99,0.2,Baldwin Bikes,Marcelene Boyer,1599.9840000000002,2016,4
191,2016-04-27,Ruthanne Hoover,Torrance,Electra Townie Original 7D - 2015/2016,Comfort Bicycles,Electra,1,499.99,0.05,Santa Cruz Bikes,Mireya Copeland,474.9905,2016,4
191,2016-04-27,Ruthanne Hoover,Torrance,Electra Townie Original 21D - 2016,Cruisers Bicycles,Electra,2,549.99,0.2,Santa Cruz Bikes,Mireya Copeland,879.984,2016,4
191,2016-04-27,Ruthanne Hoover,Torrance,Surly Wednesday Frameset - 2016,Mountain Bikes,Surly,1,999.99,0.07,Santa Cruz Bikes,Mireya Copeland,929.9907,2016,4
191,2016-04-27,Ruthanne Hoover,Torrance,Trek Remedy 29 Carbon Frameset - 2016,Mountain Bikes,Trek,2,1799.99,0.05,Santa Cruz Bikes,Mireya Copeland,3419.9809999999998,2016,4
191,2016-04-27,Ruthanne Hoover,Torrance,Electra Girl's Hawaii 1 (20-inch) - 2015/2016,Children Bicycles,Electra,1,299.99,0.05,Santa Cruz Bikes,Mireya Copeland,284.9905,2016,4
192,2016-04-27,Viva Dawson,Orchard Park,Trek Remedy 29 Carbon Frameset - 2016,Mountain Bikes,Trek,2,1799.99,0.1,Baldwin Bikes,Venita Daniel,3239.982,2016,4
192,2016-04-27,Viva Dawson,Orchard Park,Electra Townie Original 7D - 2015/2016,Comfort Bicycles,Electra,1,499.99,0.07,Baldwin Bikes,Venita Daniel,464.9907,2016,4
192,2016-04-27,Viva Dawson,Orchard Park,Ritchey Timberwolf Frameset - 2016,Mountain Bikes,Ritchey,1,749.99,0.05,Baldwin Bikes,Venita Daniel,712.4905,2016,4
192,2016-04-27,Viva Dawson,Orchard Park,Electra Townie Original 21D - 2016,Comfort Bicycles,Electra,2,549.99,0.07,Baldwin Bikes,Venita Daniel,1022.9813999999999,2016,4
192,2016-04-27,Viva Dawson,Orchard Park,Surly Straggler - 2016,Cyclocross Bicycles,Surly,2,1549.0,0.2,Baldwin Bikes,Venita Daniel,2478.4,2016,4
193,2016-04-28,Trena Rogers,Campbell,Electra Townie Original 21D - 2016,Cruisers Bicycles,Electra,2,549.99,0.1,Santa Cruz Bikes,Genna Serrano,989.9820000000001,2016,4
194,2016-04-28,Carroll Kelly,Monroe,Electra Cruiser 1 (24-Inch) - 2016,Children Bicycles,Electra,2,269.99,0.2,Baldwin Bikes,Venita Daniel,431.98400000000004,2016,4
195,2016-04-28,Kasha Sullivan,Scarsdale,Pure Cycles Western 3-Speed - Women's - 2015/2016,Cruisers Bicycles,Pure Cycles,1,449.0,0.2,Baldwin Bikes,Venita Daniel,359.20000000000005,2016,4
195,2016-04-28,Kasha Sullivan,Scarsdale,Electra Girl's Hawaii 1 (16-inch) - 2015/2016,Cruisers Bicycles,Electra,1,269.99,0.05,Baldwin Bikes,Venita Daniel,256.4905,2016,4
195,2016-04-28,Kasha Sullivan,Scarsdale,Heller Shagamaw Frame - 2016,Mountain Bikes,Heller,2,1320.99,0.2,Baldwin Bikes,Venita Daniel,2113.5840000000003,2016,4
195,2016-04-28,Kasha Sullivan,Scarsdale,Trek Fuel EX 8 29 - 2016,Mountain Bikes,Trek,2,2899.99,0.2,Baldwin Bikes,Venita Daniel,4639.9839999999995,2016,4
195,2016-04-28,Kasha Sullivan,Scarsdale,Electra Cruiser 1 (24-Inch) - 2016,Children Bicycles,Electra,2,269.99,0.1,Baldwin Bikes,Venita Daniel,485.982,2016,4
196,2016-04-28,Tammie Cherry,Massapequa,Surly Ice Cream Truck Frameset - 2016,Mountain Bikes,Surly,1,469.99,0.05,Baldwin Bikes,Marcelene Boyer,446.4905,2016,4
196,2016-04-28,Tammie Cherry,Massapequa,Surly Wednesday Frameset - 2016,Mountain Bikes,Surly,2,999.99,0.07,Baldwin Bikes,Marcelene Boyer,1859.9814,2016,4
196,2016-04-28,Tammie Cherry,Massapequa,Surly Straggler - 2016,Cyclocross Bicycles,Surly,2,1549.0,0.07,Baldwin Bikes,Marcelene Boyer,2881.14,2016,4
196,2016-04-28,Tammie Cherry,Massapequa,Electra Townie Original 21D - 2016,Cruisers Bicycles,Electra,1,549.99,0.07,Baldwin Bikes,Marcelene Boyer,511.49069999999995,2016,4
196,2016-04-28,Tammie Cherry,Massapequa,Electra Townie Original 7D EQ - Women's - 2016,Cruisers Bicycles,Electra,1,599.99,0.1,Baldwin Bikes,Marcelene Boyer,539.991,2016,4
197,2016-04-30,Erlinda Nielsen,Maspeth,Trek Fuel EX 8 29 - 2016,Mountain Bikes,Trek,2,2899.99,0.2,Baldwin Bikes,Venita Daniel,4639.9839999999995,2016,4
197,2016-04-30,Erlinda Nielsen,Maspeth,Ritchey Timberwolf Frameset - 2016,Mountain Bikes,Ritchey,2,749.99,0.07,Baldwin Bikes,Venita Daniel,1394.9814,2016,4
198,2016-05-01,Allison Nolan,New City,Surly Ice Cream Truck Frameset - 2016,Mountain Bikes,Surly,2,469.99,0.05,Baldwin Bikes,Marcelene Boyer,892.981,2016,5
198,2016-05-01,Allison Nolan,New City,Electra Townie Original 7D EQ - Women's - 2016,Cruisers Bicycles,Electra,2,599.99,0.07,Baldwin Bikes,Marcelene Boyer,1115.9814,2016,5
198,2016-05-01,Allison Nolan,New City,Trek Remedy 29 Carbon Frameset - 2016,Mountain Bikes,Trek,2,1799.99,0.2,Baldwin Bikes,Marcelene Boyer,2879.9840000000004,2016,5
198,2016-05-01,Allison Nolan,New City,Electra Cruiser 1 (24-Inch) - 2016,Cruisers Bicycles,Electra,2,269.99,0.05,Baldwin Bikes,Marcelene Boyer,512.981,2016,5
198,2016-05-01,Allison Nolan,New City,Pure Cycles Vine 8-Speed - 2016,Cruisers Bicycles,Pure Cycles,1,429.0,0.05,Baldwin Bikes,Marcelene Boyer,407.54999999999995,2016,5
199,2016-05-01,Marisa Chambers,Amityville,Electra Townie Original 7D - 2015/2016,Comfort Bicycles,Electra,2,499.99,0.05,Baldwin Bikes,Venita Daniel,949.981,2016,5
199,2016-05-01,Marisa Chambers,Amityville,Pure Cycles Western 3-Speed - Women's - 2015/2016,Cruisers Bicycles,Pure Cycles,2,449.0,0.07,Baldwin Bikes,Venita Daniel,835.14,2016,5
199,2016-05-01,Marisa Chambers,Amityville,Trek Fuel EX 8 29 - 2016,Mountain Bikes,Trek,1,2899.99,0.2,Baldwin Bikes,Venita Daniel,2319.9919999999997,2016,5
200,2016-05-01,Lanelle Guerra,Floral Park,Electra Girl's Hawaii 1 (20-inch) - 2015/2016,Children Bicycles,Electra,2,299.99,0.05,Baldwin Bikes,Marcelene Boyer,569.981,2016,5
200,2016-05-01,Lanelle Guerra,Floral Park,Electra Girl's Hawaii 1 (16-inch) - 2015/2016,Children Bicycles,Electra,2,269.99,0.07,Baldwin Bikes,Marcelene Boyer,502.1814,2016,5
201,2016-05-01,Brenda Tate,San Angelo,Electra Townie Original 21D - 2016,Comfort Bicycles,Electra,1,549.99,0.05,Rowlett Bikes,Layla Terrell,522.4905,2016,5
201,2016-05-01,Brenda Tate,San Angelo,Trek Slash 8 27.5 - 2016,Mountain Bikes,Trek,1,3999.99,0.2,Rowlett Bikes,Layla Terrell,3199.992,2016,5
201,2016-05-01,Brenda Tate,San Angelo,Electra Girl's Hawaii 1 (16-inch) - 2015/2016,Cruisers Bicycles,Electra,2,269.99,0.1,Rowlett Bikes,Layla Terrell,485.982,2016,5
201,2016-05-01,Brenda Tate,San Angelo,Pure Cycles Vine 8-Speed - 2016,Cruisers Bicycles,Pure Cycles,1,429.0,0.05,Rowlett Bikes,Layla Terrell,407.54999999999995,2016,5
202,2016-05-03,Joi Reeves,San Diego,Trek Remedy 29 Carbon Frameset - 2016,Mountain Bikes,Trek,1,1799.99,0.07,Santa Cruz Bikes,Mireya Copeland,1673.9906999999998,2016,5
202,2016-05-03,Joi Reeves,San Diego,Pure Cycles Vine 8-Speed - 2016,Cruisers Bicycles,Pure Cycles,1,429.0,0.05,Santa Cruz Bikes,Mireya Copeland,407.54999999999995,2016,5
202,2016-05-03,Joi Reeves,San Diego,Electra Moto 1 - 2016,Cruisers Bicycles,Electra,2,529.99,0.05,Santa Cruz Bikes,Mireya Copeland,1006.981,2016,5
202,2016-05-03,Joi Reeves,San Diego,Electra Townie Original 7D - 2015/2016,Comfort Bicycles,Electra,2,499.99,0.05,Santa Cruz Bikes,Mireya Copeland,949.981,2016,5
203,2016-05-03,Henrietta Wagner,Fort Worth,Electra Townie Original 7D EQ - 2016,Comfort Bicycles,Electra,1,599.99,0.05,Rowlett Bikes,Layla Terrell,569.9905,2016,5
203,2016-05-03,Henrietta Wagner,Fort Worth,Surly Wednesday Frameset - 2016,Mountain Bikes,Surly,2,999.99,0.1,Rowlett Bikes,Layla Terrell,1799.982,2016,5
203,2016-05-03,Henrietta Wagner,Fort Worth,Pure Cycles Vine 8-Speed - 2016,Cruisers Bicycles,Pure Cycles,2,429.0,0.2,Rowlett Bikes,Layla Terrell,686.4000000000001,2016,5
203,2016-05-03,Henrietta Wagner,Fort Worth,Pure Cycles William 3-Speed - 2016,Cruisers Bicycles,Pure Cycles,2,449.0,0.07,Rowlett Bikes,Layla Terrell,835.14,2016,5
204,2016-05-04,Danilo Holmes,Hicksville,Surly Ice Cream Truck Frameset - 2016,Mountain Bikes,Surly,2,469.99,0.07,Baldwin Bikes,Venita Daniel,874.1813999999999,2016,5
204,2016-05-04,Danilo Holmes,Hicksville,Pure Cycles Vine 8-Speed - 2016,Cruisers Bicycles,Pure Cycles,2,429.0,0.1,Baldwin Bikes,Venita Daniel,772.2,2016,5
205,2016-05-04,Myrtie James,Merrick,Electra Girl's Hawaii 1 (16-inch) - 2015/2016,Children Bicycles,Electra,2,269.99,0.05,Baldwin Bikes,Marcelene Boyer,512.981,2016,5
205,2016-05-04,Myrtie James,Merrick,Electra Townie Original 21D - 2016,Comfort Bicycles,Electra,2,549.99,0.1,Baldwin Bikes,Marcelene Boyer,989.9820000000001,2016,5
206,2016-05-04,Tania Swanson,Longview,Electra Townie Original 7D - 2015/2016,Comfort Bicycles,Electra,1,499.99,0.05,Rowlett Bikes,Layla Terrell,474.9905,2016,5
206,2016-05-04,Tania Swanson,Longview,Electra Townie Original 7D EQ - Women's - 2016,Cruisers Bicycles,Electra,1,599.99,0.2,Rowlett Bikes,Layla Terrell,479.992,2016,5
207,2016-05-05,Marget Hodge,Woodhaven,Electra Townie Original 21D - 2016,Cruisers Bicycles,Electra,2,549.99,0.2,Baldwin Bikes,Venita Daniel,879.984,2016,5
207,2016-05-05,Marget Hodge,Woodhaven,Heller Shagamaw Frame - 2016,Mountain Bikes,Heller,1,1320.99,0.05,Baldwin Bikes,Venita Daniel,1254.9405,2016,5
207,2016-05-05,Marget Hodge,Woodhaven,Surly Straggler 650b - 2016,Cyclocross Bicycles,Surly,2,1680.99,0.07,Baldwin Bikes,Venita Daniel,3126.6414,2016,5
207,2016-05-05,Marget Hodge,Woodhaven,Trek Slash 8 27.5 - 2016,Mountain Bikes,Trek,2,3999.99,0.1,Baldwin Bikes,Venita Daniel,7199.982,2016,5
208,2016-05-06,Leanna Manning,Hicksville,Surly Ice Cream Truck Frameset - 2016,Mountain Bikes,Surly,2,469.99,0.05,Baldwin Bikes,Venita Daniel,892.981,2016,5
208,2016-05-06,Leanna Manning,Hicksville,Trek Fuel EX 8 29 - 2016,Mountain Bikes,Trek,2,2899.99,0.07,Baldwin Bikes,Venita Daniel,5393.9814,2016,5
208,2016-05-06,Leanna Manning,Hicksville,Surly Wednesday Frameset - 2016,Mountain Bikes,Surly,1,999.99,0.05,Baldwin Bikes,Venita Daniel,949.9905,2016,5
208,2016-05-06,Leanna Manning,Hicksville,Electra Townie Original 21D - 2016,Cruisers Bicycles,Electra,1,549.99,0.2,Baldwin Bikes,Venita Daniel,439.992,2016,5
208,2016-05-06,Leanna Manning,Hicksville,Surly Straggler - 2016,Cyclocross Bicycles,Surly,2,1549.0,0.05,Baldwin Bikes,Venita Daniel,2943.1,2016,5
209,2016-05-07,Clarita Curry,Hollis,Electra Cruiser 1 (24-Inch) - 2016,Cruisers Bicycles,Electra,1,269.99,0.1,Baldwin Bikes,Marcelene Boyer,242.991,2016,5
210,2016-05-07,Lynn Mcmahon,Scarsdale,Electra Girl's Hawaii 1 (16-inch) - 2015/2016,Cruisers Bicycles,Electra,1,269.99,0.07,Baldwin Bikes,Marcelene Boyer,251.0907,2016,5
210,2016-05-07,Lynn Mcmahon,Scarsdale,Electra Cruiser 1 (24-Inch) - 2016,Cruisers Bicycles,Electra,2,269.99,0.2,Baldwin Bikes,Marcelene Boyer,431.98400000000004,2016,5
211,2016-05-07,Penney Hall,Liverpool,Surly Straggler - 2016,Cyclocross Bicycles,Surly,1,1549.0,0.07,Baldwin Bikes,Marcelene Boyer,1440.57,2016,5
211,2016-05-07,Penney Hall,Liverpool,Ritchey Timberwolf Frameset - 2016,Mountain Bikes,Ritchey,2,749.99,0.07,Baldwin Bikes,Marcelene Boyer,1394.9814,2016,5
212,2016-05-08,Lanora Robbins,West Babylon,Electra Townie Original 7D EQ - 2016,Cruisers Bicycles,Electra,2,599.99,0.07,Baldwin Bikes,Marcelene Boyer,1115.9814,2016,5
212,2016-05-08,Lanora Robbins,West Babylon,Electra Townie Original 21D - 2016,Cruisers Bicycles,Electra,2,549.99,0.2,Baldwin Bikes,Marcelene Boyer,879.984,2016,5
212,2016-05-08,Lanora Robbins,West Babylon,Pure Cycles William 3-Speed - 2016,Cruisers Bicycles,Pure Cycles,1,449.0,0.1,Baldwin Bikes,Marcelene Boyer,404.1,2016,5
212,2016-05-08,Lanora Robbins,West Babylon,Trek Slash 8 27.5 - 2016,Mountain Bikes,Trek,1,3999.99,0.2,Baldwin Bikes,Marcelene Boyer,3199.992,2016,5
213,2016-05-08,Lilliam Nolan,Copperas Cove,Electra Cruiser 1 (24-Inch) - 2016,Cruisers Bicycles,Electra,1,269.99,0.1,Rowlett Bikes,Kali Vargas,242.991,2016,5
214,2016-05-10,Kaci Gallegos,Ballston Spa,Electra Cruiser 1 (24-Inch) - 2016,Children Bicycles,Electra,1,269.99,0.1,Baldwin Bikes,Marcelene Boyer,242.991,2016,5
215,2016-05-10,Kelsey Noble,Mount Vernon,Pure Cycles William 3-Speed - 2016,Cruisers Bicycles,Pure Cycles,1,449.0,0.07,Baldwin Bikes,Venita Daniel,417.57,2016,5
215,2016-05-10,Kelsey Noble,Mount Vernon,Electra Townie Original 21D - 2016,Cruisers Bicycles,Electra,2,549.99,0.1,Baldwin Bikes,Venita Daniel,989.9820000000001,2016,5
216,2016-05-11,Angelina Lloyd,Apple Valley,Electra Girl's Hawaii 1 (16-inch) - 2015/2016,Children Bicycles,Electra,2,269.99,0.1,Santa Cruz Bikes,Genna Serrano,485.982,2016,5
216,2016-05-11,Angelina Lloyd,Apple Valley,Electra Townie Original 7D EQ - 2016,Cruisers Bicycles,Electra,2,599.99,0.05,Santa Cruz Bikes,Genna Serrano,1139.981,2016,5
217,2016-05-11,Sebrina Hart,Coram,Pure Cycles Western 3-Speed - Women's - 2015/2016,Cruisers Bicycles,Pure Cycles,1,449.0,0.1,Baldwin Bikes,Venita Daniel,404.1,2016,5
217,2016-05-11,Sebrina Hart,Coram,Surly Straggler - 2016,Cyclocross Bicycles,Surly,2,1549.0,0.1,Baldwin Bikes,Venita Daniel,2788.2000000000003,2016,5
217,2016-05-11,Sebrina Hart,Coram,Pure Cycles Vine 8-Speed - 2016,Cruisers Bicycles,Pure Cycles,1,429.0,0.07,Baldwin Bikes,Venita Daniel,398.96999999999997,2016,5
218,2016-05-12,Vernetta Banks,Brooklyn,Ritchey Timberwolf Frameset - 2016,Mountain Bikes,Ritchey,2,749.99,0.1,Baldwin Bikes,Venita Daniel,1349.982,2016,5
218,2016-05-12,Vernetta Banks,Brooklyn,Electra Cruiser 1 (24-Inch) - 2016,Cruisers Bicycles,Electra,1,269.99,0.07,Baldwin Bikes,Venita Daniel,251.0907,2016,5
218,2016-05-12,Vernetta Banks,Brooklyn,Electra Townie Original 21D - 2016,Cruisers Bicycles,Electra,1,549.99,0.05,Baldwin Bikes,Venita Daniel,522.4905,2016,5
219,2016-05-12,Inez Snider,Ronkonkoma,Electra Townie Original 7D EQ - 2016,Comfort Bicycles,Electra,1,599.99,0.05,Baldwin Bikes,Marcelene Boyer,569.9905,2016,5
219,2016-05-12,Inez Snider,Ronkonkoma,Heller Shagamaw Frame - 2016,Mountain Bikes,Heller,1,1320.99,0.2,Baldwin Bikes,Marcelene Boyer,1056.7920000000001,2016,5
220,2016-05-12,Noble Glover,Orchard Park,Surly Ice Cream Truck Frameset - 2016,Mountain Bikes,Surly,2,469.99,0.05,Baldwin Bikes,Marcelene Boyer,892.981,2016,5
220,2016-05-12,Noble Glover,Orchard Park,Electra Townie Original 7D - 2015/2016,Comfort Bicycles,Electra,1,499.99,0.07,Baldwin Bikes,Marcelene Boyer,464.9907,2016,5
220,2016-05-12,Noble Glover,Orchard Park,Electra Girl's Hawaii 1 (16-inch) - 2015/2016,Children Bicycles,Electra,2,269.99,0.1,Baldwin Bikes,Marcelene Boyer,485.982,2016,5
220,2016-05-12,Noble Glover,Orchard Park,Surly Wednesday Frameset - 2016,Mountain Bikes,Surly,2,999.99,0.2,Baldwin Bikes,Marcelene Boyer,1599.9840000000002,2016,5
221,2016-05-13,Donovan Cantrell,Oakland,Surly Straggler 650b - 2016,Cyclocross Bicycles,Surly,2,1680.99,0.07,Santa Cruz Bikes,Mireya Copeland,3126.6414,2016,5
222,2016-05-13,Gertrud Rhodes,Merrick,Surly Straggler - 2016,Cyclocross Bicycles,Surly,1,1549.0,0.1,Baldwin Bikes,Marcelene Boyer,1394.1000000000001,2016,5
222,2016-05-13,Gertrud Rhodes,Merrick,Ritchey Timberwolf Frameset - 2016,Mountain Bikes,Ritchey,2,749.99,0.1,Baldwin Bikes,Marcelene Boyer,1349.982,2016,5
223,2016-05-15,Veronique Fulton,Ballston Spa,Trek Slash 8 27.5 - 2016,Mountain Bikes,Trek,2,3999.99,0.05,Baldwin Bikes,Venita Daniel,7599.980999999999,2016,5
223,2016-05-15,Veronique Fulton,Ballston Spa,Heller Shagamaw Frame - 2016,Mountain Bikes,Heller,1,1320.99,0.2,Baldwin Bikes,Venita Daniel,1056.7920000000001,2016,5
223,2016-05-15,Veronique Fulton,Ballston Spa,Electra Cruiser 1 (24-Inch) - 2016,Children Bicycles,Electra,2,269.99,0.1,Baldwin Bikes,Venita Daniel,485.982,2016,5
223,2016-05-15,Veronique Fulton,Ballston Spa,Electra Townie Original 7D EQ - Women's - 2016,Cruisers Bicycles,Electra,1,599.99,0.05,Baldwin Bikes,Venita Daniel,569.9905,2016,5
223,2016-05-15,Veronique Fulton,Ballston Spa,Electra Moto 1 - 2016,Cruisers Bicycles,Electra,1,529.99,0.05,Baldwin Bikes,Venita Daniel,503.4905,2016,5
224,2016-05-17,Carola Rodriquez,Banning,Surly Ice Cream Truck Frameset - 2016,Mountain Bikes,Surly,1,469.99,0.07,Santa Cruz Bikes,Genna Serrano,437.09069999999997,2016,5
224,2016-05-17,Carola Rodriquez,Banning,Surly Straggler 650b - 2016,Cyclocross Bicycles,Surly,2,1680.99,0.1,Santa Cruz Bikes,Genna Serrano,3025.782,2016,5
224,2016-05-17,Carola Rodriquez,Banning,Surly Straggler - 2016,Cyclocross Bicycles,Surly,2,1549.0,0.2,Santa Cruz Bikes,Genna Serrano,2478.4,2016,5
224,2016-05-17,Carola Rodriquez,Banning,Electra Townie Original 7D - 2015/2016,Comfort Bicycles,Electra,1,499.99,0.05,Santa Cruz Bikes,Genna Serrano,474.9905,2016,5
225,2016-05-17,Fransisca Nicholson,Glendora,Electra Cruiser 1 (24-Inch) - 2016,Children Bicycles,Electra,1,269.99,0.1,Santa Cruz Bikes,Genna Serrano,242.991,2016,5
225,2016-05-17,Fransisca Nicholson,Glendora,Trek Conduit+ - 2016,Electric Bikes,Trek,1,2999.99,0.1,Santa Cruz Bikes,Genna Serrano,2699.991,2016,5
226,2016-05-17,Tony Hicks,Anaheim,Ritchey Timberwolf Frameset - 2016,Mountain Bikes,Ritchey,1,749.99,0.05,Santa Cruz Bikes,Mireya Copeland,712.4905,2016,5
227,2016-05-17,Kirstie Vazquez,Saratoga Springs,Surly Wednesday Frameset - 2016,Mountain Bikes,Surly,2,999.99,0.05,Baldwin Bikes,Venita Daniel,1899.981,2016,5
227,2016-05-17,Kirstie Vazquez,Saratoga Springs,Electra Moto 1 - 2016,Cruisers Bicycles,Electra,2,529.99,0.1,Baldwin Bikes,Venita Daniel,953.9820000000001,2016,5
228,2016-05-17,Jamika Blanchard,Fresh Meadows,Electra Townie Original 7D - 2015/2016,Comfort Bicycles,Electra,1,499.99,0.2,Baldwin Bikes,Venita Daniel,399.992,2016,5
228,2016-05-17,Jamika Blanchard,Fresh Meadows,Ritchey Timberwolf Frameset - 2016,Mountain Bikes,Ritchey,2,749.99,0.07,Baldwin Bikes,Venita Daniel,1394.9814,2016,5
228,2016-05-17,Jamika Blanchard,Fresh Meadows,Electra Girl's Hawaii 1 (20-inch) - 2015/2016,Children Bicycles,Electra,2,299.99,0.1,Baldwin Bikes,Venita Daniel,539.9820000000001,2016,5
228,2016-05-17,Jamika Blanchard,Fresh Meadows,Trek Fuel EX 8 29 - 2016,Mountain Bikes,Trek,1,2899.99,0.2,Baldwin Bikes,Venita Daniel,2319.9919999999997,2016,5
228,2016-05-17,Jamika Blanchard,Fresh Meadows,Electra Girl's Hawaii 1 (16-inch) - 2015/2016,Children Bicycles,Electra,1,269.99,0.05,Baldwin Bikes,Venita Daniel,256.4905,2016,5
229,2016-05-19,Evelina Manning,Mount Vernon,Electra Townie Original 7D - 2015/2016,Comfort Bicycles,Electra,2,499.99,0.2,Baldwin Bikes,Marcelene Boyer,799.984,2016,5
229,2016-05-19,Evelina Manning,Mount Vernon,Heller Shagamaw Frame - 2016,Mountain Bikes,Heller,2,1320.99,0.1,Baldwin Bikes,Marcelene Boyer,2377.782,2016,5
229,2016-05-19,Evelina Manning,Mount Vernon,Trek Remedy 29 Carbon Frameset - 2016,Mountain Bikes,Trek,1,1799.99,0.2,Baldwin Bikes,Marcelene Boyer,1439.9920000000002,2016,5
230,2016-05-19,Ryan Carter,Nanuet,Surly Straggler 650b - 2016,Cyclocross Bicycles,Surly,2,1680.99,0.07,Baldwin Bikes,Marcelene Boyer,3126.6414,2016,5
231,2016-05-19,Rosamaria Meyer,Webster,Trek Remedy 29 Carbon Frameset - 2016,Mountain Bikes,Trek,2,1799.99,0.07,Baldwin Bikes,Marcelene Boyer,3347.9813999999997,2016,5
231,2016-05-19,Rosamaria Meyer,Webster,Electra Girl's Hawaii 1 (16-inch) - 2015/2016,Cruisers Bicycles,Electra,2,269.99,0.2,Baldwin Bikes,Marcelene Boyer,431.98400000000004,2016,5
231,2016-05-19,Rosamaria Meyer,Webster,Heller Shagamaw Frame - 2016,Mountain Bikes,Heller,2,1320.99,0.2,Baldwin Bikes,Marcelene Boyer,2113.5840000000003,2016,5
232,2016-05-20,Latashia Travis,Upland,Pure Cycles Western 3-Speed - Women's - 2015/2016,Cruisers Bicycles,Pure Cycles,1,449.0,0.07,Santa Cruz Bikes,Genna Serrano,417.57,2016,5
232,2016-05-20,Latashia Travis,Upland,Surly Straggler 650b - 2016,Cyclocross Bicycles,Surly,2,1680.99,0.05,Santa Cruz Bikes,Genna Serrano,3193.881,2016,5
232,2016-05-20,Latashia Travis,Upland,Electra Townie Original 7D EQ - 2016,Comfort Bicycles,Electra,2,599.99,0.07,Santa Cruz Bikes,Genna Serrano,1115.9814,2016,5
232,2016-05-20,Latashia Travis,Upland,Trek Remedy 29 Carbon Frameset - 2016,Mountain Bikes,Trek,2,1799.99,0.1,Santa Cruz Bikes,Genna Serrano,3239.982,2016,5
233,2016-05-21,Melita Dominguez,Auburn,Electra Girl's Hawaii 1 (16-inch) - 2015/2016,Cruisers Bicycles,Electra,1,269.99,0.1,Baldwin Bikes,Marcelene Boyer,242.991,2016,5
233,2016-05-21,Melita Dominguez,Auburn,Electra Townie Original 7D EQ - 2016,Cruisers Bicycles,Electra,2,599.99,0.1,Baldwin Bikes,Marcelene Boyer,1079.982,2016,5
233,2016-05-21,Melita Dominguez,Auburn,Electra Townie Original 21D - 2016,Cruisers Bicycles,Electra,1,549.99,0.2,Baldwin Bikes,Marcelene Boyer,439.992,2016,5
233,2016-05-21,Melita Dominguez,Auburn,Electra Moto 1 - 2016,Cruisers Bicycles,Electra,2,529.99,0.07,Baldwin Bikes,Marcelene Boyer,985.7814,2016,5
234,2016-05-22,Merrie Fowler,Scarsdale,Surly Straggler 650b - 2016,Cyclocross Bicycles,Surly,2,1680.99,0.2,Baldwin Bikes,Marcelene Boyer,2689.5840000000003,2016,5
234,2016-05-22,Merrie Fowler,Scarsdale,Pure Cycles Vine 8-Speed - 2016,Cruisers Bicycles,Pure Cycles,2,429.0,0.05,Baldwin Bikes,Marcelene Boyer,815.0999999999999,2016,5
234,2016-05-22,Merrie Fowler,Scarsdale,Electra Townie Original 21D - 2016,Cruisers Bicycles,Electra,1,549.99,0.1,Baldwin Bikes,Marcelene Boyer,494.99100000000004,2016,5
234,2016-05-22,Merrie Fowler,Scarsdale,Trek Slash 8 27.5 - 2016,Mountain Bikes,Trek,1,3999.99,0.05,Baldwin Bikes,Marcelene Boyer,3799.9904999999994,2016,5
234,2016-05-22,Merrie Fowler,Scarsdale,Electra Girl's Hawaii 1 (20-inch) - 2015/2016,Children Bicycles,Electra,1,299.99,0.1,Baldwin Bikes,Marcelene Boyer,269.99100000000004,2016,5
235,2016-05-24,Eli Contreras,Ronkonkoma,Surly Ice Cream Truck Frameset - 2016,Mountain Bikes,Surly,1,469.99,0.07,Baldwin Bikes,Marcelene Boyer,437.09069999999997,2016,5
235,2016-05-24,Eli Contreras,Ronkonkoma,Electra Cruiser 1 (24-Inch) - 2016,Cruisers Bicycles,Electra,2,269.99,0.05,Baldwin Bikes,Marcelene Boyer,512.981,2016,5
235,2016-05-24,Eli Contreras,Ronkonkoma,Trek Slash 8 27.5 - 2016,Mountain Bikes,Trek,2,3999.99,0.05,Baldwin Bikes,Marcelene Boyer,7599.980999999999,2016,5
236,2016-05-25,Stephaine Riddle,Brooklyn,Surly Wednesday Frameset - 2016,Mountain Bikes,Surly,2,999.99,0.07,Baldwin Bikes,Marcelene Boyer,1859.9814,2016,5
236,2016-05-25,Stephaine Riddle,Brooklyn,Ritchey Timberwolf Frameset - 2016,Mountain Bikes,Ritchey,2,749.99,0.1,Baldwin Bikes,Marcelene Boyer,1349.982,2016,5
236,2016-05-25,Stephaine Riddle,Brooklyn,Trek Fuel EX 8 29 - 2016,Mountain Bikes,Trek,2,2899.99,0.1,Baldwin Bikes,Marcelene Boyer,5219.982,2016,5
237,2016-05-25,Carman Hardy,Jamestown,Electra Moto 1 - 2016,Cruisers Bicycles,Electra,1,529.99,0.2,Baldwin Bikes,Venita Daniel,423.992,2016,5
237,2016-05-25,Carman Hardy,Jamestown,Electra Townie Original 21D - 2016,Comfort Bicycles,Electra,1,549.99,0.07,Baldwin Bikes,Venita Daniel,511.49069999999995,2016,5
237,2016-05-25,Carman Hardy,Jamestown,Electra Townie Original 7D EQ - Women's - 2016,Cruisers Bicycles,Electra,2,599.99,0.2,Baldwin Bikes,Venita Daniel,959.984,2016,5
237,2016-05-25,Carman Hardy,Jamestown,Electra Townie Original 7D EQ - 2016,Comfort Bicycles,Electra,1,599.99,0.05,Baldwin Bikes,Venita Daniel,569.9905,2016,5
238,2016-05-26,Annett Rush,Rosedale,Electra Townie Original 7D EQ - Women's - 2016,Cruisers Bicycles,Electra,2,599.99,0.2,Baldwin Bikes,Marcelene Boyer,959.984,2016,5
238,2016-05-26,Annett Rush,Rosedale,Electra Townie Original 7D - 2015/2016,Comfort Bicycles,Electra,1,499.99,0.07,Baldwin Bikes,Marcelene Boyer,464.9907,2016,5
238,2016-05-26,Annett Rush,Rosedale,Electra Cruiser 1 (24-Inch) - 2016,Cruisers Bicycles,Electra,2,269.99,0.2,Baldwin Bikes,Marcelene Boyer,431.98400000000004,2016,5
238,2016-05-26,Annett Rush,Rosedale,Electra Girl's Hawaii 1 (16-inch) - 2015/2016,Children Bicycles,Electra,2,269.99,0.05,Baldwin Bikes,Marcelene Boyer,512.981,2016,5
238,2016-05-26,Annett Rush,Rosedale,Trek Slash 8 27.5 - 2016,Mountain Bikes,Trek,1,3999.99,0.07,Baldwin Bikes,Marcelene Boyer,3719.9906999999994,2016,5
239,2016-05-27,Lashawn Ortiz,Longview,Electra Townie Original 7D EQ - 2016,Cruisers Bicycles,Electra,2,599.99,0.1,Rowlett Bikes,Layla Terrell,1079.982,2016,5
239,2016-05-27,Lashawn Ortiz,Longview,Electra Cruiser 1 (24-Inch) - 2016,Children Bicycles,Electra,2,269.99,0.05,Rowlett Bikes,Layla Terrell,512.981,2016,5
239,2016-05-27,Lashawn Ortiz,Longview,Pure Cycles Western 3-Speed - Women's - 2015/2016,Cruisers Bicycles,Pure Cycles,1,449.0,0.07,Rowlett Bikes,Layla Terrell,417.57,2016,5
239,2016-05-27,Lashawn Ortiz,Longview,Trek Fuel EX 8 29 - 2016,Mountain Bikes,Trek,2,2899.99,0.07,Rowlett Bikes,Layla Terrell,5393.9814,2016,5
240,2016-05-27,Kanesha Vega,Rome,Trek Conduit+ - 2016,Electric Bikes,Trek,1,2999.99,0.07,Baldwin Bikes,Marcelene Boyer,2789.9907,2016,5
240,2016-05-27,Kanesha Vega,Rome,Trek Remedy 29 Carbon Frameset - 2016,Mountain Bikes,Trek,1,1799.99,0.07,Baldwin Bikes,Marcelene Boyer,1673.9906999999998,2016,5
240,2016-05-27,Kanesha Vega,Rome,Heller Shagamaw Frame - 2016,Mountain Bikes,Heller,1,1320.99,0.07,Baldwin Bikes,Marcelene Boyer,1228.5207,2016,5
240,2016-05-27,Kanesha Vega,Rome,Pure Cycles Western 3-Speed - Women's - 2015/2016,Cruisers Bicycles,Pure Cycles,2,449.0,0.07,Baldwin Bikes,Marcelene Boyer,835.14,2016,5
241,2016-05-27,Divina Madden,Long Beach,Trek Slash 8 27.5 - 2016,Mountain Bikes,Trek,1,3999.99,0.2,Baldwin Bikes,Venita Daniel,3199.992,2016,5
242,2016-05-27,Almeta Benjamin,Sunnyside,Surly Wednesday Frameset - 2016,Mountain Bikes,Surly,1,999.99,0.2,Baldwin Bikes,Venita Daniel,799.9920000000001,2016,5
243,2016-05-27,Barrett Sanders,Longview,Electra Townie Original 7D - 2015/2016,Comfort Bicycles,Electra,2,499.99,0.05,Rowlett Bikes,Kali Vargas,949.981,2016,5
243,2016-05-27,Barrett Sanders,Longview,Pure Cycles William 3-Speed - 2016,Cruisers Bicycles,Pure Cycles,2,449.0,0.07,Rowlett Bikes,Kali Vargas,835.14,2016,5
243,2016-05-27,Barrett Sanders,Longview,Trek Slash 8 27.5 - 2016,Mountain Bikes,Trek,2,3999.99,0.05,Rowlett Bikes,Kali Vargas,7599.980999999999,2016,5
244,2016-05-28,Venus Hewitt,Farmingdale,Pure Cycles William 3-Speed - 2016,Cruisers Bicycles,Pure Cycles,1,449.0,0.07,Baldwin Bikes,Marcelene Boyer,417.57,2016,5
244,2016-05-28,Venus Hewitt,Farmingdale,Electra Townie Original 7D - 2015/2016,Comfort Bicycles,Electra,1,499.99,0.2,Baldwin Bikes,Marcelene Boyer,399.992,2016,5
244,2016-05-28,Venus Hewitt,Farmingdale,Electra Girl's Hawaii 1 (16-inch) - 2015/2016,Children Bicycles,Electra,1,269.99,0.1,Baldwin Bikes,Marcelene Boyer,242.991,2016,5
245,2016-05-29,Scarlet Yates,Patchogue,Surly Straggler - 2016,Cyclocross Bicycles,Surly,2,1549.0,0.05,Baldwin Bikes,Venita Daniel,2943.1,2016,5
245,2016-05-29,Scarlet Yates,Patchogue,Trek Remedy 29 Carbon Frameset - 2016,Mountain Bikes,Trek,1,1799.99,0.1,Baldwin Bikes,Venita Daniel,1619.991,2016,5
246,2016-05-30,Caren Stephens,Scarsdale,Pure Cycles Vine 8-Speed - 2016,Cruisers Bicycles,Pure Cycles,2,429.0,0.2,Baldwin Bikes,Marcelene Boyer,686.4000000000001,2016,5
247,2016-05-30,Joann Barber,Santa Monica,Electra Townie Original 7D - 2015/2016,Comfort Bicycles,Electra,1,499.99,0.07,Santa Cruz Bikes,Genna Serrano,464.9907,2016,5
247,2016-05-30,Joann Barber,Santa Monica,Surly Wednesday Frameset - 2016,Mountain Bikes,Surly,1,999.99,0.2,Santa Cruz Bikes,Genna Serrano,799.9920000000001,2016,5
248,2016-05-30,Kimberley Reynolds,Port Washington,Electra Cruiser 1 (24-Inch) - 2016,Cruisers Bicycles,Electra,1,269.99,0.1,Baldwin Bikes,Venita Daniel,242.991,2016,5
248,2016-05-30,Kimberley Reynolds,Port Washington,Electra Townie Original 7D EQ - 2016,Comfort Bicycles,Electra,2,599.99,0.1,Baldwin Bikes,Venita Daniel,1079.982,2016,5
248,2016-05-30,Kimberley Reynolds,Port Washington,Pure Cycles Vine 8-Speed - 2016,Cruisers Bicycles,Pure Cycles,1,429.0,0.1,Baldwin Bikes,Venita Daniel,386.1,2016,5
248,2016-05-30,Kimberley Reynolds,Port Washington,Trek Conduit+ - 2016,Electric Bikes,Trek,1,2999.99,0.2,Baldwin Bikes,Venita Daniel,2399.9919999999997,2016,5
249,2016-06-01,Miquel Neal,Staten Island,Trek Slash 8 27.5 - 2016,Mountain Bikes,Trek,2,3999.99,0.05,Baldwin Bikes,Marcelene Boyer,7599.980999999999,2016,6
249,2016-06-01,Miquel Neal,Staten Island,Pure Cycles Western 3-Speed - Women's - 2015/2016,Cruisers Bicycles,Pure Cycles,2,449.0,0.05,Baldwin Bikes,Marcelene Boyer,853.0999999999999,2016,6
249,2016-06-01,Miquel Neal,Staten Island,Electra Girl's Hawaii 1 (16-inch) - 2015/2016,Children Bicycles,Electra,1,269.99,0.1,Baldwin Bikes,Marcelene Boyer,242.991,2016,6
250,2016-06-01,Weldon Michael,Huntington,Pure Cycles Vine 8-Speed - 2016,Cruisers Bicycles,Pure Cycles,2,429.0,0.05,Baldwin Bikes,Venita Daniel,815.0999999999999,2016,6
250,2016-06-01,Weldon Michael,Huntington,Surly Straggler 650b - 2016,Cyclocross Bicycles,Surly,2,1680.99,0.1,Baldwin Bikes,Venita Daniel,3025.782,2016,6
251,2016-06-01,Arlena Buckner,New Hyde Park,Electra Girl's Hawaii 1 (20-inch) - 2015/2016,Children Bicycles,Electra,2,299.99,0.2,Baldwin Bikes,Venita Daniel,479.98400000000004,2016,6
251,2016-06-01,Arlena Buckner,New Hyde Park,Electra Girl's Hawaii 1 (16-inch) - 2015/2016,Children Bicycles,Electra,2,269.99,0.05,Baldwin Bikes,Venita Daniel,512.981,2016,6
252,2016-06-01,Lorrie Becker,Garland,Surly Straggler 650b - 2016,Cyclocross Bicycles,Surly,2,1680.99,0.1,Rowlett Bikes,Kali Vargas,3025.782,2016,6
252,2016-06-01,Lorrie Becker,Garland,Trek Fuel EX 8 29 - 2016,Mountain Bikes,Trek,1,2899.99,0.07,Rowlett Bikes,Kali Vargas,2696.9907,2016,6
252,2016-06-01,Lorrie Becker,Garland,Pure Cycles William 3-Speed - 2016,Cruisers Bicycles,Pure Cycles,1,449.0,0.1,Rowlett Bikes,Kali Vargas,404.1,2016,6
253,2016-06-02,Earline Gordon,Ronkonkoma,Surly Straggler 650b - 2016,Cyclocross Bicycles,Surly,2,1680.99,0.07,Baldwin Bikes,Marcelene Boyer,3126.6414,2016,6
254,2016-06-03,Faustino Delacruz,South Richmond Hill,Surly Ice Cream Truck Frameset - 2016,Mountain Bikes,Surly,2,469.99,0.07,Baldwin Bikes,Venita Daniel,874.1813999999999,2016,6
254,2016-06-03,Faustino Delacruz,South Richmond Hill,Surly Wednesday Frameset - 2016,Mountain Bikes,Surly,1,999.99,0.05,Baldwin Bikes,Venita Daniel,949.9905,2016,6
254,2016-06-03,Faustino Delacruz,South Richmond Hill,Electra Townie Original 21D - 2016,Cruisers Bicycles,Electra,1,549.99,0.05,Baldwin Bikes,Venita Daniel,522.4905,2016,6
255,2016-06-03,Ophelia Rodgers,Hopewell Junction,Heller Shagamaw Frame - 2016,Mountain Bikes,Heller,2,1320.99,0.1,Baldwin Bikes,Venita Daniel,2377.782,2016,6
255,2016-06-03,Ophelia Rodgers,Hopewell Junction,Electra Girl's Hawaii 1 (16-inch) - 2015/2016,Cruisers Bicycles,Electra,1,269.99,0.2,Baldwin Bikes,Venita Daniel,215.99200000000002,2016,6
255,2016-06-03,Ophelia Rodgers,Hopewell Junction,Ritchey Timberwolf Frameset - 2016,Mountain Bikes,Ritchey,2,749.99,0.2,Baldwin Bikes,Venita Daniel,1199.9840000000002,2016,6
255,2016-06-03,Ophelia Rodgers,Hopewell Junction,Electra Cruiser 1 (24-Inch) - 2016,Children Bicycles,Electra,1,269.99,0.07,Baldwin Bikes,Venita Daniel,251.0907,2016,6
256,2016-06-04,Theo Reese,Long Beach,Surly Straggler 650b - 2016,Cyclocross Bicycles,Surly,1,1680.99,0.1,Baldwin Bikes,Venita Daniel,1512.891,2016,6
256,2016-06-04,Theo Reese,Long Beach,Electra Cruiser 1 (24-Inch) - 2016,Children Bicycles,Electra,1,269.99,0.05,Baldwin Bikes,Venita Daniel,256.4905,2016,6
257,2016-06-05,Joeann Garrison,Ontario,Trek Remedy 29 Carbon Frameset - 2016,Mountain Bikes,Trek,2,1799.99,0.07,Santa Cruz Bikes,Genna Serrano,3347.9813999999997,2016,6
257,2016-06-05,Joeann Garrison,Ontario,Electra Cruiser 1 (24-Inch) - 2016,Cruisers Bicycles,Electra,2,269.99,0.2,Santa Cruz Bikes,Genna Serrano,431.98400000000004,2016,6
257,2016-06-05,Joeann Garrison,Ontario,Surly Straggler - 2016,Cyclocross Bicycles,Surly,2,1549.0,0.1,Santa Cruz Bikes,Genna Serrano,2788.2000000000003,2016,6
257,2016-06-05,Joeann Garrison,Ontario,Electra Moto 1 - 2016,Cruisers Bicycles,Electra,1,529.99,0.1,Santa Cruz Bikes,Genna Serrano,476.99100000000004,2016,6
258,2016-06-06,Cecil Hopper,Central Islip,Trek Remedy 29 Carbon Frameset - 2016,Mountain Bikes,Trek,2,1799.99,0.05,Baldwin Bikes,Venita Daniel,3419.9809999999998,2016,6
258,2016-06-06,Cecil Hopper,Central Islip,Trek Fuel EX 8 29 - 2016,Mountain Bikes,Trek,1,2899.99,0.07,Baldwin Bikes,Venita Daniel,2696.9907,2016,6
258,2016-06-06,Cecil Hopper,Central Islip,Pure Cycles William 3-Speed - 2016,Cruisers Bicycles,Pure Cycles,1,449.0,0.07,Baldwin Bikes,Venita Daniel,417.57,2016,6
258,2016-06-06,Cecil Hopper,Central Islip,Pure Cycles Western 3-Speed - Women's - 2015/2016,Cruisers Bicycles,Pure Cycles,1,449.0,0.05,Baldwin Bikes,Venita Daniel,426.54999999999995,2016,6
259,2016-06-06,Ginette Edwards,Baldwin,Electra Townie Original 7D EQ - 2016,Comfort Bicycles,Electra,1,599.99,0.05,Baldwin Bikes,Venita Daniel,569.9905,2016,6
259,2016-06-06,Ginette Edwards,Baldwin,Surly Ice Cream Truck Frameset - 2016,Mountain Bikes,Surly,2,469.99,0.1,Baldwin Bikes,Venita Daniel,845.9820000000001,2016,6
259,2016-06-06,Ginette Edwards,Baldwin,Ritchey Timberwolf Frameset - 2016,Mountain Bikes,Ritchey,2,749.99,0.2,Baldwin Bikes,Venita Daniel,1199.9840000000002,2016,6
259,2016-06-06,Ginette Edwards,Baldwin,Trek Fuel EX 8 29 - 2016,Mountain Bikes,Trek,1,2899.99,0.1,Baldwin Bikes,Venita Daniel,2609.991,2016,6
260,2016-06-06,Yvette Rogers,Franklin Square,Electra Girl's Hawaii 1 (20-inch) - 2015/2016,Children Bicycles,Electra,2,299.99,0.2,Baldwin Bikes,Marcelene Boyer,479.98400000000004,2016,6
260,2016-06-06,Yvette Rogers,Franklin Square,Surly Straggler - 2016,Cyclocross Bicycles,Surly,1,1549.0,0.2,Baldwin Bikes,Marcelene Boyer,1239.2,2016,6
260,2016-06-06,Yvette Rogers,Franklin Square,Electra Townie Original 21D - 2016,Comfort Bicycles,Electra,2,549.99,0.2,Baldwin Bikes,Marcelene Boyer,879.984,2016,6
261,2016-06-08,Pasquale Hogan,Vista,Electra Townie Original 7D EQ - 2016,Cruisers Bicycles,Electra,2,599.99,0.05,Santa Cruz Bikes,Mireya Copeland,1139.981,2016,6
261,2016-06-08,Pasquale Hogan,Vista,Electra Girl's Hawaii 1 (16-inch) - 2015/2016,Cruisers Bicycles,Electra,1,269.99,0.1,Santa Cruz Bikes,Mireya Copeland,242.991,2016,6
261,2016-06-08,Pasquale Hogan,Vista,Pure Cycles Vine 8-Speed - 2016,Cruisers Bicycles,Pure Cycles,2,429.0,0.1,Santa Cruz Bikes,Mireya Copeland,772.2,2016,6
262,2016-06-08,Matilda Larson,Harlingen,Ritchey Timberwolf Frameset - 2016,Mountain Bikes,Ritchey,1,749.99,0.07,Rowlett Bikes,Layla Terrell,697.4907,2016,6
262,2016-06-08,Matilda Larson,Harlingen,Trek Conduit+ - 2016,Electric Bikes,Trek,2,2999.99,0.05,Rowlett Bikes,Layla Terrell,5699.981,2016,6
263,2016-06-09,Ai Forbes,Franklin Square,Trek Conduit+ - 2016,Electric Bikes,Trek,1,2999.99,0.07,Baldwin Bikes,Marcelene Boyer,2789.9907,2016,6
263,2016-06-09,Ai Forbes,Franklin Square,Surly Wednesday Frameset - 2016,Mountain Bikes,Surly,1,999.99,0.2,Baldwin Bikes,Marcelene Boyer,799.9920000000001,2016,6
263,2016-06-09,Ai Forbes,Franklin Square,Ritchey Timberwolf Frameset - 2016,Mountain Bikes,Ritchey,2,749.99,0.05,Baldwin Bikes,Marcelene Boyer,1424.981,2016,6
264,2016-06-10,Charolette Rice,Sacramento,Surly Straggler - 2016,Cyclocross Bicycles,Surly,1,1549.0,0.2,Santa Cruz Bikes,Genna Serrano,1239.2,2016,6
264,2016-06-10,Charolette Rice,Sacramento,Electra Townie Original 21D - 2016,Comfort Bicycles,Electra,2,549.99,0.05,Santa Cruz Bikes,Genna Serrano,1044.981,2016,6
264,2016-06-10,Charolette Rice,Sacramento,Electra Moto 1 - 2016,Cruisers Bicycles,Electra,2,529.99,0.1,Santa Cruz Bikes,Genna Serrano,953.9820000000001,2016,6
264,2016-06-10,Charolette Rice,Sacramento,Surly Wednesday Frameset - 2016,Mountain Bikes,Surly,2,999.99,0.07,Santa Cruz Bikes,Genna Serrano,1859.9814,2016,6
265,2016-06-10,Arnita Thomas,Orchard Park,Trek Conduit+ - 2016,Electric Bikes,Trek,2,2999.99,0.2,Baldwin Bikes,Venita Daniel,4799.9839999999995,2016,6
266,2016-06-10,Lurline Rivers,Howard Beach,Surly Ice Cream Truck Frameset - 2016,Mountain Bikes,Surly,2,469.99,0.07,Baldwin Bikes,Venita Daniel,874.1813999999999,2016,6
266,2016-06-10,Lurline Rivers,Howard Beach,Pure Cycles William 3-Speed - 2016,Cruisers Bicycles,Pure Cycles,1,449.0,0.2,Baldwin Bikes,Venita Daniel,359.20000000000005,2016,6
266,2016-06-10,Lurline Rivers,Howard Beach,Electra Townie Original 7D - 2015/2016,Comfort Bicycles,Electra,1,499.99,0.05,Baldwin Bikes,Venita Daniel,474.9905,2016,6
267,2016-06-11,Randolph Chase,San Lorenzo,Electra Girl's Hawaii 1 (16-inch) - 2015/2016,Children Bicycles,Electra,2,269.99,0.2,Santa Cruz Bikes,Genna Serrano,431.98400000000004,2016,6
267,2016-06-11,Randolph Chase,San Lorenzo,Electra Girl's Hawaii 1 (20-inch) - 2015/2016,Children Bicycles,Electra,2,299.99,0.1,Santa Cruz Bikes,Genna Serrano,539.9820000000001,2016,6
267,2016-06-11,Randolph Chase,San Lorenzo,Electra Townie Original 21D - 2016,Comfort Bicycles,Electra,1,549.99,0.1,Santa Cruz Bikes,Genna Serrano,494.99100000000004,2016,6
267,2016-06-11,Randolph Chase,San Lorenzo,Trek Slash 8 27.5 - 2016,Mountain Bikes,Trek,2,3999.99,0.07,Santa Cruz Bikes,Genna Serrano,7439.981399999999,2016,6
267,2016-06-11,Randolph Chase,San Lorenzo,Electra Cruiser 1 (24-Inch) - 2016,Children Bicycles,Electra,1,269.99,0.05,Santa Cruz Bikes,Genna Serrano,256.4905,2016,6
268,2016-06-11,Shery Randolph,Ontario,Trek Slash 8 27.5 - 2016,Mountain Bikes,Trek,1,3999.99,0.05,Santa Cruz Bikes,Genna Serrano,3799.9904999999994,2016,6
268,2016-06-11,Shery Randolph,Ontario,Surly Ice Cream Truck Frameset - 2016,Mountain Bikes,Surly,2,469.99,0.2,Santa Cruz Bikes,Genna Serrano,751.984,2016,6
268,2016-06-11,Shery Randolph,Ontario,Trek Conduit+ - 2016,Electric Bikes,Trek,1,2999.99,0.1,Santa Cruz Bikes,Genna Serrano,2699.991,2016,6
269,2016-06-12,Terrell Mathis,Selden,Heller Shagamaw Frame - 2016,Mountain Bikes,Heller,1,1320.99,0.07,Baldwin Bikes,Marcelene Boyer,1228.5207,2016,6
269,2016-06-12,Terrell Mathis,Selden,Electra Girl's Hawaii 1 (20-inch) - 2015/2016,Children Bicycles,Electra,2,299.99,0.07,Baldwin Bikes,Marcelene Boyer,557.9814,2016,6
269,2016-06-12,Terrell Mathis,Selden,Pure Cycles Western 3-Speed - Women's - 2015/2016,Cruisers Bicycles,Pure Cycles,1,449.0,0.05,Baldwin Bikes,Marcelene Boyer,426.54999999999995,2016,6
269,2016-06-12,Terrell Mathis,Selden,Surly Wednesday Frameset - 2016,Mountain Bikes,Surly,1,999.99,0.05,Baldwin Bikes,Marcelene Boyer,949.9905,2016,6
270,2016-06-12,Ethelyn Ray,Garden City,Electra Townie Original 7D - 2015/2016,Comfort Bicycles,Electra,2,499.99,0.2,Baldwin Bikes,Venita Daniel,799.984,2016,6
270,2016-06-12,Ethelyn Ray,Garden City,Electra Moto 1 - 2016,Cruisers Bicycles,Electra,1,529.99,0.1,Baldwin Bikes,Venita Daniel,476.99100000000004,2016,6
271,2016-06-13,Christoper Mccall,Bay Shore,Surly Straggler 650b - 2016,Cyclocross Bicycles,Surly,2,1680.99,0.07,Baldwin Bikes,Venita Daniel,3126.6414,2016,6
271,2016-06-13,Christoper Mccall,Bay Shore,Surly Ice Cream Truck Frameset - 2016,Mountain Bikes,Surly,2,469.99,0.05,Baldwin Bikes,Venita Daniel,892.981,2016,6
271,2016-06-13,Christoper Mccall,Bay Shore,Electra Cruiser 1 (24-Inch) - 2016,Cruisers Bicycles,Electra,1,269.99,0.1,Baldwin Bikes,Venita Daniel,242.991,2016,6
271,2016-06-13,Christoper Mccall,Bay Shore,Trek Slash 8 27.5 - 2016,Mountain Bikes,Trek,2,3999.99,0.1,Baldwin Bikes,Venita Daniel,7199.982,2016,6
272,2016-06-15,Ezra Fowler,Nanuet,Ritchey Timberwolf Frameset - 2016,Mountain Bikes,Ritchey,2,749.99,0.07,Baldwin Bikes,Venita Daniel,1394.9814,2016,6
272,2016-06-15,Ezra Fowler,Nanuet,Surly Straggler 650b - 2016,Cyclocross Bicycles,Surly,1,1680.99,0.07,Baldwin Bikes,Venita Daniel,1563.3207,2016,6
273,2016-06-16,Tona Velasquez,Whitestone,Electra Cruiser 1 (24-Inch) - 2016,Children Bicycles,Electra,1,269.99,0.1,Baldwin Bikes,Venita Daniel,242.991,2016,6
274,2016-06-17,Octavia Case,New York,Surly Straggler 650b - 2016,Cyclocross Bicycles,Surly,2,1680.99,0.05,Baldwin Bikes,Venita Daniel,3193.881,2016,6
274,2016-06-17,Octavia Case,New York,Electra Townie Original 7D - 2015/2016,Comfort Bicycles,Electra,2,499.99,0.1,Baldwin Bikes,Venita Daniel,899.9820000000001,2016,6
274,2016-06-17,Octavia Case,New York,Trek Conduit+ - 2016,Electric Bikes,Trek,2,2999.99,0.07,Baldwin Bikes,Venita Daniel,5579.9814,2016,6
275,2016-06-17,Rozanne Reyes,Garden City,Pure Cycles Western 3-Speed - Women's - 2015/2016,Cruisers Bicycles,Pure Cycles,1,449.0,0.05,Baldwin Bikes,Venita Daniel,426.54999999999995,2016,6
275,2016-06-17,Rozanne Reyes,Garden City,Electra Townie Original 7D - 2015/2016,Comfort Bicycles,Electra,1,499.99,0.1,Baldwin Bikes,Venita Daniel,449.99100000000004,2016,6
275,2016-06-17,Rozanne Reyes,Garden City,Trek Slash 8 27.5 - 2016,Mountain Bikes,Trek,2,3999.99,0.05,Baldwin Bikes,Venita Daniel,7599.980999999999,2016,6
276,2016-06-18,Magali Dixon,Troy,Surly Wednesday Frameset - 2016,Mountain Bikes,Surly,2,999.99,0.2,Baldwin Bikes,Marcelene Boyer,1599.9840000000002,2016,6
276,2016-06-18,Magali Dixon,Troy,Pure Cycles Vine 8-Speed - 2016,Cruisers Bicycles,Pure Cycles,1,429.0,0.05,Baldwin Bikes,Marcelene Boyer,407.54999999999995,2016,6
276,2016-06-18,Magali Dixon,Troy,Trek Conduit+ - 2016,Electric Bikes,Trek,2,2999.99,0.07,Baldwin Bikes,Marcelene Boyer,5579.9814,2016,6
277,2016-06-19,Thad Castro,Brentwood,Electra Townie Original 7D EQ - Women's - 2016,Cruisers Bicycles,Electra,2,599.99,0.2,Baldwin Bikes,Venita Daniel,959.984,2016,6
277,2016-06-19,Thad Castro,Brentwood,Surly Ice Cream Truck Frameset - 2016,Mountain Bikes,Surly,2,469.99,0.2,Baldwin Bikes,Venita Daniel,751.984,2016,6
277,2016-06-19,Thad Castro,Brentwood,Electra Cruiser 1 (24-Inch) - 2016,Cruisers Bicycles,Electra,2,269.99,0.1,Baldwin Bikes,Venita Daniel,485.982,2016,6
278,2016-06-20,Raven Curtis,Lawndale,Electra Townie Original 7D EQ - 2016,Cruisers Bicycles,Electra,1,599.99,0.2,Santa Cruz Bikes,Genna Serrano,479.992,2016,6
278,2016-06-20,Raven Curtis,Lawndale,Pure Cycles William 3-Speed - 2016,Cruisers Bicycles,Pure Cycles,2,449.0,0.07,Santa Cruz Bikes,Genna Serrano,835.14,2016,6
278,2016-06-20,Raven Curtis,Lawndale,Electra Cruiser 1 (24-Inch) - 2016,Cruisers Bicycles,Electra,1,269.99,0.07,Santa Cruz Bikes,Genna Serrano,251.0907,2016,6
278,2016-06-20,Raven Curtis,Lawndale,Surly Straggler 650b - 2016,Cyclocross Bicycles,Surly,2,1680.99,0.07,Santa Cruz Bikes,Genna Serrano,3126.6414,2016,6
279,2016-06-21,Rosalba O'neal,Mount Vernon,Electra Townie Original 7D - 2015/2016,Comfort Bicycles,Electra,1,499.99,0.07,Baldwin Bikes,Marcelene Boyer,464.9907,2016,6
280,2016-06-21,Tomeka Higgins,Poughkeepsie,Electra Townie Original 7D - 2015/2016,Comfort Bicycles,Electra,1,499.99,0.07,Baldwin Bikes,Venita Daniel,464.9907,2016,6
280,2016-06-21,Tomeka Higgins,Poughkeepsie,Electra Townie Original 7D EQ - 2016,Comfort Bicycles,Electra,2,599.99,0.07,Baldwin Bikes,Venita Daniel,1115.9814,2016,6
280,2016-06-21,Tomeka Higgins,Poughkeepsie,Electra Cruiser 1 (24-Inch) - 2016,Cruisers Bicycles,Electra,1,269.99,0.07,Baldwin Bikes,Venita Daniel,251.0907,2016,6
281,2016-06-21,Cris Dunn,Pittsford,Electra Girl's Hawaii 1 (16-inch) - 2015/2016,Children Bicycles,Electra,1,269.99,0.07,Baldwin Bikes,Venita Daniel,251.0907,2016,6
281,2016-06-21,Cris Dunn,Pittsford,Electra Girl's Hawaii 1 (16-inch) - 2015/2016,Cruisers Bicycles,Electra,2,269.99,0.1,Baldwin Bikes,Venita Daniel,485.982,2016,6
281,2016-06-21,Cris Dunn,Pittsford,Trek Slash 8 27.5 - 2016,Mountain Bikes,Trek,2,3999.99,0.07,Baldwin Bikes,Venita Daniel,7439.981399999999,2016,6
282,2016-06-22,Regina Burns,Garland,Electra Townie Original 7D EQ - Women's - 2016,Cruisers Bicycles,Electra,1,599.99,0.07,Rowlett Bikes,Layla Terrell,557.9907,2016,6
282,2016-06-22,Regina Burns,Garland,Trek Slash 8 27.5 - 2016,Mountain Bikes,Trek,2,3999.99,0.07,Rowlett Bikes,Layla Terrell,7439.981399999999,2016,6
282,2016-06-22,Regina Burns,Garland,Surly Wednesday Frameset - 2016,Mountain Bikes,Surly,2,999.99,0.05,Rowlett Bikes,Layla Terrell,1899.981,2016,6
282,2016-06-22,Regina Burns,Garland,Electra Townie Original 7D EQ - 2016,Cruisers Bicycles,Electra,2,599.99,0.07,Rowlett Bikes,Layla Terrell,1115.9814,2016,6
283,2016-06-23,Olevia Pitts,Redondo Beach,Trek Conduit+ - 2016,Electric Bikes,Trek,1,2999.99,0.05,Santa Cruz Bikes,Mireya Copeland,2849.9905,2016,6
283,2016-06-23,Olevia Pitts,Redondo Beach,Electra Townie Original 7D EQ - 2016,Cruisers Bicycles,Electra,2,599.99,0.2,Santa Cruz Bikes,Mireya Copeland,959.984,2016,6
284,2016-06-23,Inger Jennings,Patchogue,Electra Townie Original 21D - 2016,Comfort Bicycles,Electra,2,549.99,0.2,Baldwin Bikes,Venita Daniel,879.984,2016,6
284,2016-06-23,Inger Jennings,Patchogue,Electra Townie Original 7D EQ - Women's - 2016,Cruisers Bicycles,Electra,1,599.99,0.2,Baldwin Bikes,Venita Daniel,479.992,2016,6
285,2016-06-25,Justin Newton,Apple Valley,Electra Townie Original 7D EQ - 2016,Cruisers Bicycles,Electra,2,599.99,0.05,Santa Cruz Bikes,Mireya Copeland,1139.981,2016,6
285,2016-06-25,Justin Newton,Apple Valley,Electra Townie Original 21D - 2016,Cruisers Bicycles,Electra,1,549.99,0.05,Santa Cruz Bikes,Mireya Copeland,522.4905,2016,6
285,2016-06-25,Justin Newton,Apple Valley,Ritchey Timberwolf Frameset - 2016,Mountain Bikes,Ritchey,1,749.99,0.1,Santa Cruz Bikes,Mireya Copeland,674.991,2016,6
286,2016-06-25,Latasha Stanley,Rockville Centre,Electra Townie Original 7D EQ - 2016,Comfort Bicycles,Electra,2,599.99,0.2,Baldwin Bikes,Marcelene Boyer,959.984,2016,6
286,2016-06-25,Latasha Stanley,Rockville Centre,Electra Cruiser 1 (24-Inch) - 2016,Children Bicycles,Electra,2,269.99,0.07,Baldwin Bikes,Marcelene Boyer,502.1814,2016,6
286,2016-06-25,Latasha Stanley,Rockville Centre,Electra Townie Original 7D EQ - 2016,Cruisers Bicycles,Electra,2,599.99,0.1,Baldwin Bikes,Marcelene Boyer,1079.982,2016,6
286,2016-06-25,Latasha Stanley,Rockville Centre,Trek Slash 8 27.5 - 2016,Mountain Bikes,Trek,1,3999.99,0.1,Baldwin Bikes,Marcelene Boyer,3599.991,2016,6
287,2016-06-25,Delbert Wilkins,Coram,Heller Shagamaw Frame - 2016,Mountain Bikes,Heller,1,1320.99,0.2,Baldwin Bikes,Marcelene Boyer,1056.7920000000001,2016,6
287,2016-06-25,Delbert Wilkins,Coram,Surly Straggler - 2016,Cyclocross Bicycles,Surly,1,1549.0,0.05,Baldwin Bikes,Marcelene Boyer,1471.55,2016,6
287,2016-06-25,Delbert Wilkins,Coram,Ritchey Timberwolf Frameset - 2016,Mountain Bikes,Ritchey,1,749.99,0.05,Baldwin Bikes,Marcelene Boyer,712.4905,2016,6
287,2016-06-25,Delbert Wilkins,Coram,Electra Townie Original 7D EQ - Women's - 2016,Cruisers Bicycles,Electra,1,599.99,0.05,Baldwin Bikes,Marcelene Boyer,569.9905,2016,6
288,2016-06-25,Ouida Gregory,Merrick,Trek Fuel EX 8 29 - 2016,Mountain Bikes,Trek,1,2899.99,0.2,Baldwin Bikes,Marcelene Boyer,2319.9919999999997,2016,6
288,2016-06-25,Ouida Gregory,Merrick,Surly Straggler - 2016,Cyclocross Bicycles,Surly,1,1549.0,0.1,Baldwin Bikes,Marcelene Boyer,1394.1000000000001,2016,6
288,2016-06-25,Ouida Gregory,Merrick,Trek Slash 8 27.5 - 2016,Mountain Bikes,Trek,2,3999.99,0.05,Baldwin Bikes,Marcelene Boyer,7599.980999999999,2016,6
289,2016-06-27,Phyllis Hill,Syosset,Electra Cruiser 1 (24-Inch) - 2016,Cruisers Bicycles,Electra,1,269.99,0.07,Baldwin Bikes,Marcelene Boyer,251.0907,2016,6
289,2016-06-27,Phyllis Hill,Syosset,Electra Townie Original 21D - 2016,Comfort Bicycles,Electra,1,549.99,0.2,Baldwin Bikes,Marcelene Boyer,439.992,2016,6
289,2016-06-27,Phyllis Hill,Syosset,Pure Cycles Vine 8-Speed - 2016,Cruisers Bicycles,Pure Cycles,1,429.0,0.2,Baldwin Bikes,Marcelene Boyer,343.20000000000005,2016,6
290,2016-06-28,Marni Bolton,Lancaster,Ritchey Timberwolf Frameset - 2016,Mountain Bikes,Ritchey,2,749.99,0.07,Baldwin Bikes,Marcelene Boyer,1394.9814,2016,6
290,2016-06-28,Marni Bolton,Lancaster,Heller Shagamaw Frame - 2016,Mountain Bikes,Heller,2,1320.99,0.07,Baldwin Bikes,Marcelene Boyer,2457.0414,2016,6
290,2016-06-28,Marni Bolton,Lancaster,Electra Cruiser 1 (24-Inch) - 2016,Children Bicycles,Electra,1,269.99,0.1,Baldwin Bikes,Marcelene Boyer,242.991,2016,6
291,2016-06-29,Alane Kennedy,Spring Valley,Surly Ice Cream Truck Frameset - 2016,Mountain Bikes,Surly,2,469.99,0.05,Baldwin Bikes,Marcelene Boyer,892.981,2016,6
291,2016-06-29,Alane Kennedy,Spring Valley,Electra Cruiser 1 (24-Inch) - 2016,Children Bicycles,Electra,2,269.99,0.07,Baldwin Bikes,Marcelene Boyer,502.1814,2016,6
292,2016-06-29,Van Peters,Houston,Pure Cycles Western 3-Speed - Women's - 2015/2016,Cruisers Bicycles,Pure Cycles,2,449.0,0.1,Rowlett Bikes,Layla Terrell,808.2,2016,6
292,2016-06-29,Van Peters,Houston,Trek Fuel EX 8 29 - 2016,Mountain Bikes,Trek,1,2899.99,0.07,Rowlett Bikes,Layla Terrell,2696.9907,2016,6
292,2016-06-29,Van Peters,Houston,Surly Straggler - 2016,Cyclocross Bicycles,Surly,2,1549.0,0.05,Rowlett Bikes,Layla Terrell,2943.1,2016,6
293,2016-06-30,Rubye Mccall,Troy,Pure Cycles William 3-Speed - 2016,Cruisers Bicycles,Pure Cycles,2,449.0,0.05,Baldwin Bikes,Venita Daniel,853.0999999999999,2016,6
293,2016-06-30,Rubye Mccall,Troy,Surly Ice Cream Truck Frameset - 2016,Mountain Bikes,Surly,1,469.99,0.2,Baldwin Bikes,Venita Daniel,375.992,2016,6
294,2016-07-01,Lavona Austin,Utica,Pure Cycles Western 3-Speed - Women's - 2015/2016,Cruisers Bicycles,Pure Cycles,1,449.0,0.2,Baldwin Bikes,Venita Daniel,359.20000000000005,2016,7
294,2016-07-01,Lavona Austin,Utica,Electra Girl's Hawaii 1 (16-inch) - 2015/2016,Cruisers Bicycles,Electra,1,269.99,0.2,Baldwin Bikes,Venita Daniel,215.99200000000002,2016,7
294,2016-07-01,Lavona Austin,Utica,Trek Slash 8 27.5 - 2016,Mountain Bikes,Trek,2,3999.99,0.05,Baldwin Bikes,Venita Daniel,7599.980999999999,2016,7
294,2016-07-01,Lavona Austin,Utica,Electra Townie Original 7D - 2015/2016,Comfort Bicycles,Electra,2,499.99,0.2,Baldwin Bikes,Venita Daniel,799.984,2016,7
295,2016-07-01,Benny Bender,Elmont,Electra Girl's Hawaii 1 (16-inch) - 2015/2016,Children Bicycles,Electra,2,269.99,0.07,Baldwin Bikes,Venita Daniel,502.1814,2016,7
296,2016-07-04,Gabriela Warren,Long Beach,Electra Townie Original 7D - 2015/2016,Comfort Bicycles,Electra,2,499.99,0.07,Baldwin Bikes,Marcelene Boyer,929.9814,2016,7
296,2016-07-04,Gabriela Warren,Long Beach,Electra Townie Original 21D - 2016,Cruisers Bicycles,Electra,2,549.99,0.1,Baldwin Bikes,Marcelene Boyer,989.9820000000001,2016,7
296,2016-07-04,Gabriela Warren,Long Beach,Surly Straggler 650b - 2016,Cyclocross Bicycles,Surly,2,1680.99,0.1,Baldwin Bikes,Marcelene Boyer,3025.782,2016,7
296,2016-07-04,Gabriela Warren,Long Beach,Trek Conduit+ - 2016,Electric Bikes,Trek,1,2999.99,0.2,Baldwin Bikes,Marcelene Boyer,2399.9919999999997,2016,7
297,2016-07-04,Justina Jenkins,Shirley,Trek Fuel EX 8 29 - 2016,Mountain Bikes,Trek,2,2899.99,0.2,Baldwin Bikes,Venita Daniel,4639.9839999999995,2016,7
298,2016-07-04,Janna Hayden,Longview,Electra Girl's Hawaii 1 (20-inch) - 2015/2016,Children Bicycles,Electra,1,299.99,0.2,Rowlett Bikes,Layla Terrell,239.99200000000002,2016,7
298,2016-07-04,Janna Hayden,Longview,Surly Ice Cream Truck Frameset - 2016,Mountain Bikes,Surly,2,469.99,0.05,Rowlett Bikes,Layla Terrell,892.981,2016,7
298,2016-07-04,Janna Hayden,Longview,Electra Girl's Hawaii 1 (16-inch) - 2015/2016,Children Bicycles,Electra,1,269.99,0.2,Rowlett Bikes,Layla Terrell,215.99200000000002,2016,7
298,2016-07-04,Janna Hayden,Longview,Trek Conduit+ - 2016,Electric Bikes,Trek,1,2999.99,0.07,Rowlett Bikes,Layla Terrell,2789.9907,2016,7
298,2016-07-04,Janna Hayden,Longview,Electra Girl's Hawaii 1 (16-inch) - 2015/2016,Cruisers Bicycles,Electra,2,269.99,0.1,Rowlett Bikes,Layla Terrell,485.982,2016,7
299,2016-07-05,Rayna Perry,Ozone Park,Surly Straggler 650b - 2016,Cyclocross Bicycles,Surly,2,1680.99,0.05,Baldwin Bikes,Marcelene Boyer,3193.881,2016,7
299,2016-07-05,Rayna Perry,Ozone Park,Surly Straggler - 2016,Cyclocross Bicycles,Surly,2,1549.0,0.2,Baldwin Bikes,Marcelene Boyer,2478.4,2016,7
300,2016-07-05,Emmaline Huber,Mount Vernon,Electra Townie Original 7D EQ - 2016,Cruisers Bicycles,Electra,2,599.99,0.1,Baldwin Bikes,Marcelene Boyer,1079.982,2016,7
300,2016-07-05,Emmaline Huber,Mount Vernon,Trek Conduit+ - 2016,Electric Bikes,Trek,2,2999.99,0.1,Baldwin Bikes,Marcelene Boyer,5399.982,2016,7
300,2016-07-05,Emmaline Huber,Mount Vernon,Surly Straggler - 2016,Cyclocross Bicycles,Surly,1,1549.0,0.1,Baldwin Bikes,Marcelene Boyer,1394.1000000000001,2016,7
300,2016-07-05,Emmaline Huber,Mount Vernon,Surly Straggler 650b - 2016,Cyclocross Bicycles,Surly,2,1680.99,0.2,Baldwin Bikes,Marcelene Boyer,2689.5840000000003,2016,7
301,2016-07-06,Caren Stephens,Scarsdale,Surly Ice Cream Truck Frameset - 2016,Mountain Bikes,Surly,1,469.99,0.05,Baldwin Bikes,Marcelene Boyer,446.4905,2016,7
301,2016-07-06,Caren Stephens,Scarsdale,Electra Girl's Hawaii 1 (16-inch) - 2015/2016,Children Bicycles,Electra,1,269.99,0.1,Baldwin Bikes,Marcelene Boyer,242.991,2016,7
302,2016-07-06,Carlena Salinas,Jamaica,Electra Townie Original 21D - 2016,Comfort Bicycles,Electra,2,549.99,0.2,Baldwin Bikes,Marcelene Boyer,879.984,2016,7
302,2016-07-06,Carlena Salinas,Jamaica,Pure Cycles Western 3-Speed - Women's - 2015/2016,Cruisers Bicycles,Pure Cycles,2,449.0,0.07,Baldwin Bikes,Marcelene Boyer,835.14,2016,7
302,2016-07-06,Carlena Salinas,Jamaica,Ritchey Timberwolf Frameset - 2016,Mountain Bikes,Ritchey,2,749.99,0.2,Baldwin Bikes,Marcelene Boyer,1199.9840000000002,2016,7
303,2016-07-07,Bernita Mcdaniel,Liverpool,Trek Remedy 29 Carbon Frameset - 2016,Mountain Bikes,Trek,2,1799.99,0.05,Baldwin Bikes,Venita Daniel,3419.9809999999998,2016,7
303,2016-07-07,Bernita Mcdaniel,Liverpool,Electra Townie Original 21D - 2016,Comfort Bicycles,Electra,2,549.99,0.05,Baldwin Bikes,Venita Daniel,1044.981,2016,7
304,2016-07-07,Chelsey Hardin,Deer Park,Surly Straggler - 2016,Cyclocross Bicycles,Surly,1,1549.0,0.05,Baldwin Bikes,Marcelene Boyer,1471.55,2016,7
304,2016-07-07,Chelsey Hardin,Deer Park,Trek Slash 8 27.5 - 2016,Mountain Bikes,Trek,2,3999.99,0.1,Baldwin Bikes,Marcelene Boyer,7199.982,2016,7
304,2016-07-07,Chelsey Hardin,Deer Park,Electra Townie Original 7D EQ - Women's - 2016,Cruisers Bicycles,Electra,1,599.99,0.1,Baldwin Bikes,Marcelene Boyer,539.991,2016,7
305,2016-07-07,Camille Harvey,Huntington,Surly Straggler - 2016,Cyclocross Bicycles,Surly,1,1549.0,0.07,Baldwin Bikes,Venita Daniel,1440.57,2016,7
305,2016-07-07,Camille Harvey,Huntington,Surly Ice Cream Truck Frameset - 2016,Mountain Bikes,Surly,1,469.99,0.1,Baldwin Bikes,Venita Daniel,422.99100000000004,2016,7
305,2016-07-07,Camille Harvey,Huntington,Surly Wednesday Frameset - 2016,Mountain Bikes,Surly,2,999.99,0.2,Baldwin Bikes,Venita Daniel,1599.9840000000002,2016,7
306,2016-07-09,Charleen Hurst,Utica,Surly Straggler - 2016,Cyclocross Bicycles,Surly,1,1549.0,0.2,Baldwin Bikes,Venita Daniel,1239.2,2016,7
306,2016-07-09,Charleen Hurst,Utica,Electra Girl's Hawaii 1 (16-inch) - 2015/2016,Children Bicycles,Electra,1,269.99,0.07,Baldwin Bikes,Venita Daniel,251.0907,2016,7
307,2016-07-09,Christoper Gould,Shirley,Electra Moto 1 - 2016,Cruisers Bicycles,Electra,2,529.99,0.05,Baldwin Bikes,Marcelene Boyer,1006.981,2016,7
308,2016-07-11,Charlyn Cantrell,West Islip,Trek Slash 8 27.5 - 2016,Mountain Bikes,Trek,1,3999.99,0.1,Baldwin Bikes,Marcelene Boyer,3599.991,2016,7
308,2016-07-11,Charlyn Cantrell,West Islip,Pure Cycles Western 3-Speed - Women's - 2015/2016,Cruisers Bicycles,Pure Cycles,2,449.0,0.2,Baldwin Bikes,Marcelene Boyer,718.4000000000001,2016,7
308,2016-07-11,Charlyn Cantrell,West Islip,Electra Girl's Hawaii 1 (16-inch) - 2015/2016,Cruisers Bicycles,Electra,1,269.99,0.2,Baldwin Bikes,Marcelene Boyer,215.99200000000002,2016,7
309,2016-07-11,Gilma Dejesus,Scarsdale,Surly Wednesday Frameset - 2016,Mountain Bikes,Surly,1,999.99,0.05,Baldwin Bikes,Marcelene Boyer,949.9905,2016,7
309,2016-07-11,Gilma Dejesus,Scarsdale,Electra Townie Original 21D - 2016,Cruisers Bicycles,Electra,1,549.99,0.05,Baldwin Bikes,Marcelene Boyer,522.4905,2016,7
310,2016-07-12,Deloris Larson,Duarte,Trek Slash 8 27.5 - 2016,Mountain Bikes,Trek,2,3999.99,0.07,Santa Cruz Bikes,Mireya Copeland,7439.981399999999,2016,7
310,2016-07-12,Deloris Larson,Duarte,Electra Girl's Hawaii 1 (16-inch) - 2015/2016,Cruisers Bicycles,Electra,2,269.99,0.1,Santa Cruz Bikes,Mireya Copeland,485.982,2016,7
310,2016-07-12,Deloris Larson,Duarte,Heller Shagamaw Frame - 2016,Mountain Bikes,Heller,2,1320.99,0.2,Santa Cruz Bikes,Mireya Copeland,2113.5840000000003,2016,7
310,2016-07-12,Deloris Larson,Duarte,Trek Remedy 29 Carbon Frameset - 2016,Mountain Bikes,Trek,1,1799.99,0.2,Santa Cruz Bikes,Mireya Copeland,1439.9920000000002,2016,7
311,2016-07-12,Shayla Hart,Woodhaven,Pure Cycles Vine 8-Speed - 2016,Cruisers Bicycles,Pure Cycles,2,429.0,0.05,Baldwin Bikes,Marcelene Boyer,815.0999999999999,2016,7
311,2016-07-12,Shayla Hart,Woodhaven,Heller Shagamaw Frame - 2016,Mountain Bikes,Heller,2,1320.99,0.2,Baldwin Bikes,Marcelene Boyer,2113.5840000000003,2016,7
312,2016-07-13,Jame Riggs,Bay Shore,Electra Townie Original 21D - 2016,Comfort Bicycles,Electra,2,549.99,0.05,Baldwin Bikes,Marcelene Boyer,1044.981,2016,7
312,2016-07-13,Jame Riggs,Bay Shore,Electra Girl's Hawaii 1 (16-inch) - 2015/2016,Cruisers Bicycles,Electra,2,269.99,0.07,Baldwin Bikes,Marcelene Boyer,502.1814,2016,7
312,2016-07-13,Jame Riggs,Bay Shore,Electra Townie Original 7D EQ - 2016,Cruisers Bicycles,Electra,2,599.99,0.05,Baldwin Bikes,Marcelene Boyer,1139.981,2016,7
313,2016-07-14,Dagny Owen,San Angelo,Trek Fuel EX 8 29 - 2016,Mountain Bikes,Trek,1,2899.99,0.07,Rowlett Bikes,Layla Terrell,2696.9907,2016,7
313,2016-07-14,Dagny Owen,San Angelo,Surly Straggler - 2016,Cyclocross Bicycles,Surly,2,1549.0,0.07,Rowlett Bikes,Layla Terrell,2881.14,2016,7
314,2016-07-15,Janie Herrera,Elmhurst,Heller Shagamaw Frame - 2016,Mountain Bikes,Heller,1,1320.99,0.07,Baldwin Bikes,Venita Daniel,1228.5207,2016,7
314,2016-07-15,Janie Herrera,Elmhurst,Trek Conduit+ - 2016,Electric Bikes,Trek,1,2999.99,0.05,Baldwin Bikes,Venita Daniel,2849.9905,2016,7
314,2016-07-15,Janie Herrera,Elmhurst,Electra Girl's Hawaii 1 (16-inch) - 2015/2016,Children Bicycles,Electra,2,269.99,0.2,Baldwin Bikes,Venita Daniel,431.98400000000004,2016,7
314,2016-07-15,Janie Herrera,Elmhurst,Trek Slash 8 27.5 - 2016,Mountain Bikes,Trek,2,3999.99,0.07,Baldwin Bikes,Venita Daniel,7439.981399999999,2016,7
315,2016-07-16,Rufina Chandler,New Hyde Park,Surly Straggler 650b - 2016,Cyclocross Bicycles,Surly,1,1680.99,0.2,Baldwin Bikes,Marcelene Boyer,1344.7920000000001,2016,7
315,2016-07-16,Rufina Chandler,New Hyde Park,Trek Conduit+ - 2016,Electric Bikes,Trek,1,2999.99,0.1,Baldwin Bikes,Marcelene Boyer,2699.991,2016,7
316,2016-07-17,Shawnda Glover,Liverpool,Ritchey Timberwolf Frameset - 2016,Mountain Bikes,Ritchey,2,749.99,0.2,Baldwin Bikes,Venita Daniel,1199.9840000000002,2016,7
316,2016-07-17,Shawnda Glover,Liverpool,Electra Townie Original 7D EQ - 2016,Cruisers Bicycles,Electra,2,599.99,0.1,Baldwin Bikes,Venita Daniel,1079.982,2016,7
316,2016-07-17,Shawnda Glover,Liverpool,Electra Townie Original 7D EQ - Women's - 2016,Cruisers Bicycles,Electra,1,599.99,0.1,Baldwin Bikes,Venita Daniel,539.991,2016,7
316,2016-07-17,Shawnda Glover,Liverpool,Pure Cycles William 3-Speed - 2016,Cruisers Bicycles,Pure Cycles,1,449.0,0.2,Baldwin Bikes,Venita Daniel,359.20000000000005,2016,7
316,2016-07-17,Shawnda Glover,Liverpool,Pure Cycles Vine 8-Speed - 2016,Cruisers Bicycles,Pure Cycles,1,429.0,0.05,Baldwin Bikes,Venita Daniel,407.54999999999995,2016,7
317,2016-07-17,Mariam Miranda,Franklin Square,Surly Straggler - 2016,Cyclocross Bicycles,Surly,1,1549.0,0.2,Baldwin Bikes,Venita Daniel,1239.2,2016,7
317,2016-07-17,Mariam Miranda,Franklin Square,Electra Girl's Hawaii 1 (16-inch) - 2015/2016,Children Bicycles,Electra,1,269.99,0.05,Baldwin Bikes,Venita Daniel,256.4905,2016,7
317,2016-07-17,Mariam Miranda,Franklin Square,Electra Moto 1 - 2016,Cruisers Bicycles,Electra,1,529.99,0.05,Baldwin Bikes,Venita Daniel,503.4905,2016,7
317,2016-07-17,Mariam Miranda,Franklin Square,Electra Cruiser 1 (24-Inch) - 2016,Cruisers Bicycles,Electra,2,269.99,0.2,Baldwin Bikes,Venita Daniel,431.98400000000004,2016,7
318,2016-07-17,Mallie Osborn,Newburgh,Electra Cruiser 1 (24-Inch) - 2016,Cruisers Bicycles,Electra,2,269.99,0.1,Baldwin Bikes,Venita Daniel,485.982,2016,7
318,2016-07-17,Mallie Osborn,Newburgh,Electra Townie Original 7D - 2015/2016,Comfort Bicycles,Electra,2,499.99,0.2,Baldwin Bikes,Venita Daniel,799.984,2016,7
318,2016-07-17,Mallie Osborn,Newburgh,Trek Conduit+ - 2016,Electric Bikes,Trek,1,2999.99,0.05,Baldwin Bikes,Venita Daniel,2849.9905,2016,7
319,2016-07-18,Danyell Dickerson,Central Islip,Surly Straggler 650b - 2016,Cyclocross Bicycles,Surly,1,1680.99,0.07,Baldwin Bikes,Marcelene Boyer,1563.3207,2016,7
319,2016-07-18,Danyell Dickerson,Central Islip,Electra Cruiser 1 (24-Inch) - 2016,Children Bicycles,Electra,1,269.99,0.2,Baldwin Bikes,Marcelene Boyer,215.99200000000002,2016,7
319,2016-07-18,Danyell Dickerson,Central Islip,Electra Moto 1 - 2016,Cruisers Bicycles,Electra,2,529.99,0.1,Baldwin Bikes,Marcelene Boyer,953.9820000000001,2016,7
319,2016-07-18,Danyell Dickerson,Central Islip,Electra Girl's Hawaii 1 (20-inch) - 2015/2016,Children Bicycles,Electra,1,299.99,0.05,Baldwin Bikes,Marcelene Boyer,284.9905,2016,7
320,2016-07-19,Carola Johns,Santa Cruz,Ritchey Timberwolf Frameset - 2016,Mountain Bikes,Ritchey,1,749.99,0.1,Santa Cruz Bikes,Mireya Copeland,674.991,2016,7
321,2016-07-19,Arcelia Vinson,West Islip,Trek Fuel EX 8 29 - 2016,Mountain Bikes,Trek,2,2899.99,0.2,Baldwin Bikes,Marcelene Boyer,4639.9839999999995,2016,7
321,2016-07-19,Arcelia Vinson,West Islip,Electra Townie Original 21D - 2016,Cruisers Bicycles,Electra,2,549.99,0.2,Baldwin Bikes,Marcelene Boyer,879.984,2016,7
321,2016-07-19,Arcelia Vinson,West Islip,Electra Townie Original 7D EQ - 2016,Comfort Bicycles,Electra,1,599.99,0.2,Baldwin Bikes,Marcelene Boyer,479.992,2016,7
321,2016-07-19,Arcelia Vinson,West Islip,Electra Girl's Hawaii 1 (20-inch) - 2015/2016,Children Bicycles,Electra,2,299.99,0.2,Baldwin Bikes,Marcelene Boyer,479.98400000000004,2016,7
322,2016-07-19,Lea Irwin,New Windsor,Electra Cruiser 1 (24-Inch) - 2016,Cruisers Bicycles,Electra,2,269.99,0.2,Baldwin Bikes,Marcelene Boyer,431.98400000000004,2016,7
322,2016-07-19,Lea Irwin,New Windsor,Electra Cruiser 1 (24-Inch) - 2016,Children Bicycles,Electra,1,269.99,0.07,Baldwin Bikes,Marcelene Boyer,251.0907,2016,7
323,2016-07-19,Heide Reed,Floral Park,Electra Cruiser 1 (24-Inch) - 2016,Cruisers Bicycles,Electra,2,269.99,0.07,Baldwin Bikes,Marcelene Boyer,502.1814,2016,7
323,2016-07-19,Heide Reed,Floral Park,Electra Townie Original 7D EQ - 2016,Comfort Bicycles,Electra,2,599.99,0.1,Baldwin Bikes,Marcelene Boyer,1079.982,2016,7
324,2016-07-20,Garland Weaver,Amsterdam,Ritchey Timberwolf Frameset - 2016,Mountain Bikes,Ritchey,2,749.99,0.1,Baldwin Bikes,Marcelene Boyer,1349.982,2016,7
324,2016-07-20,Garland Weaver,Amsterdam,Pure Cycles Vine 8-Speed - 2016,Cruisers Bicycles,Pure Cycles,1,429.0,0.2,Baldwin Bikes,Marcelene Boyer,343.20000000000005,2016,7
324,2016-07-20,Garland Weaver,Amsterdam,Electra Girl's Hawaii 1 (16-inch) - 2015/2016,Children Bicycles,Electra,2,269.99,0.2,Baldwin Bikes,Marcelene Boyer,431.98400000000004,2016,7
324,2016-07-20,Garland Weaver,Amsterdam,Pure Cycles William 3-Speed - 2016,Cruisers Bicycles,Pure Cycles,1,449.0,0.05,Baldwin Bikes,Marcelene Boyer,426.54999999999995,2016,7
324,2016-07-20,Garland Weaver,Amsterdam,Electra Townie Original 21D - 2016,Cruisers Bicycles,Electra,1,549.99,0.05,Baldwin Bikes,Marcelene Boyer,522.4905,2016,7
325,2016-07-20,Ernestina Skinner,Elmhurst,Trek Slash 8 27.5 - 2016,Mountain Bikes,Trek,1,3999.99,0.05,Baldwin Bikes,Marcelene Boyer,3799.9904999999994,2016,7
325,2016-07-20,Ernestina Skinner,Elmhurst,Electra Townie Original 21D - 2016,Cruisers Bicycles,Electra,1,549.99,0.2,Baldwin Bikes,Marcelene Boyer,439.992,2016,7
325,2016-07-20,Ernestina Skinner,Elmhurst,Surly Ice Cream Truck Frameset - 2016,Mountain Bikes,Surly,2,469.99,0.2,Baldwin Bikes,Marcelene Boyer,751.984,2016,7
326,2016-07-20,Bernetta Summers,Longview,Electra Townie Original 21D - 2016,Cruisers Bicycles,Electra,1,549.99,0.1,Rowlett Bikes,Layla Terrell,494.99100000000004,2016,7
326,2016-07-20,Bernetta Summers,Longview,Electra Girl's Hawaii 1 (20-inch) - 2015/2016,Children Bicycles,Electra,1,299.99,0.07,Rowlett Bikes,Layla Terrell,278.9907,2016,7
327,2016-07-21,Tiesha Daniel,Scarsdale,Electra Townie Original 21D - 2016,Cruisers Bicycles,Electra,2,549.99,0.07,Baldwin Bikes,Marcelene Boyer,1022.9813999999999,2016,7
327,2016-07-21,Tiesha Daniel,Scarsdale,Electra Cruiser 1 (24-Inch) - 2016,Cruisers Bicycles,Electra,1,269.99,0.07,Baldwin Bikes,Marcelene Boyer,251.0907,2016,7
327,2016-07-21,Tiesha Daniel,Scarsdale,Trek Fuel EX 8 29 - 2016,Mountain Bikes,Trek,1,2899.99,0.05,Baldwin Bikes,Marcelene Boyer,2754.9905,2016,7
328,2016-07-23,Angele Schroeder,New City,Surly Ice Cream Truck Frameset - 2016,Mountain Bikes,Surly,2,469.99,0.1,Baldwin Bikes,Marcelene Boyer,845.9820000000001,2016,7
329,2016-07-24,Josh Shaw,Hopewell Junction,Electra Girl's Hawaii 1 (16-inch) - 2015/2016,Cruisers Bicycles,Electra,2,269.99,0.07,Baldwin Bikes,Marcelene Boyer,502.1814,2016,7
329,2016-07-24,Josh Shaw,Hopewell Junction,Trek Remedy 29 Carbon Frameset - 2016,Mountain Bikes,Trek,2,1799.99,0.05,Baldwin Bikes,Marcelene Boyer,3419.9809999999998,2016,7
329,2016-07-24,Josh Shaw,Hopewell Junction,Electra Girl's Hawaii 1 (20-inch) - 2015/2016,Children Bicycles,Electra,1,299.99,0.2,Baldwin Bikes,Marcelene Boyer,239.99200000000002,2016,7
329,2016-07-24,Josh Shaw,Hopewell Junction,Pure Cycles Vine 8-Speed - 2016,Cruisers Bicycles,Pure Cycles,1,429.0,0.07,Baldwin Bikes,Marcelene Boyer,398.96999999999997,2016,7
329,2016-07-24,Josh Shaw,Hopewell Junction,Electra Townie Original 7D EQ - 2016,Comfort Bicycles,Electra,2,599.99,0.05,Baldwin Bikes,Marcelene Boyer,1139.981,2016,7
330,2016-07-24,Gabriel Pitts,Clifton Park,Electra Cruiser 1 (24-Inch) - 2016,Children Bicycles,Electra,2,269.99,0.05,Baldwin Bikes,Marcelene Boyer,512.981,2016,7
331,2016-07-24,Yang Roth,Webster,Pure Cycles Vine 8-Speed - 2016,Cruisers Bicycles,Pure Cycles,2,429.0,0.1,Baldwin Bikes,Marcelene Boyer,772.2,2016,7
332,2016-07-24,Antonetta Rocha,Port Chester,Pure Cycles Western 3-Speed - Women's - 2015/2016,Cruisers Bicycles,Pure Cycles,2,449.0,0.05,Baldwin Bikes,Venita Daniel,853.0999999999999,2016,7
333,2016-07-25,Major Merrill,Astoria,Pure Cycles Western 3-Speed - Women's - 2015/2016,Cruisers Bicycles,Pure Cycles,2,449.0,0.07,Baldwin Bikes,Marcelene Boyer,835.14,2016,7
333,2016-07-25,Major Merrill,Astoria,Trek Remedy 29 Carbon Frameset - 2016,Mountain Bikes,Trek,2,1799.99,0.05,Baldwin Bikes,Marcelene Boyer,3419.9809999999998,2016,7
333,2016-07-25,Major Merrill,Astoria,Surly Wednesday Frameset - 2016,Mountain Bikes,Surly,1,999.99,0.2,Baldwin Bikes,Marcelene Boyer,799.9920000000001,2016,7
334,2016-07-25,Hollis Rasmussen,Massapequa,Electra Townie Original 7D EQ - 2016,Cruisers Bicycles,Electra,2,599.99,0.2,Baldwin Bikes,Venita Daniel,959.984,2016,7
334,2016-07-25,Hollis Rasmussen,Massapequa,Trek Conduit+ - 2016,Electric Bikes,Trek,1,2999.99,0.05,Baldwin Bikes,Venita Daniel,2849.9905,2016,7
334,2016-07-25,Hollis Rasmussen,Massapequa,Surly Wednesday Frameset - 2016,Mountain Bikes,Surly,2,999.99,0.05,Baldwin Bikes,Venita Daniel,1899.981,2016,7
335,2016-07-25,Phebe Soto,South Ozone Park,Surly Ice Cream Truck Frameset - 2016,Mountain Bikes,Surly,1,469.99,0.1,Baldwin Bikes,Marcelene Boyer,422.99100000000004,2016,7
335,2016-07-25,Phebe Soto,South Ozone Park,Ritchey Timberwolf Frameset - 2016,Mountain Bikes,Ritchey,2,749.99,0.1,Baldwin Bikes,Marcelene Boyer,1349.982,2016,7
335,2016-07-25,Phebe Soto,South Ozone Park,Electra Cruiser 1 (24-Inch) - 2016,Children Bicycles,Electra,1,269.99,0.07,Baldwin Bikes,Marcelene Boyer,251.0907,2016,7
336,2016-07-26,Saran Moses,Brooklyn,Trek Fuel EX 8 29 - 2016,Mountain Bikes,Trek,1,2899.99,0.1,Baldwin Bikes,Venita Daniel,2609.991,2016,7
336,2016-07-26,Saran Moses,Brooklyn,Electra Townie Original 21D - 2016,Cruisers Bicycles,Electra,1,549.99,0.2,Baldwin Bikes,Venita Daniel,439.992,2016,7
337,2016-07-26,Adriene Rollins,Plainview,Pure Cycles Western 3-Speed - Women's - 2015/2016,Cruisers Bicycles,Pure Cycles,1,449.0,0.05,Baldwin Bikes,Venita Daniel,426.54999999999995,2016,7
337,2016-07-26,Adriene Rollins,Plainview,Trek Fuel EX 8 29 - 2016,Mountain Bikes,Trek,1,2899.99,0.05,Baldwin Bikes,Venita Daniel,2754.9905,2016,7
338,2016-07-28,Omega Huff,Santa Monica,Surly Ice Cream Truck Frameset - 2016,Mountain Bikes,Surly,2,469.99,0.07,Santa Cruz Bikes,Genna Serrano,874.1813999999999,2016,7
338,2016-07-28,Omega Huff,Santa Monica,Surly Straggler - 2016,Cyclocross Bicycles,Surly,1,1549.0,0.07,Santa Cruz Bikes,Genna Serrano,1440.57,2016,7
338,2016-07-28,Omega Huff,Santa Monica,Electra Girl's Hawaii 1 (16-inch) - 2015/2016,Children Bicycles,Electra,1,269.99,0.1,Santa Cruz Bikes,Genna Serrano,242.991,2016,7
338,2016-07-28,Omega Huff,Santa Monica,Surly Straggler 650b - 2016,Cyclocross Bicycles,Surly,2,1680.99,0.07,Santa Cruz Bikes,Genna Serrano,3126.6414,2016,7
338,2016-07-28,Omega Huff,Santa Monica,Trek Conduit+ - 2016,Electric Bikes,Trek,1,2999.99,0.05,Santa Cruz Bikes,Genna Serrano,2849.9905,2016,7
339,2016-07-28,Shirely Cantrell,West Hempstead,Electra Cruiser 1 (24-Inch) - 2016,Cruisers Bicycles,Electra,1,269.99,0.1,Baldwin Bikes,Venita Daniel,242.991,2016,7
339,2016-07-28,Shirely Cantrell,West Hempstead,Electra Moto 1 - 2016,Cruisers Bicycles,Electra,2,529.99,0.05,Baldwin Bikes,Venita Daniel,1006.981,2016,7
340,2016-07-29,Anisha Lang,Rome,Surly Straggler 650b - 2016,Cyclocross Bicycles,Surly,1,1680.99,0.05,Baldwin Bikes,Venita Daniel,1596.9405,2016,7
340,2016-07-29,Anisha Lang,Rome,Electra Townie Original 21D - 2016,Comfort Bicycles,Electra,1,549.99,0.05,Baldwin Bikes,Venita Daniel,522.4905,2016,7
340,2016-07-29,Anisha Lang,Rome,Electra Cruiser 1 (24-Inch) - 2016,Cruisers Bicycles,Electra,2,269.99,0.1,Baldwin Bikes,Venita Daniel,485.982,2016,7
340,2016-07-29,Anisha Lang,Rome,Electra Townie Original 21D - 2016,Cruisers Bicycles,Electra,2,549.99,0.07,Baldwin Bikes,Venita Daniel,1022.9813999999999,2016,7
340,2016-07-29,Anisha Lang,Rome,Surly Straggler - 2016,Cyclocross Bicycles,Surly,2,1549.0,0.1,Baldwin Bikes,Venita Daniel,2788.2000000000003,2016,7
341,2016-07-31,Karren Lamb,Fresno,Electra Girl's Hawaii 1 (20-inch) - 2015/2016,Children Bicycles,Electra,2,299.99,0.05,Santa Cruz Bikes,Genna Serrano,569.981,2016,7
342,2016-07-31,Reyes Merritt,Staten Island,Electra Townie Original 7D EQ - 2016,Comfort Bicycles,Electra,1,599.99,0.07,Baldwin Bikes,Venita Daniel,557.9907,2016,7
342,2016-07-31,Reyes Merritt,Staten Island,Trek Conduit+ - 2016,Electric Bikes,Trek,1,2999.99,0.2,Baldwin Bikes,Venita Daniel,2399.9919999999997,2016,7
342,2016-07-31,Reyes Merritt,Staten Island,Electra Townie Original 7D EQ - 2016,Cruisers Bicycles,Electra,2,599.99,0.1,Baldwin Bikes,Venita Daniel,1079.982,2016,7
343,2016-07-31,Iva Wilcox,Kingston,Electra Townie Original 7D EQ - Women's - 2016,Cruisers Bicycles,Electra,2,599.99,0.2,Baldwin Bikes,Venita Daniel,959.984,2016,7
343,2016-07-31,Iva Wilcox,Kingston,Electra Townie Original 7D - 2015/2016,Comfort Bicycles,Electra,1,499.99,0.05,Baldwin Bikes,Venita Daniel,474.9905,2016,7
343,2016-07-31,Iva Wilcox,Kingston,Heller Shagamaw Frame - 2016,Mountain Bikes,Heller,2,1320.99,0.05,Baldwin Bikes,Venita Daniel,2509.881,2016,7
343,2016-07-31,Iva Wilcox,Kingston,Surly Straggler - 2016,Cyclocross Bicycles,Surly,1,1549.0,0.1,Baldwin Bikes,Venita Daniel,1394.1000000000001,2016,7
344,2016-08-01,Romaine Salazar,Monsey,Electra Girl's Hawaii 1 (16-inch) - 2015/2016,Children Bicycles,Electra,1,269.99,0.05,Baldwin Bikes,Marcelene Boyer,256.4905,2016,8
344,2016-08-01,Romaine Salazar,Monsey,Pure Cycles Western 3-Speed - Women's - 2015/2016,Cruisers Bicycles,Pure Cycles,2,449.0,0.07,Baldwin Bikes,Marcelene Boyer,835.14,2016,8
344,2016-08-01,Romaine Salazar,Monsey,Electra Girl's Hawaii 1 (16-inch) - 2015/2016,Cruisers Bicycles,Electra,1,269.99,0.2,Baldwin Bikes,Marcelene Boyer,215.99200000000002,2016,8
345,2016-08-01,Shauna Edwards,Yorktown Heights,Pure Cycles Western 3-Speed - Women's - 2015/2016,Cruisers Bicycles,Pure Cycles,2,449.0,0.1,Baldwin Bikes,Marcelene Boyer,808.2,2016,8
345,2016-08-01,Shauna Edwards,Yorktown Heights,Electra Townie Original 21D - 2016,Comfort Bicycles,Electra,2,549.99,0.07,Baldwin Bikes,Marcelene Boyer,1022.9813999999999,2016,8
346,2016-08-01,Lynne Anderson,El Paso,Electra Cruiser 1 (24-Inch) - 2016,Cruisers Bicycles,Electra,1,269.99,0.07,Rowlett Bikes,Layla Terrell,251.0907,2016,8
346,2016-08-01,Lynne Anderson,El Paso,Electra Girl's Hawaii 1 (20-inch) - 2015/2016,Children Bicycles,Electra,1,299.99,0.2,Rowlett Bikes,Layla Terrell,239.99200000000002,2016,8
346,2016-08-01,Lynne Anderson,El Paso,Electra Cruiser 1 (24-Inch) - 2016,Children Bicycles,Electra,1,269.99,0.1,Rowlett Bikes,Layla Terrell,242.991,2016,8
346,2016-08-01,Lynne Anderson,El Paso,Electra Moto 1 - 2016,Cruisers Bicycles,Electra,1,529.99,0.05,Rowlett Bikes,Layla Terrell,503.4905,2016,8
346,2016-08-01,Lynne Anderson,El Paso,Pure Cycles Western 3-Speed - Women's - 2015/2016,Cruisers Bicycles,Pure Cycles,2,449.0,0.05,Rowlett Bikes,Layla Terrell,853.0999999999999,2016,8
347,2016-08-02,Jerald Blackwell,East Elmhurst,Electra Girl's Hawaii 1 (20-inch) - 2015/2016,Children Bicycles,Electra,1,299.99,0.07,Baldwin Bikes,Marcelene Boyer,278.9907,2016,8
348,2016-08-02,Daina Sampson,Longview,Heller Shagamaw Frame - 2016,Mountain Bikes,Heller,2,1320.99,0.05,Rowlett Bikes,Layla Terrell,2509.881,2016,8
348,2016-08-02,Daina Sampson,Longview,Electra Moto 1 - 2016,Cruisers Bicycles,Electra,2,529.99,0.07,Rowlett Bikes,Layla Terrell,985.7814,2016,8
349,2016-08-03,Jamaal Albert,Torrance,Electra Townie Original 7D EQ - Women's - 2016,Cruisers Bicycles,Electra,2,599.99,0.2,Santa Cruz Bikes,Genna Serrano,959.984,2016,8
350,2016-08-03,Williemae Holloway,Oakland,Surly Ice Cream Truck Frameset - 2016,Mountain Bikes,Surly,2,469.99,0.05,Santa Cruz Bikes,Genna Serrano,892.981,2016,8
350,2016-08-03,Williemae Holloway,Oakland,Electra Townie Original 7D EQ - Women's - 2016,Cruisers Bicycles,Electra,1,599.99,0.07,Santa Cruz Bikes,Genna Serrano,557.9907,2016,8
350,2016-08-03,Williemae Holloway,Oakland,Surly Wednesday Frameset - 2016,Mountain Bikes,Surly,1,999.99,0.07,Santa Cruz Bikes,Genna Serrano,929.9907,2016,8
351,2016-08-03,Cinda Rocha,Los Banos,Trek Fuel EX 8 29 - 2016,Mountain Bikes,Trek,2,2899.99,0.05,Santa Cruz Bikes,Mireya Copeland,5509.981,2016,8
351,2016-08-03,Cinda Rocha,Los Banos,Electra Townie Original 21D - 2016,Comfort Bicycles,Electra,2,549.99,0.1,Santa Cruz Bikes,Mireya Copeland,989.9820000000001,2016,8
351,2016-08-03,Cinda Rocha,Los Banos,Electra Townie Original 7D EQ - Women's - 2016,Cruisers Bicycles,Electra,1,599.99,0.2,Santa Cruz Bikes,Mireya Copeland,479.992,2016,8
351,2016-08-03,Cinda Rocha,Los Banos,Electra Girl's Hawaii 1 (16-inch) - 2015/2016,Children Bicycles,Electra,2,269.99,0.07,Santa Cruz Bikes,Mireya Copeland,502.1814,2016,8
352,2016-08-03,Emmitt Sanchez,New York,Surly Straggler 650b - 2016,Cyclocross Bicycles,Surly,1,1680.99,0.2,Baldwin Bikes,Venita Daniel,1344.7920000000001,2016,8
352,2016-08-03,Emmitt Sanchez,New York,Electra Girl's Hawaii 1 (16-inch) - 2015/2016,Cruisers Bicycles,Electra,1,269.99,0.2,Baldwin Bikes,Venita Daniel,215.99200000000002,2016,8
353,2016-08-03,Phylicia Stout,Canandaigua,Ritchey Timberwolf Frameset - 2016,Mountain Bikes,Ritchey,2,749.99,0.2,Baldwin Bikes,Venita Daniel,1199.9840000000002,2016,8
354,2016-08-03,Jenine Crane,Fort Worth,Electra Cruiser 1 (24-Inch) - 2016,Children Bicycles,Electra,1,269.99,0.2,Rowlett Bikes,Kali Vargas,215.99200000000002,2016,8
354,2016-08-03,Jenine Crane,Fort Worth,Pure Cycles William 3-Speed - 2016,Cruisers Bicycles,Pure Cycles,1,449.0,0.05,Rowlett Bikes,Kali Vargas,426.54999999999995,2016,8
355,2016-08-03,Sebrina Gross,Garland,Electra Townie Original 7D EQ - 2016,Cruisers Bicycles,Electra,1,599.99,0.1,Rowlett Bikes,Kali Vargas,539.991,2016,8
355,2016-08-03,Sebrina Gross,Garland,Electra Girl's Hawaii 1 (16-inch) - 2015/2016,Cruisers Bicycles,Electra,2,269.99,0.07,Rowlett Bikes,Kali Vargas,502.1814,2016,8
356,2016-08-04,Sheila Goodman,Uniondale,Electra Girl's Hawaii 1 (20-inch) - 2015/2016,Children Bicycles,Electra,2,299.99,0.05,Baldwin Bikes,Marcelene Boyer,569.981,2016,8
356,2016-08-04,Sheila Goodman,Uniondale,Trek Fuel EX 8 29 - 2016,Mountain Bikes,Trek,1,2899.99,0.05,Baldwin Bikes,Marcelene Boyer,2754.9905,2016,8
356,2016-08-04,Sheila Goodman,Uniondale,Electra Cruiser 1 (24-Inch) - 2016,Cruisers Bicycles,Electra,1,269.99,0.05,Baldwin Bikes,Marcelene Boyer,256.4905,2016,8
357,2016-08-05,Garry Espinoza,Forney,Pure Cycles Vine 8-Speed - 2016,Cruisers Bicycles,Pure Cycles,2,429.0,0.05,Rowlett Bikes,Kali Vargas,815.0999999999999,2016,8
357,2016-08-05,Garry Espinoza,Forney,Electra Cruiser 1 (24-Inch) - 2016,Children Bicycles,Electra,2,269.99,0.07,Rowlett Bikes,Kali Vargas,502.1814,2016,8
357,2016-08-05,Garry Espinoza,Forney,Electra Townie Original 21D - 2016,Comfort Bicycles,Electra,1,549.99,0.07,Rowlett Bikes,Kali Vargas,511.49069999999995,2016,8
357,2016-08-05,Garry Espinoza,Forney,Trek Conduit+ - 2016,Electric Bikes,Trek,1,2999.99,0.05,Rowlett Bikes,Kali Vargas,2849.9905,2016,8
358,2016-08-05,Larissa Hays,Elmont,Electra Cruiser 1 (24-Inch) - 2016,Children Bicycles,Electra,2,269.99,0.1,Baldwin Bikes,Venita Daniel,485.982,2016,8
358,2016-08-05,Larissa Hays,Elmont,Surly Ice Cream Truck Frameset - 2016,Mountain Bikes,Surly,2,469.99,0.07,Baldwin Bikes,Venita Daniel,874.1813999999999,2016,8
358,2016-08-05,Larissa Hays,Elmont,Trek Remedy 29 Carbon Frameset - 2016,Mountain Bikes,Trek,2,1799.99,0.05,Baldwin Bikes,Venita Daniel,3419.9809999999998,2016,8
358,2016-08-05,Larissa Hays,Elmont,Pure Cycles Western 3-Speed - Women's - 2015/2016,Cruisers Bicycles,Pure Cycles,2,449.0,0.1,Baldwin Bikes,Venita Daniel,808.2,2016,8
359,2016-08-07,Dorthea Walker,Port Washington,Electra Moto 1 - 2016,Cruisers Bicycles,Electra,2,529.99,0.07,Baldwin Bikes,Venita Daniel,985.7814,2016,8
359,2016-08-07,Dorthea Walker,Port Washington,Trek Conduit+ - 2016,Electric Bikes,Trek,2,2999.99,0.07,Baldwin Bikes,Venita Daniel,5579.9814,2016,8
359,2016-08-07,Dorthea Walker,Port Washington,Trek Slash 8 27.5 - 2016,Mountain Bikes,Trek,2,3999.99,0.2,Baldwin Bikes,Venita Daniel,6399.984,2016,8
360,2016-08-07,Clorinda Donovan,Jamestown,Electra Townie Original 7D EQ - 2016,Comfort Bicycles,Electra,1,599.99,0.05,Baldwin Bikes,Marcelene Boyer,569.9905,2016,8
360,2016-08-07,Clorinda Donovan,Jamestown,Trek Slash 8 27.5 - 2016,Mountain Bikes,Trek,2,3999.99,0.2,Baldwin Bikes,Marcelene Boyer,6399.984,2016,8
360,2016-08-07,Clorinda Donovan,Jamestown,Electra Cruiser 1 (24-Inch) - 2016,Cruisers Bicycles,Electra,2,269.99,0.05,Baldwin Bikes,Marcelene Boyer,512.981,2016,8
360,2016-08-07,Clorinda Donovan,Jamestown,Electra Townie Original 7D - 2015/2016,Comfort Bicycles,Electra,1,499.99,0.1,Baldwin Bikes,Marcelene Boyer,449.99100000000004,2016,8
361,2016-08-08,Demarcus Reese,Yorktown Heights,Electra Townie Original 21D - 2016,Comfort Bicycles,Electra,2,549.99,0.05,Baldwin Bikes,Marcelene Boyer,1044.981,2016,8
361,2016-08-08,Demarcus Reese,Yorktown Heights,Surly Ice Cream Truck Frameset - 2016,Mountain Bikes,Surly,2,469.99,0.1,Baldwin Bikes,Marcelene Boyer,845.9820000000001,2016,8
361,2016-08-08,Demarcus Reese,Yorktown Heights,Surly Straggler 650b - 2016,Cyclocross Bicycles,Surly,1,1680.99,0.1,Baldwin Bikes,Marcelene Boyer,1512.891,2016,8
362,2016-08-09,Hedwig Paul,Apple Valley,Ritchey Timberwolf Frameset - 2016,Mountain Bikes,Ritchey,1,749.99,0.07,Santa Cruz Bikes,Mireya Copeland,697.4907,2016,8
363,2016-08-11,Brain Skinner,Euless,Electra Cruiser 1 (24-Inch) - 2016,Children Bicycles,Electra,2,269.99,0.1,Rowlett Bikes,Kali Vargas,485.982,2016,8
363,2016-08-11,Brain Skinner,Euless,Electra Girl's Hawaii 1 (16-inch) - 2015/2016,Cruisers Bicycles,Electra,1,269.99,0.07,Rowlett Bikes,Kali Vargas,251.0907,2016,8
363,2016-08-11,Brain Skinner,Euless,Electra Moto 1 - 2016,Cruisers Bicycles,Electra,1,529.99,0.1,Rowlett Bikes,Kali Vargas,476.99100000000004,2016,8
363,2016-08-11,Brain Skinner,Euless,Electra Townie Original 7D EQ - Women's - 2016,Cruisers Bicycles,Electra,1,599.99,0.2,Rowlett Bikes,Kali Vargas,479.992,2016,8
364,2016-08-12,Mariette Trevino,Utica,Electra Townie Original 7D - 2015/2016,Comfort Bicycles,Electra,2,499.99,0.05,Baldwin Bikes,Marcelene Boyer,949.981,2016,8
365,2016-08-13,Christel Cardenas,Long Beach,Electra Townie Original 21D - 2016,Comfort Bicycles,Electra,2,549.99,0.07,Baldwin Bikes,Marcelene Boyer,1022.9813999999999,2016,8
366,2016-08-13,Arielle Levine,Garland,Electra Cruiser 1 (24-Inch) - 2016,Children Bicycles,Electra,1,269.99,0.1,Rowlett Bikes,Layla Terrell,242.991,2016,8
366,2016-08-13,Arielle Levine,Garland,Trek Fuel EX 8 29 - 2016,Mountain Bikes,Trek,1,2899.99,0.07,Rowlett Bikes,Layla Terrell,2696.9907,2016,8
366,2016-08-13,Arielle Levine,Garland,Electra Townie Original 7D EQ - 2016,Cruisers Bicycles,Electra,2,599.99,0.2,Rowlett Bikes,Layla Terrell,959.984,2016,8
367,2016-08-14,Afton Juarez,Coram,Electra Townie Original 7D EQ - 2016,Comfort Bicycles,Electra,2,599.99,0.1,Baldwin Bikes,Venita Daniel,1079.982,2016,8
367,2016-08-14,Afton Juarez,Coram,Electra Girl's Hawaii 1 (16-inch) - 2015/2016,Cruisers Bicycles,Electra,1,269.99,0.05,Baldwin Bikes,Venita Daniel,256.4905,2016,8
367,2016-08-14,Afton Juarez,Coram,Surly Straggler - 2016,Cyclocross Bicycles,Surly,2,1549.0,0.05,Baldwin Bikes,Venita Daniel,2943.1,2016,8
368,2016-08-14,Amina Salazar,Canandaigua,Heller Shagamaw Frame - 2016,Mountain Bikes,Heller,1,1320.99,0.2,Baldwin Bikes,Venita Daniel,1056.7920000000001,2016,8
368,2016-08-14,Amina Salazar,Canandaigua,Surly Straggler - 2016,Cyclocross Bicycles,Surly,2,1549.0,0.2,Baldwin Bikes,Venita Daniel,2478.4,2016,8
368,2016-08-14,Amina Salazar,Canandaigua,Electra Cruiser 1 (24-Inch) - 2016,Children Bicycles,Electra,2,269.99,0.1,Baldwin Bikes,Venita Daniel,485.982,2016,8
368,2016-08-14,Amina Salazar,Canandaigua,Pure Cycles William 3-Speed - 2016,Cruisers Bicycles,Pure Cycles,1,449.0,0.05,Baldwin Bikes,Venita Daniel,426.54999999999995,2016,8
369,2016-08-15,Garth Huff,Glendora,Surly Straggler - 2016,Cyclocross Bicycles,Surly,2,1549.0,0.07,Santa Cruz Bikes,Genna Serrano,2881.14,2016,8
370,2016-08-15,Raymonde Garcia,Queensbury,Electra Townie Original 7D - 2015/2016,Comfort Bicycles,Electra,2,499.99,0.05,Baldwin Bikes,Venita Daniel,949.981,2016,8
370,2016-08-15,Raymonde Garcia,Queensbury,Trek Fuel EX 8 29 - 2016,Mountain Bikes,Trek,2,2899.99,0.1,Baldwin Bikes,Venita Daniel,5219.982,2016,8
371,2016-08-15,Ashlie Parrish,Monsey,Electra Girl's Hawaii 1 (16-inch) - 2015/2016,Cruisers Bicycles,Electra,1,269.99,0.2,Baldwin Bikes,Venita Daniel,215.99200000000002,2016,8
371,2016-08-15,Ashlie Parrish,Monsey,Electra Townie Original 21D - 2016,Cruisers Bicycles,Electra,1,549.99,0.2,Baldwin Bikes,Venita Daniel,439.992,2016,8
372,2016-08-16,Boyd Irwin,Hamburg,Surly Straggler 650b - 2016,Cyclocross Bicycles,Surly,1,1680.99,0.05,Baldwin Bikes,Marcelene Boyer,1596.9405,2016,8
372,2016-08-16,Boyd Irwin,Hamburg,Electra Girl's Hawaii 1 (16-inch) - 2015/2016,Cruisers Bicycles,Electra,2,269.99,0.1,Baldwin Bikes,Marcelene Boyer,485.982,2016,8
372,2016-08-16,Boyd Irwin,Hamburg,Heller Shagamaw Frame - 2016,Mountain Bikes,Heller,1,1320.99,0.1,Baldwin Bikes,Marcelene Boyer,1188.891,2016,8
373,2016-08-16,Majorie Wyatt,South Ozone Park,Trek Remedy 29 Carbon Frameset - 2016,Mountain Bikes,Trek,2,1799.99,0.05,Baldwin Bikes,Venita Daniel,3419.9809999999998,2016,8
373,2016-08-16,Majorie Wyatt,South Ozone Park,Electra Girl's Hawaii 1 (16-inch) - 2015/2016,Children Bicycles,Electra,1,269.99,0.1,Baldwin Bikes,Venita Daniel,242.991,2016,8
373,2016-08-16,Majorie Wyatt,South Ozone Park,Pure Cycles William 3-Speed - 2016,Cruisers Bicycles,Pure Cycles,2,449.0,0.2,Baldwin Bikes,Venita Daniel,718.4000000000001,2016,8
373,2016-08-16,Majorie Wyatt,South Ozone Park,Electra Townie Original 21D - 2016,Cruisers Bicycles,Electra,1,549.99,0.1,Baldwin Bikes,Venita Daniel,494.99100000000004,2016,8
373,2016-08-16,Majorie Wyatt,South Ozone Park,Electra Cruiser 1 (24-Inch) - 2016,Cruisers Bicycles,Electra,1,269.99,0.1,Baldwin Bikes,Venita Daniel,242.991,2016,8
374,2016-08-17,Dante Grimes,Duarte,Surly Straggler - 2016,Cyclocross Bicycles,Surly,1,1549.0,0.1,Santa Cruz Bikes,Mireya Copeland,1394.1000000000001,2016,8
374,2016-08-17,Dante Grimes,Duarte,Trek Slash 8 27.5 - 2016,Mountain Bikes,Trek,1,3999.99,0.07,Santa Cruz Bikes,Mireya Copeland,3719.9906999999994,2016,8
375,2016-08-17,Christiane Bradford,Orchard Park,Electra Cruiser 1 (24-Inch) - 2016,Children Bicycles,Electra,2,269.99,0.05,Baldwin Bikes,Venita Daniel,512.981,2016,8
375,2016-08-17,Christiane Bradford,Orchard Park,Ritchey Timberwolf Frameset - 2016,Mountain Bikes,Ritchey,2,749.99,0.05,Baldwin Bikes,Venita Daniel,1424.981,2016,8
375,2016-08-17,Christiane Bradford,Orchard Park,Trek Fuel EX 8 29 - 2016,Mountain Bikes,Trek,2,2899.99,0.07,Baldwin Bikes,Venita Daniel,5393.9814,2016,8
375,2016-08-17,Christiane Bradford,Orchard Park,Electra Townie Original 21D - 2016,Cruisers Bicycles,Electra,2,549.99,0.05,Baldwin Bikes,Venita Daniel,1044.981,2016,8
376,2016-08-17,Kristel Byrd,Hicksville,Ritchey Timberwolf Frameset - 2016,Mountain Bikes,Ritchey,2,749.99,0.07,Baldwin Bikes,Marcelene Boyer,1394.9814,2016,8
376,2016-08-17,Kristel Byrd,Hicksville,Electra Girl's Hawaii 1 (20-inch) - 2015/2016,Children Bicycles,Electra,2,299.99,0.1,Baldwin Bikes,Marcelene Boyer,539.9820000000001,2016,8
377,2016-08-17,Thad Gilliam,Levittown,Trek Remedy 29 Carbon Frameset - 2016,Mountain Bikes,Trek,1,1799.99,0.05,Baldwin Bikes,Marcelene Boyer,1709.9904999999999,2016,8
377,2016-08-17,Thad Gilliam,Levittown,Electra Girl's Hawaii 1 (16-inch) - 2015/2016,Cruisers Bicycles,Electra,1,269.99,0.07,Baldwin Bikes,Marcelene Boyer,251.0907,2016,8
378,2016-08-17,Alec Peck,Victoria,Electra Townie Original 7D EQ - 2016,Comfort Bicycles,Electra,2,599.99,0.05,Rowlett Bikes,Layla Terrell,1139.981,2016,8
379,2016-08-18,Hassan Nash,Hicksville,Trek Conduit+ - 2016,Electric Bikes,Trek,1,2999.99,0.07,Baldwin Bikes,Venita Daniel,2789.9907,2016,8
379,2016-08-18,Hassan Nash,Hicksville,Electra Townie Original 7D EQ - 2016,Cruisers Bicycles,Electra,1,599.99,0.2,Baldwin Bikes,Venita Daniel,479.992,2016,8
380,2016-08-19,Han Wade,Howard Beach,Electra Townie Original 7D EQ - 2016,Cruisers Bicycles,Electra,1,599.99,0.05,Baldwin Bikes,Venita Daniel,569.9905,2016,8
380,2016-08-19,Han Wade,Howard Beach,Surly Straggler 650b - 2016,Cyclocross Bicycles,Surly,2,1680.99,0.05,Baldwin Bikes,Venita Daniel,3193.881,2016,8
381,2016-08-19,Vanessa West,New Rochelle,Electra Cruiser 1 (24-Inch) - 2016,Children Bicycles,Electra,2,269.99,0.07,Baldwin Bikes,Venita Daniel,502.1814,2016,8
382,2016-08-20,Clelia Workman,New Windsor,Trek Remedy 29 Carbon Frameset - 2016,Mountain Bikes,Trek,1,1799.99,0.1,Baldwin Bikes,Marcelene Boyer,1619.991,2016,8
382,2016-08-20,Clelia Workman,New Windsor,Trek Conduit+ - 2016,Electric Bikes,Trek,1,2999.99,0.1,Baldwin Bikes,Marcelene Boyer,2699.991,2016,8
382,2016-08-20,Clelia Workman,New Windsor,Electra Cruiser 1 (24-Inch) - 2016,Cruisers Bicycles,Electra,1,269.99,0.07,Baldwin Bikes,Marcelene Boyer,251.0907,2016,8
383,2016-08-20,Aleta Mack,Bay Shore,Pure Cycles William 3-Speed - 2016,Cruisers Bicycles,Pure Cycles,1,449.0,0.07,Baldwin Bikes,Venita Daniel,417.57,2016,8
383,2016-08-20,Aleta Mack,Bay Shore,Electra Girl's Hawaii 1 (16-inch) - 2015/2016,Children Bicycles,Electra,2,269.99,0.05,Baldwin Bikes,Venita Daniel,512.981,2016,8
383,2016-08-20,Aleta Mack,Bay Shore,Electra Cruiser 1 (24-Inch) - 2016,Cruisers Bicycles,Electra,1,269.99,0.1,Baldwin Bikes,Venita Daniel,242.991,2016,8
383,2016-08-20,Aleta Mack,Bay Shore,Electra Cruiser 1 (24-Inch) - 2016,Children Bicycles,Electra,2,269.99,0.05,Baldwin Bikes,Venita Daniel,512.981,2016,8
383,2016-08-20,Aleta Mack,Bay Shore,Electra Girl's Hawaii 1 (16-inch) - 2015/2016,Cruisers Bicycles,Electra,1,269.99,0.1,Baldwin Bikes,Venita Daniel,242.991,2016,8
384,2016-08-20,Conception Slater,Bellmore,Electra Townie Original 7D EQ - Women's - 2016,Cruisers Bicycles,Electra,1,599.99,0.1,Baldwin Bikes,Venita Daniel,539.991,2016,8
384,2016-08-20,Conception Slater,Bellmore,Electra Cruiser 1 (24-Inch) - 2016,Children Bicycles,Electra,2,269.99,0.2,Baldwin Bikes,Venita Daniel,431.98400000000004,2016,8
384,2016-08-20,Conception Slater,Bellmore,Trek Remedy 29 Carbon Frameset - 2016,Mountain Bikes,Trek,1,1799.99,0.05,Baldwin Bikes,Venita Daniel,1709.9904999999999,2016,8
384,2016-08-20,Conception Slater,Bellmore,Electra Moto 1 - 2016,Cruisers Bicycles,Electra,1,529.99,0.1,Baldwin Bikes,Venita Daniel,476.99100000000004,2016,8
384,2016-08-20,Conception Slater,Bellmore,Trek Fuel EX 8 29 - 2016,Mountain Bikes,Trek,1,2899.99,0.2,Baldwin Bikes,Venita Daniel,2319.9919999999997,2016,8
385,2016-08-20,Odette Moses,Newburgh,Electra Cruiser 1 (24-Inch) - 2016,Children Bicycles,Electra,1,269.99,0.07,Baldwin Bikes,Venita Daniel,251.0907,2016,8
385,2016-08-20,Odette Moses,Newburgh,Trek Slash 8 27.5 - 2016,Mountain Bikes,Trek,2,3999.99,0.2,Baldwin Bikes,Venita Daniel,6399.984,2016,8
385,2016-08-20,Odette Moses,Newburgh,Electra Townie Original 7D EQ - 2016,Comfort Bicycles,Electra,2,599.99,0.05,Baldwin Bikes,Venita Daniel,1139.981,2016,8
386,2016-08-20,Christiana Gross,Orchard Park,Trek Remedy 29 Carbon Frameset - 2016,Mountain Bikes,Trek,1,1799.99,0.2,Baldwin Bikes,Marcelene Boyer,1439.9920000000002,2016,8
386,2016-08-20,Christiana Gross,Orchard Park,Surly Wednesday Frameset - 2016,Mountain Bikes,Surly,2,999.99,0.05,Baldwin Bikes,Marcelene Boyer,1899.981,2016,8
386,2016-08-20,Christiana Gross,Orchard Park,Electra Townie Original 7D EQ - 2016,Cruisers Bicycles,Electra,2,599.99,0.2,Baldwin Bikes,Marcelene Boyer,959.984,2016,8
387,2016-08-20,Jennette Wooten,Rowlett,Pure Cycles Western 3-Speed - Women's - 2015/2016,Cruisers Bicycles,Pure Cycles,1,449.0,0.2,Rowlett Bikes,Kali Vargas,359.20000000000005,2016,8
388,2016-08-21,Mirella Duffy,Longview,Pure Cycles William 3-Speed - 2016,Cruisers Bicycles,Pure Cycles,2,449.0,0.2,Rowlett Bikes,Kali Vargas,718.4000000000001,2016,8
388,2016-08-21,Mirella Duffy,Longview,Electra Cruiser 1 (24-Inch) - 2016,Cruisers Bicycles,Electra,2,269.99,0.07,Rowlett Bikes,Kali Vargas,502.1814,2016,8
388,2016-08-21,Mirella Duffy,Longview,Ritchey Timberwolf Frameset - 2016,Mountain Bikes,Ritchey,1,749.99,0.07,Rowlett Bikes,Kali Vargas,697.4907,2016,8
388,2016-08-21,Mirella Duffy,Longview,Surly Straggler 650b - 2016,Cyclocross Bicycles,Surly,1,1680.99,0.1,Rowlett Bikes,Kali Vargas,1512.891,2016,8
389,2016-08-22,Saturnina Garner,Glendora,Ritchey Timberwolf Frameset - 2016,Mountain Bikes,Ritchey,1,749.99,0.07,Santa Cruz Bikes,Genna Serrano,697.4907,2016,8
389,2016-08-22,Saturnina Garner,Glendora,Electra Moto 1 - 2016,Cruisers Bicycles,Electra,2,529.99,0.07,Santa Cruz Bikes,Genna Serrano,985.7814,2016,8
389,2016-08-22,Saturnina Garner,Glendora,Surly Straggler - 2016,Cyclocross Bicycles,Surly,2,1549.0,0.05,Santa Cruz Bikes,Genna Serrano,2943.1,2016,8
389,2016-08-22,Saturnina Garner,Glendora,Heller Shagamaw Frame - 2016,Mountain Bikes,Heller,1,1320.99,0.05,Santa Cruz Bikes,Genna Serrano,1254.9405,2016,8
389,2016-08-22,Saturnina Garner,Glendora,Trek Conduit+ - 2016,Electric Bikes,Trek,1,2999.99,0.2,Santa Cruz Bikes,Genna Serrano,2399.9919999999997,2016,8
390,2016-08-22,Shirely Stanley,El Paso,Electra Girl's Hawaii 1 (20-inch) - 2015/2016,Children Bicycles,Electra,1,299.99,0.05,Rowlett Bikes,Layla Terrell,284.9905,2016,8
390,2016-08-22,Shirely Stanley,El Paso,Trek Slash 8 27.5 - 2016,Mountain Bikes,Trek,2,3999.99,0.07,Rowlett Bikes,Layla Terrell,7439.981399999999,2016,8
390,2016-08-22,Shirely Stanley,El Paso,Trek Conduit+ - 2016,Electric Bikes,Trek,1,2999.99,0.05,Rowlett Bikes,Layla Terrell,2849.9905,2016,8
391,2016-08-23,Elinore Aguilar,San Angelo,Trek Remedy 29 Carbon Frameset - 2016,Mountain Bikes,Trek,1,1799.99,0.07,Rowlett Bikes,Layla Terrell,1673.9906999999998,2016,8
391,2016-08-23,Elinore Aguilar,San Angelo,Heller Shagamaw Frame - 2016,Mountain Bikes,Heller,2,1320.99,0.2,Rowlett Bikes,Layla Terrell,2113.5840000000003,2016,8
391,2016-08-23,Elinore Aguilar,San Angelo,Electra Townie Original 21D - 2016,Comfort Bicycles,Electra,2,549.99,0.07,Rowlett Bikes,Layla Terrell,1022.9813999999999,2016,8
392,2016-08-23,Carley Reynolds,South El Monte,Electra Girl's Hawaii 1 (16-inch) - 2015/2016,Cruisers Bicycles,Electra,2,269.99,0.1,Santa Cruz Bikes,Genna Serrano,485.982,2016,8
392,2016-08-23,Carley Reynolds,South El Monte,Surly Wednesday Frameset - 2016,Mountain Bikes,Surly,2,999.99,0.05,Santa Cruz Bikes,Genna Serrano,1899.981,2016,8
393,2016-08-25,Alysha Powers,Forest Hills,Surly Ice Cream Truck Frameset - 2016,Mountain Bikes,Surly,2,469.99,0.2,Baldwin Bikes,Marcelene Boyer,751.984,2016,8
394,2016-08-26,Tammera Fischer,Oakland,Electra Girl's Hawaii 1 (20-inch) - 2015/2016,Children Bicycles,Electra,1,299.99,0.05,Santa Cruz Bikes,Genna Serrano,284.9905,2016,8
394,2016-08-26,Tammera Fischer,Oakland,Electra Townie Original 7D EQ - 2016,Cruisers Bicycles,Electra,1,599.99,0.2,Santa Cruz Bikes,Genna Serrano,479.992,2016,8
394,2016-08-26,Tammera Fischer,Oakland,Electra Girl's Hawaii 1 (16-inch) - 2015/2016,Cruisers Bicycles,Electra,2,269.99,0.2,Santa Cruz Bikes,Genna Serrano,431.98400000000004,2016,8
395,2016-08-26,Hans Price,Port Chester,Electra Girl's Hawaii 1 (16-inch) - 2015/2016,Cruisers Bicycles,Electra,1,269.99,0.05,Baldwin Bikes,Marcelene Boyer,256.4905,2016,8
396,2016-08-27,Timothy Byers,Ronkonkoma,Electra Townie Original 21D - 2016,Cruisers Bicycles,Electra,1,549.99,0.1,Baldwin Bikes,Marcelene Boyer,494.99100000000004,2016,8
396,2016-08-27,Timothy Byers,Ronkonkoma,Electra Townie Original 7D - 2015/2016,Comfort Bicycles,Electra,2,499.99,0.05,Baldwin Bikes,Marcelene Boyer,949.981,2016,8
396,2016-08-27,Timothy Byers,Ronkonkoma,Heller Shagamaw Frame - 2016,Mountain Bikes,Heller,1,1320.99,0.2,Baldwin Bikes,Marcelene Boyer,1056.7920000000001,2016,8
397,2016-08-28,Son Warner,Rockville Centre,Trek Slash 8 27.5 - 2016,Mountain Bikes,Trek,1,3999.99,0.05,Baldwin Bikes,Venita Daniel,3799.9904999999994,2016,8
398,2016-08-29,Chasidy Tran,Vista,Trek Remedy 29 Carbon Frameset - 2016,Mountain Bikes,Trek,2,1799.99,0.05,Santa Cruz Bikes,Mireya Copeland,3419.9809999999998,2016,8
398,2016-08-29,Chasidy Tran,Vista,Pure Cycles Western 3-Speed - Women's - 2015/2016,Cruisers Bicycles,Pure Cycles,2,449.0,0.05,Santa Cruz Bikes,Mireya Copeland,853.0999999999999,2016,8
398,2016-08-29,Chasidy Tran,Vista,Electra Townie Original 7D - 2015/2016,Comfort Bicycles,Electra,1,499.99,0.2,Santa Cruz Bikes,Mireya Copeland,399.992,2016,8
398,2016-08-29,Chasidy Tran,Vista,Pure Cycles Vine 8-Speed - 2016,Cruisers Bicycles,Pure Cycles,1,429.0,0.05,Santa Cruz Bikes,Mireya Copeland,407.54999999999995,2016,8
399,2016-08-29,Lee Roman,Brentwood,Electra Townie Original 7D - 2015/2016,Comfort Bicycles,Electra,1,499.99,0.05,Baldwin Bikes,Venita Daniel,474.9905,2016,8
399,2016-08-29,Lee Roman,Brentwood,Surly Straggler 650b - 2016,Cyclocross Bicycles,Surly,2,1680.99,0.05,Baldwin Bikes,Venita Daniel,3193.881,2016,8
399,2016-08-29,Lee Roman,Brentwood,Electra Girl's Hawaii 1 (16-inch) - 2015/2016,Cruisers Bicycles,Electra,1,269.99,0.1,Baldwin Bikes,Venita Daniel,242.991,2016,8
400,2016-08-29,Alline Beasley,North Tonawanda,Electra Townie Original 21D - 2016,Comfort Bicycles,Electra,2,549.99,0.07,Baldwin Bikes,Marcelene Boyer,1022.9813999999999,2016,8
400,2016-08-29,Alline Beasley,North Tonawanda,Trek Conduit+ - 2016,Electric Bikes,Trek,1,2999.99,0.2,Baldwin Bikes,Marcelene Boyer,2399.9919999999997,2016,8
400,2016-08-29,Alline Beasley,North Tonawanda,Surly Wednesday Frameset - 2016,Mountain Bikes,Surly,2,999.99,0.2,Baldwin Bikes,Marcelene Boyer,1599.9840000000002,2016,8
401,2016-08-30,Sylvie Wilkerson,Syosset,Electra Girl's Hawaii 1 (20-inch) - 2015/2016,Children Bicycles,Electra,1,299.99,0.2,Baldwin Bikes,Marcelene Boyer,239.99200000000002,2016,8
401,2016-08-30,Sylvie Wilkerson,Syosset,Surly Straggler - 2016,Cyclocross Bicycles,Surly,2,1549.0,0.2,Baldwin Bikes,Marcelene Boyer,2478.4,2016,8
402,2016-08-30,Corina Lynch,Rosedale,Surly Ice Cream Truck Frameset - 2016,Mountain Bikes,Surly,2,469.99,0.07,Baldwin Bikes,Marcelene Boyer,874.1813999999999,2016,8
402,2016-08-30,Corina Lynch,Rosedale,Heller Shagamaw Frame - 2016,Mountain Bikes,Heller,1,1320.99,0.07,Baldwin Bikes,Marcelene Boyer,1228.5207,2016,8
402,2016-08-30,Corina Lynch,Rosedale,Electra Townie Original 7D EQ - 2016,Comfort Bicycles,Electra,1,599.99,0.05,Baldwin Bikes,Marcelene Boyer,569.9905,2016,8
403,2016-08-31,Salena Day,San Lorenzo,Electra Townie Original 21D - 2016,Cruisers Bicycles,Electra,2,549.99,0.1,Santa Cruz Bikes,Genna Serrano,989.9820000000001,2016,8
403,2016-08-31,Salena Day,San Lorenzo,Trek Slash 8 27.5 - 2016,Mountain Bikes,Trek,2,3999.99,0.2,Santa Cruz Bikes,Genna Serrano,6399.984,2016,8
403,2016-08-31,Salena Day,San Lorenzo,Electra Girl's Hawaii 1 (16-inch) - 2015/2016,Children Bicycles,Electra,2,269.99,0.05,Santa Cruz Bikes,Genna Serrano,512.981,2016,8
403,2016-08-31,Salena Day,San Lorenzo,Electra Townie Original 21D - 2016,Comfort Bicycles,Electra,1,549.99,0.2,Santa Cruz Bikes,Genna Serrano,439.992,2016,8
404,2016-08-31,Laverna Hernandez,Niagara Falls,Trek Conduit+ - 2016,Electric Bikes,Trek,1,2999.99,0.07,Baldwin Bikes,Venita Daniel,2789.9907,2016,8
404,2016-08-31,Laverna Hernandez,Niagara Falls,Electra Townie Original 7D - 2015/2016,Comfort Bicycles,Electra,2,499.99,0.05,Baldwin Bikes,Venita Daniel,949.981,2016,8
404,2016-08-31,Laverna Hernandez,Niagara Falls,Electra Townie Original 7D EQ - 2016,Cruisers Bicycles,Electra,2,599.99,0.2,Baldwin Bikes,Venita Daniel,959.984,2016,8
405,2016-08-31,Genevieve Juarez,New Hyde Park,Surly Wednesday Frameset - 2016,Mountain Bikes,Surly,2,999.99,0.2,Baldwin Bikes,Marcelene Boyer,1599.9840000000002,2016,8
405,2016-08-31,Genevieve Juarez,New Hyde Park,Surly Straggler - 2016,Cyclocross Bicycles,Surly,2,1549.0,0.1,Baldwin Bikes,Marcelene Boyer,2788.2000000000003,2016,8
405,2016-08-31,Genevieve Juarez,New Hyde Park,Electra Girl's Hawaii 1 (16-inch) - 2015/2016,Cruisers Bicycles,Electra,2,269.99,0.07,Baldwin Bikes,Marcelene Boyer,502.1814,2016,8
406,2016-08-31,Eliz Lynch,Uniondale,Trek Fuel EX 8 29 - 2016,Mountain Bikes,Trek,1,2899.99,0.2,Baldwin Bikes,Venita Daniel,2319.9919999999997,2016,8
407,2016-09-01,Keri Bridges,Richardson,Electra Townie Original 7D EQ - Women's - 2016,Cruisers Bicycles,Electra,1,599.99,0.2,Rowlett Bikes,Kali Vargas,479.992,2016,9
407,2016-09-01,Keri Bridges,Richardson,Heller Shagamaw Frame - 2016,Mountain Bikes,Heller,1,1320.99,0.05,Rowlett Bikes,Kali Vargas,1254.9405,2016,9
408,2016-09-01,Shemeka Lyons,Pomona,Pure Cycles Western 3-Speed - Women's - 2015/2016,Cruisers Bicycles,Pure Cycles,1,449.0,0.2,Santa Cruz Bikes,Mireya Copeland,359.20000000000005,2016,9
408,2016-09-01,Shemeka Lyons,Pomona,Surly Wednesday Frameset - 2016,Mountain Bikes,Surly,1,999.99,0.07,Santa Cruz Bikes,Mireya Copeland,929.9907,2016,9
408,2016-09-01,Shemeka Lyons,Pomona,Ritchey Timberwolf Frameset - 2016,Mountain Bikes,Ritchey,2,749.99,0.07,Santa Cruz Bikes,Mireya Copeland,1394.9814,2016,9
408,2016-09-01,Shemeka Lyons,Pomona,Pure Cycles Vine 8-Speed - 2016,Cruisers Bicycles,Pure Cycles,2,429.0,0.2,Santa Cruz Bikes,Mireya Copeland,686.4000000000001,2016,9
409,2016-09-01,Luke Fuller,Hempstead,Electra Moto 1 - 2016,Cruisers Bicycles,Electra,1,529.99,0.07,Baldwin Bikes,Venita Daniel,492.8907,2016,9
409,2016-09-01,Luke Fuller,Hempstead,Electra Townie Original 7D EQ - 2016,Cruisers Bicycles,Electra,2,599.99,0.2,Baldwin Bikes,Venita Daniel,959.984,2016,9
409,2016-09-01,Luke Fuller,Hempstead,Electra Cruiser 1 (24-Inch) - 2016,Children Bicycles,Electra,1,269.99,0.05,Baldwin Bikes,Venita Daniel,256.4905,2016,9
410,2016-09-01,Herminia Reyes,Centereach,Electra Townie Original 7D - 2015/2016,Comfort Bicycles,Electra,1,499.99,0.1,Baldwin Bikes,Marcelene Boyer,449.99100000000004,2016,9
410,2016-09-01,Herminia Reyes,Centereach,Trek Conduit+ - 2016,Electric Bikes,Trek,2,2999.99,0.05,Baldwin Bikes,Marcelene Boyer,5699.981,2016,9
410,2016-09-01,Herminia Reyes,Centereach,Electra Townie Original 21D - 2016,Comfort Bicycles,Electra,2,549.99,0.1,Baldwin Bikes,Marcelene Boyer,989.9820000000001,2016,9
411,2016-09-02,Ferne Kline,Fullerton,Ritchey Timberwolf Frameset - 2016,Mountain Bikes,Ritchey,1,749.99,0.07,Santa Cruz Bikes,Genna Serrano,697.4907,2016,9
411,2016-09-02,Ferne Kline,Fullerton,Electra Townie Original 7D EQ - 2016,Comfort Bicycles,Electra,2,599.99,0.05,Santa Cruz Bikes,Genna Serrano,1139.981,2016,9
412,2016-09-02,Carmina Emerson,Banning,Trek Slash 8 27.5 - 2016,Mountain Bikes,Trek,1,3999.99,0.1,Santa Cruz Bikes,Genna Serrano,3599.991,2016,9
412,2016-09-02,Carmina Emerson,Banning,Electra Townie Original 21D - 2016,Comfort Bicycles,Electra,1,549.99,0.07,Santa Cruz Bikes,Genna Serrano,511.49069999999995,2016,9
412,2016-09-02,Carmina Emerson,Banning,Pure Cycles Vine 8-Speed - 2016,Cruisers Bicycles,Pure Cycles,1,429.0,0.1,Santa Cruz Bikes,Genna Serrano,386.1,2016,9
413,2016-09-02,Kristofer Craig,Plainview,Trek Remedy 29 Carbon Frameset - 2016,Mountain Bikes,Trek,2,1799.99,0.05,Baldwin Bikes,Marcelene Boyer,3419.9809999999998,2016,9
413,2016-09-02,Kristofer Craig,Plainview,Electra Townie Original 7D - 2015/2016,Comfort Bicycles,Electra,1,499.99,0.1,Baldwin Bikes,Marcelene Boyer,449.99100000000004,2016,9
413,2016-09-02,Kristofer Craig,Plainview,Trek Conduit+ - 2016,Electric Bikes,Trek,1,2999.99,0.07,Baldwin Bikes,Marcelene Boyer,2789.9907,2016,9
414,2016-09-03,Vernia Madden,Troy,Trek Fuel EX 8 29 - 2016,Mountain Bikes,Trek,2,2899.99,0.1,Baldwin Bikes,Venita Daniel,5219.982,2016,9
415,2016-09-03,Bonita Marshall,Endicott,Surly Wednesday Frameset - 2016,Mountain Bikes,Surly,1,999.99,0.07,Baldwin Bikes,Venita Daniel,929.9907,2016,9
415,2016-09-03,Bonita Marshall,Endicott,Electra Girl's Hawaii 1 (20-inch) - 2015/2016,Children Bicycles,Electra,2,299.99,0.2,Baldwin Bikes,Venita Daniel,479.98400000000004,2016,9
415,2016-09-03,Bonita Marshall,Endicott,Heller Shagamaw Frame - 2016,Mountain Bikes,Heller,1,1320.99,0.2,Baldwin Bikes,Venita Daniel,1056.7920000000001,2016,9
415,2016-09-03,Bonita Marshall,Endicott,Surly Ice Cream Truck Frameset - 2016,Mountain Bikes,Surly,2,469.99,0.05,Baldwin Bikes,Venita Daniel,892.981,2016,9
416,2016-09-03,Johana Jacobson,Rochester,Electra Girl's Hawaii 1 (16-inch) - 2015/2016,Children Bicycles,Electra,1,269.99,0.07,Baldwin Bikes,Venita Daniel,251.0907,2016,9
416,2016-09-03,Johana Jacobson,Rochester,Electra Girl's Hawaii 1 (16-inch) - 2015/2016,Cruisers Bicycles,Electra,1,269.99,0.07,Baldwin Bikes,Venita Daniel,251.0907,2016,9
416,2016-09-03,Johana Jacobson,Rochester,Electra Townie Original 21D - 2016,Comfort Bicycles,Electra,1,549.99,0.1,Baldwin Bikes,Venita Daniel,494.99100000000004,2016,9
417,2016-09-04,Angie Powers,Pomona,Electra Townie Original 7D EQ - 2016,Comfort Bicycles,Electra,2,599.99,0.07,Santa Cruz Bikes,Genna Serrano,1115.9814,2016,9
417,2016-09-04,Angie Powers,Pomona,Surly Ice Cream Truck Frameset - 2016,Mountain Bikes,Surly,2,469.99,0.07,Santa Cruz Bikes,Genna Serrano,874.1813999999999,2016,9
418,2016-09-04,Titus Bullock,Hollis,Electra Townie Original 21D - 2016,Cruisers Bicycles,Electra,1,549.99,0.05,Baldwin Bikes,Marcelene Boyer,522.4905,2016,9
418,2016-09-04,Titus Bullock,Hollis,Electra Townie Original 7D EQ - Women's - 2016,Cruisers Bicycles,Electra,1,599.99,0.05,Baldwin Bikes,Marcelene Boyer,569.9905,2016,9
419,2016-09-04,Garry Espinoza,Forney,Trek Conduit+ - 2016,Electric Bikes,Trek,1,2999.99,0.05,Rowlett Bikes,Kali Vargas,2849.9905,2016,9
420,2016-09-05,Petronila Norris,South El Monte,Pure Cycles Vine 8-Speed - 2016,Cruisers Bicycles,Pure Cycles,2,429.0,0.2,Santa Cruz Bikes,Genna Serrano,686.4000000000001,2016,9
420,2016-09-05,Petronila Norris,South El Monte,Electra Moto 1 - 2016,Cruisers Bicycles,Electra,2,529.99,0.1,Santa Cruz Bikes,Genna Serrano,953.9820000000001,2016,9
420,2016-09-05,Petronila Norris,South El Monte,Surly Wednesday Frameset - 2016,Mountain Bikes,Surly,2,999.99,0.05,Santa Cruz Bikes,Genna Serrano,1899.981,2016,9
421,2016-09-05,Le Deleon,Banning,Surly Ice Cream Truck Frameset - 2016,Mountain Bikes,Surly,2,469.99,0.07,Santa Cruz Bikes,Genna Serrano,874.1813999999999,2016,9
421,2016-09-05,Le Deleon,Banning,Surly Wednesday Frameset - 2016,Mountain Bikes,Surly,2,999.99,0.2,Santa Cruz Bikes,Genna Serrano,1599.9840000000002,2016,9
421,2016-09-05,Le Deleon,Banning,Electra Townie Original 7D EQ - Women's - 2016,Cruisers Bicycles,Electra,2,599.99,0.2,Santa Cruz Bikes,Genna Serrano,959.984,2016,9
421,2016-09-05,Le Deleon,Banning,Trek Fuel EX 8 29 - 2016,Mountain Bikes,Trek,1,2899.99,0.07,Santa Cruz Bikes,Genna Serrano,2696.9907,2016,9
421,2016-09-05,Le Deleon,Banning,Electra Girl's Hawaii 1 (20-inch) - 2015/2016,Children Bicycles,Electra,2,299.99,0.2,Santa Cruz Bikes,Genna Serrano,479.98400000000004,2016,9
422,2016-09-06,Suellen Mercado,Sunnyside,Electra Townie Original 7D EQ - Women's - 2016,Cruisers Bicycles,Electra,2,599.99,0.05,Baldwin Bikes,Marcelene Boyer,1139.981,2016,9
423,2016-09-06,Dewayne Herring,Webster,Trek Remedy 29 Carbon Frameset - 2016,Mountain Bikes,Trek,2,1799.99,0.05,Baldwin Bikes,Venita Daniel,3419.9809999999998,2016,9
423,2016-09-06,Dewayne Herring,Webster,Pure Cycles Vine 8-Speed - 2016,Cruisers Bicycles,Pure Cycles,1,429.0,0.2,Baldwin Bikes,Venita Daniel,343.20000000000005,2016,9
423,2016-09-06,Dewayne Herring,Webster,Electra Girl's Hawaii 1 (20-inch) - 2015/2016,Children Bicycles,Electra,2,299.99,0.07,Baldwin Bikes,Venita Daniel,557.9814,2016,9
423,2016-09-06,Dewayne Herring,Webster,Ritchey Timberwolf Frameset - 2016,Mountain Bikes,Ritchey,1,749.99,0.2,Baldwin Bikes,Venita Daniel,599.9920000000001,2016,9
424,2016-09-08,Tommie Melton,Sacramento,Electra Girl's Hawaii 1 (16-inch) - 2015/2016,Children Bicycles,Electra,1,269.99,0.1,Santa Cruz Bikes,Genna Serrano,242.991,2016,9
424,2016-09-08,Tommie Melton,Sacramento,Surly Ice Cream Truck Frameset - 2016,Mountain Bikes,Surly,1,469.99,0.05,Santa Cruz Bikes,Genna Serrano,446.4905,2016,9
425,2016-09-08,Tessie Farmer,Plattsburgh,Surly Ice Cream Truck Frameset - 2016,Mountain Bikes,Surly,1,469.99,0.1,Baldwin Bikes,Marcelene Boyer,422.99100000000004,2016,9
425,2016-09-08,Tessie Farmer,Plattsburgh,Electra Cruiser 1 (24-Inch) - 2016,Children Bicycles,Electra,2,269.99,0.07,Baldwin Bikes,Marcelene Boyer,502.1814,2016,9
425,2016-09-08,Tessie Farmer,Plattsburgh,Pure Cycles William 3-Speed - 2016,Cruisers Bicycles,Pure Cycles,1,449.0,0.05,Baldwin Bikes,Marcelene Boyer,426.54999999999995,2016,9
426,2016-09-08,Tonja Henderson,Scarsdale,Surly Straggler - 2016,Cyclocross Bicycles,Surly,1,1549.0,0.1,Baldwin Bikes,Marcelene Boyer,1394.1000000000001,2016,9
426,2016-09-08,Tonja Henderson,Scarsdale,Electra Girl's Hawaii 1 (20-inch) - 2015/2016,Children Bicycles,Electra,2,299.99,0.05,Baldwin Bikes,Marcelene Boyer,569.981,2016,9
427,2016-09-09,Douglass Little,Duarte,Electra Townie Original 21D - 2016,Cruisers Bicycles,Electra,2,549.99,0.07,Santa Cruz Bikes,Mireya Copeland,1022.9813999999999,2016,9
427,2016-09-09,Douglass Little,Duarte,Electra Moto 1 - 2016,Cruisers Bicycles,Electra,2,529.99,0.1,Santa Cruz Bikes,Mireya Copeland,953.9820000000001,2016,9
427,2016-09-09,Douglass Little,Duarte,Electra Townie Original 7D EQ - 2016,Comfort Bicycles,Electra,2,599.99,0.07,Santa Cruz Bikes,Mireya Copeland,1115.9814,2016,9
428,2016-09-09,Bee Baker,Liverpool,Heller Shagamaw Frame - 2016,Mountain Bikes,Heller,2,1320.99,0.2,Baldwin Bikes,Marcelene Boyer,2113.5840000000003,2016,9
428,2016-09-09,Bee Baker,Liverpool,Electra Girl's Hawaii 1 (16-inch) - 2015/2016,Cruisers Bicycles,Electra,1,269.99,0.2,Baldwin Bikes,Marcelene Boyer,215.99200000000002,2016,9
429,2016-09-10,Laraine Robbins,San Angelo,Surly Straggler 650b - 2016,Cyclocross Bicycles,Surly,1,1680.99,0.2,Rowlett Bikes,Kali Vargas,1344.7920000000001,2016,9
429,2016-09-10,Laraine Robbins,San Angelo,Trek Fuel EX 8 29 - 2016,Mountain Bikes,Trek,2,2899.99,0.1,Rowlett Bikes,Kali Vargas,5219.982,2016,9
429,2016-09-10,Laraine Robbins,San Angelo,Heller Shagamaw Frame - 2016,Mountain Bikes,Heller,2,1320.99,0.05,Rowlett Bikes,Kali Vargas,2509.881,2016,9
429,2016-09-10,Laraine Robbins,San Angelo,Surly Ice Cream Truck Frameset - 2016,Mountain Bikes,Surly,1,469.99,0.07,Rowlett Bikes,Kali Vargas,437.09069999999997,2016,9
429,2016-09-10,Laraine Robbins,San Angelo,Ritchey Timberwolf Frameset - 2016,Mountain Bikes,Ritchey,1,749.99,0.1,Rowlett Bikes,Kali Vargas,674.991,2016,9
430,2016-09-11,Deja Chaney,Jamaica,Electra Girl's Hawaii 1 (16-inch) - 2015/2016,Children Bicycles,Electra,2,269.99,0.1,Baldwin Bikes,Marcelene Boyer,485.982,2016,9
430,2016-09-11,Deja Chaney,Jamaica,Surly Straggler 650b - 2016,Cyclocross Bicycles,Surly,1,1680.99,0.07,Baldwin Bikes,Marcelene Boyer,1563.3207,2016,9
430,2016-09-11,Deja Chaney,Jamaica,Trek Fuel EX 8 29 - 2016,Mountain Bikes,Trek,2,2899.99,0.2,Baldwin Bikes,Marcelene Boyer,4639.9839999999995,2016,9
430,2016-09-11,Deja Chaney,Jamaica,Electra Cruiser 1 (24-Inch) - 2016,Cruisers Bicycles,Electra,2,269.99,0.2,Baldwin Bikes,Marcelene Boyer,431.98400000000004,2016,9
430,2016-09-11,Deja Chaney,Jamaica,Trek Remedy 29 Carbon Frameset - 2016,Mountain Bikes,Trek,1,1799.99,0.2,Baldwin Bikes,Marcelene Boyer,1439.9920000000002,2016,9
431,2016-09-11,Carlie Terrell,Yonkers,Electra Girl's Hawaii 1 (16-inch) - 2015/2016,Cruisers Bicycles,Electra,2,269.99,0.2,Baldwin Bikes,Marcelene Boyer,431.98400000000004,2016,9
431,2016-09-11,Carlie Terrell,Yonkers,Surly Ice Cream Truck Frameset - 2016,Mountain Bikes,Surly,1,469.99,0.1,Baldwin Bikes,Marcelene Boyer,422.99100000000004,2016,9
431,2016-09-11,Carlie Terrell,Yonkers,Pure Cycles Western 3-Speed - Women's - 2015/2016,Cruisers Bicycles,Pure Cycles,1,449.0,0.2,Baldwin Bikes,Marcelene Boyer,359.20000000000005,2016,9
431,2016-09-11,Carlie Terrell,Yonkers,Electra Cruiser 1 (24-Inch) - 2016,Cruisers Bicycles,Electra,2,269.99,0.07,Baldwin Bikes,Marcelene Boyer,502.1814,2016,9
431,2016-09-11,Carlie Terrell,Yonkers,Pure Cycles William 3-Speed - 2016,Cruisers Bicycles,Pure Cycles,1,449.0,0.07,Baldwin Bikes,Marcelene Boyer,417.57,2016,9
432,2016-09-12,Karla Kirk,Palos Verdes Peninsula,Surly Straggler - 2016,Cyclocross Bicycles,Surly,2,1549.0,0.2,Santa Cruz Bikes,Mireya Copeland,2478.4,2016,9
432,2016-09-12,Karla Kirk,Palos Verdes Peninsula,Trek Slash 8 27.5 - 2016,Mountain Bikes,Trek,2,3999.99,0.05,Santa Cruz Bikes,Mireya Copeland,7599.980999999999,2016,9
433,2016-09-12,Jerri Guthrie,Carmel,Surly Ice Cream Truck Frameset - 2016,Mountain Bikes,Surly,1,469.99,0.1,Baldwin Bikes,Marcelene Boyer,422.99100000000004,2016,9
433,2016-09-12,Jerri Guthrie,Carmel,Surly Straggler - 2016,Cyclocross Bicycles,Surly,1,1549.0,0.2,Baldwin Bikes,Marcelene Boyer,1239.2,2016,9
433,2016-09-12,Jerri Guthrie,Carmel,Electra Townie Original 21D - 2016,Comfort Bicycles,Electra,1,549.99,0.1,Baldwin Bikes,Marcelene Boyer,494.99100000000004,2016,9
433,2016-09-12,Jerri Guthrie,Carmel,Trek Fuel EX 8 29 - 2016,Mountain Bikes,Trek,1,2899.99,0.2,Baldwin Bikes,Marcelene Boyer,2319.9919999999997,2016,9
434,2016-09-13,Rochell Cantrell,Port Jefferson Station,Electra Cruiser 1 (24-Inch) - 2016,Children Bicycles,Electra,1,269.99,0.05,Baldwin Bikes,Marcelene Boyer,256.4905,2016,9
434,2016-09-13,Rochell Cantrell,Port Jefferson Station,Electra Townie Original 7D EQ - Women's - 2016,Cruisers Bicycles,Electra,1,599.99,0.1,Baldwin Bikes,Marcelene Boyer,539.991,2016,9
434,2016-09-13,Rochell Cantrell,Port Jefferson Station,Trek Conduit+ - 2016,Electric Bikes,Trek,1,2999.99,0.2,Baldwin Bikes,Marcelene Boyer,2399.9919999999997,2016,9
434,2016-09-13,Rochell Cantrell,Port Jefferson Station,Surly Straggler 650b - 2016,Cyclocross Bicycles,Surly,2,1680.99,0.07,Baldwin Bikes,Marcelene Boyer,3126.6414,2016,9
434,2016-09-13,Rochell Cantrell,Port Jefferson Station,Pure Cycles Western 3-Speed - Women's - 2015/2016,Cruisers Bicycles,Pure Cycles,2,449.0,0.05,Baldwin Bikes,Marcelene Boyer,853.0999999999999,2016,9
435,2016-09-14,Keri Bridges,Richardson,Electra Girl's Hawaii 1 (16-inch) - 2015/2016,Children Bicycles,Electra,1,269.99,0.05,Rowlett Bikes,Layla Terrell,256.4905,2016,9
435,2016-09-14,Keri Bridges,Richardson,Trek Conduit+ - 2016,Electric Bikes,Trek,1,2999.99,0.05,Rowlett Bikes,Layla Terrell,2849.9905,2016,9
435,2016-09-14,Keri Bridges,Richardson,Pure Cycles Western 3-Speed - Women's - 2015/2016,Cruisers Bicycles,Pure Cycles,1,449.0,0.05,Rowlett Bikes,Layla Terrell,426.54999999999995,2016,9
436,2016-09-16,Yun Nelson,Ballston Spa,Surly Wednesday Frameset - 2016,Mountain Bikes,Surly,1,999.99,0.05,Baldwin Bikes,Venita Daniel,949.9905,2016,9
436,2016-09-16,Yun Nelson,Ballston Spa,Electra Girl's Hawaii 1 (20-inch) - 2015/2016,Children Bicycles,Electra,1,299.99,0.2,Baldwin Bikes,Venita Daniel,239.99200000000002,2016,9
437,2016-09-16,Adam Thornton,Central Islip,Surly Wednesday Frameset - 2016,Mountain Bikes,Surly,1,999.99,0.05,Baldwin Bikes,Venita Daniel,949.9905,2016,9
437,2016-09-16,Adam Thornton,Central Islip,Surly Straggler - 2016,Cyclocross Bicycles,Surly,1,1549.0,0.05,Baldwin Bikes,Venita Daniel,1471.55,2016,9
437,2016-09-16,Adam Thornton,Central Islip,Trek Remedy 29 Carbon Frameset - 2016,Mountain Bikes,Trek,2,1799.99,0.05,Baldwin Bikes,Venita Daniel,3419.9809999999998,2016,9
438,2016-09-16,Javier Nichols,Rowlett,Trek Fuel EX 8 29 - 2016,Mountain Bikes,Trek,1,2899.99,0.07,Rowlett Bikes,Kali Vargas,2696.9907,2016,9
438,2016-09-16,Javier Nichols,Rowlett,Electra Girl's Hawaii 1 (16-inch) - 2015/2016,Children Bicycles,Electra,1,269.99,0.1,Rowlett Bikes,Kali Vargas,242.991,2016,9
438,2016-09-16,Javier Nichols,Rowlett,Trek Remedy 29 Carbon Frameset - 2016,Mountain Bikes,Trek,2,1799.99,0.05,Rowlett Bikes,Kali Vargas,3419.9809999999998,2016,9
438,2016-09-16,Javier Nichols,Rowlett,Electra Cruiser 1 (24-Inch) - 2016,Cruisers Bicycles,Electra,2,269.99,0.05,Rowlett Bikes,Kali Vargas,512.981,2016,9
439,2016-09-17,Meredith Bryan,Spring Valley,Surly Ice Cream Truck Frameset - 2016,Mountain Bikes,Surly,2,469.99,0.07,Baldwin Bikes,Marcelene Boyer,874.1813999999999,2016,9
439,2016-09-17,Meredith Bryan,Spring Valley,Trek Slash 8 27.5 - 2016,Mountain Bikes,Trek,2,3999.99,0.05,Baldwin Bikes,Marcelene Boyer,7599.980999999999,2016,9
440,2016-09-17,Hilda Harvey,Ballston Spa,Pure Cycles William 3-Speed - 2016,Cruisers Bicycles,Pure Cycles,2,449.0,0.07,Baldwin Bikes,Venita Daniel,835.14,2016,9
440,2016-09-17,Hilda Harvey,Ballston Spa,Trek Fuel EX 8 29 - 2016,Mountain Bikes,Trek,2,2899.99,0.07,Baldwin Bikes,Venita Daniel,5393.9814,2016,9
441,2016-09-18,Morton Barron,Bakersfield,Electra Townie Original 21D - 2016,Cruisers Bicycles,Electra,1,549.99,0.07,Santa Cruz Bikes,Mireya Copeland,511.49069999999995,2016,9
441,2016-09-18,Morton Barron,Bakersfield,Electra Moto 1 - 2016,Cruisers Bicycles,Electra,1,529.99,0.1,Santa Cruz Bikes,Mireya Copeland,476.99100000000004,2016,9
442,2016-09-18,Etsuko Garrison,Richmond Hill,Electra Townie Original 7D EQ - 2016,Cruisers Bicycles,Electra,2,599.99,0.07,Baldwin Bikes,Venita Daniel,1115.9814,2016,9
442,2016-09-18,Etsuko Garrison,Richmond Hill,Electra Townie Original 7D EQ - 2016,Comfort Bicycles,Electra,2,599.99,0.2,Baldwin Bikes,Venita Daniel,959.984,2016,9
442,2016-09-18,Etsuko Garrison,Richmond Hill,Surly Ice Cream Truck Frameset - 2016,Mountain Bikes,Surly,2,469.99,0.2,Baldwin Bikes,Venita Daniel,751.984,2016,9
443,2016-09-18,Pandora Estes,New Hyde Park,Heller Shagamaw Frame - 2016,Mountain Bikes,Heller,1,1320.99,0.05,Baldwin Bikes,Marcelene Boyer,1254.9405,2016,9
443,2016-09-18,Pandora Estes,New Hyde Park,Electra Townie Original 7D EQ - 2016,Comfort Bicycles,Electra,1,599.99,0.2,Baldwin Bikes,Marcelene Boyer,479.992,2016,9
444,2016-09-19,Jamaal Albert,Torrance,Electra Girl's Hawaii 1 (16-inch) - 2015/2016,Children Bicycles,Electra,1,269.99,0.07,Santa Cruz Bikes,Mireya Copeland,251.0907,2016,9
444,2016-09-19,Jamaal Albert,Torrance,Electra Moto 1 - 2016,Cruisers Bicycles,Electra,2,529.99,0.07,Santa Cruz Bikes,Mireya Copeland,985.7814,2016,9
444,2016-09-19,Jamaal Albert,Torrance,Electra Townie Original 7D EQ - Women's - 2016,Cruisers Bicycles,Electra,2,599.99,0.05,Santa Cruz Bikes,Mireya Copeland,1139.981,2016,9
444,2016-09-19,Jamaal Albert,Torrance,Electra Townie Original 7D EQ - 2016,Cruisers Bicycles,Electra,1,599.99,0.1,Santa Cruz Bikes,Mireya Copeland,539.991,2016,9
444,2016-09-19,Jamaal Albert,Torrance,Surly Straggler - 2016,Cyclocross Bicycles,Surly,2,1549.0,0.2,Santa Cruz Bikes,Mireya Copeland,2478.4,2016,9
445,2016-09-19,Olevia Noel,Kingston,Trek Slash 8 27.5 - 2016,Mountain Bikes,Trek,1,3999.99,0.2,Baldwin Bikes,Marcelene Boyer,3199.992,2016,9
445,2016-09-19,Olevia Noel,Kingston,Electra Townie Original 7D EQ - 2016,Cruisers Bicycles,Electra,1,599.99,0.07,Baldwin Bikes,Marcelene Boyer,557.9907,2016,9
445,2016-09-19,Olevia Noel,Kingston,Electra Girl's Hawaii 1 (20-inch) - 2015/2016,Children Bicycles,Electra,1,299.99,0.2,Baldwin Bikes,Marcelene Boyer,239.99200000000002,2016,9
446,2016-09-19,Bart Hess,Kingston,Electra Girl's Hawaii 1 (16-inch) - 2015/2016,Children Bicycles,Electra,1,269.99,0.2,Baldwin Bikes,Venita Daniel,215.99200000000002,2016,9
446,2016-09-19,Bart Hess,Kingston,Electra Townie Original 7D EQ - 2016,Cruisers Bicycles,Electra,2,599.99,0.07,Baldwin Bikes,Venita Daniel,1115.9814,2016,9
447,2016-09-20,Vallie Dixon,Rowlett,Trek Fuel EX 8 29 - 2016,Mountain Bikes,Trek,2,2899.99,0.05,Rowlett Bikes,Kali Vargas,5509.981,2016,9
447,2016-09-20,Vallie Dixon,Rowlett,Surly Wednesday Frameset - 2016,Mountain Bikes,Surly,1,999.99,0.1,Rowlett Bikes,Kali Vargas,899.991,2016,9
447,2016-09-20,Vallie Dixon,Rowlett,Trek Remedy 29 Carbon Frameset - 2016,Mountain Bikes,Trek,1,1799.99,0.07,Rowlett Bikes,Kali Vargas,1673.9906999999998,2016,9
448,2016-09-21,Nichelle Howell,Scarsdale,Electra Cruiser 1 (24-Inch) - 2016,Cruisers Bicycles,Electra,2,269.99,0.05,Baldwin Bikes,Marcelene Boyer,512.981,2016,9
448,2016-09-21,Nichelle Howell,Scarsdale,Surly Ice Cream Truck Frameset - 2016,Mountain Bikes,Surly,2,469.99,0.05,Baldwin Bikes,Marcelene Boyer,892.981,2016,9
449,2016-09-21,Justa Thompson,Corona,Pure Cycles Vine 8-Speed - 2016,Cruisers Bicycles,Pure Cycles,2,429.0,0.05,Baldwin Bikes,Venita Daniel,815.0999999999999,2016,9
449,2016-09-21,Justa Thompson,Corona,Ritchey Timberwolf Frameset - 2016,Mountain Bikes,Ritchey,1,749.99,0.05,Baldwin Bikes,Venita Daniel,712.4905,2016,9
449,2016-09-21,Justa Thompson,Corona,Trek Slash 8 27.5 - 2016,Mountain Bikes,Trek,2,3999.99,0.07,Baldwin Bikes,Venita Daniel,7439.981399999999,2016,9
449,2016-09-21,Justa Thompson,Corona,Electra Townie Original 7D EQ - 2016,Comfort Bicycles,Electra,2,599.99,0.2,Baldwin Bikes,Venita Daniel,959.984,2016,9
450,2016-09-21,Laurence Christian,Jamaica,Electra Townie Original 21D - 2016,Comfort Bicycles,Electra,1,549.99,0.05,Baldwin Bikes,Venita Daniel,522.4905,2016,9
450,2016-09-21,Laurence Christian,Jamaica,Electra Townie Original 21D - 2016,Cruisers Bicycles,Electra,1,549.99,0.07,Baldwin Bikes,Venita Daniel,511.49069999999995,2016,9
450,2016-09-21,Laurence Christian,Jamaica,Heller Shagamaw Frame - 2016,Mountain Bikes,Heller,1,1320.99,0.1,Baldwin Bikes,Venita Daniel,1188.891,2016,9
451,2016-09-21,Charlsie Carson,Saint Albans,Electra Girl's Hawaii 1 (16-inch) - 2015/2016,Cruisers Bicycles,Electra,2,269.99,0.05,Baldwin Bikes,Venita Daniel,512.981,2016,9
452,2016-09-22,Trinidad Mcclain,Baldwin,Surly Straggler 650b - 2016,Cyclocross Bicycles,Surly,1,1680.99,0.05,Baldwin Bikes,Venita Daniel,1596.9405,2016,9
452,2016-09-22,Trinidad Mcclain,Baldwin,Electra Townie Original 7D EQ - 2016,Cruisers Bicycles,Electra,1,599.99,0.05,Baldwin Bikes,Venita Daniel,569.9905,2016,9
452,2016-09-22,Trinidad Mcclain,Baldwin,Trek Slash 8 27.5 - 2016,Mountain Bikes,Trek,2,3999.99,0.1,Baldwin Bikes,Venita Daniel,7199.982,2016,9
452,2016-09-22,Trinidad Mcclain,Baldwin,Trek Remedy 29 Carbon Frameset - 2016,Mountain Bikes,Trek,1,1799.99,0.1,Baldwin Bikes,Venita Daniel,1619.991,2016,9
453,2016-09-22,Shanna Bonner,Canandaigua,Electra Girl's Hawaii 1 (20-inch) - 2015/2016,Children Bicycles,Electra,1,299.99,0.05,Baldwin Bikes,Venita Daniel,284.9905,2016,9
453,2016-09-22,Shanna Bonner,Canandaigua,Electra Townie Original 7D EQ - Women's - 2016,Cruisers Bicycles,Electra,2,599.99,0.2,Baldwin Bikes,Venita Daniel,959.984,2016,9
453,2016-09-22,Shanna Bonner,Canandaigua,Trek Fuel EX 8 29 - 2016,Mountain Bikes,Trek,1,2899.99,0.2,Baldwin Bikes,Venita Daniel,2319.9919999999997,2016,9
454,2016-09-23,Vanda Holmes,Syosset,Electra Townie Original 7D - 2015/2016,Comfort Bicycles,Electra,2,499.99,0.07,Baldwin Bikes,Marcelene Boyer,929.9814,2016,9
454,2016-09-23,Vanda Holmes,Syosset,Electra Cruiser 1 (24-Inch) - 2016,Cruisers Bicycles,Electra,2,269.99,0.05,Baldwin Bikes,Marcelene Boyer,512.981,2016,9
454,2016-09-23,Vanda Holmes,Syosset,Electra Townie Original 21D - 2016,Comfort Bicycles,Electra,2,549.99,0.1,Baldwin Bikes,Marcelene Boyer,989.9820000000001,2016,9
455,2016-09-23,Hildegarde Christensen,Maspeth,Trek Conduit+ - 2016,Electric Bikes,Trek,1,2999.99,0.05,Baldwin Bikes,Venita Daniel,2849.9905,2016,9
456,2016-09-23,Alanna Barry,Euless,Pure Cycles Vine 8-Speed - 2016,Cruisers Bicycles,Pure Cycles,2,429.0,0.07,Rowlett Bikes,Layla Terrell,797.9399999999999,2016,9
456,2016-09-23,Alanna Barry,Euless,Electra Girl's Hawaii 1 (20-inch) - 2015/2016,Children Bicycles,Electra,1,299.99,0.07,Rowlett Bikes,Layla Terrell,278.9907,2016,9
457,2016-09-24,Kami Rios,Encino,Electra Townie Original 21D - 2016,Comfort Bicycles,Electra,2,549.99,0.07,Santa Cruz Bikes,Genna Serrano,1022.9813999999999,2016,9
457,2016-09-24,Kami Rios,Encino,Ritchey Timberwolf Frameset - 2016,Mountain Bikes,Ritchey,1,749.99,0.05,Santa Cruz Bikes,Genna Serrano,712.4905,2016,9
457,2016-09-24,Kami Rios,Encino,Trek Slash 8 27.5 - 2016,Mountain Bikes,Trek,2,3999.99,0.1,Santa Cruz Bikes,Genna Serrano,7199.982,2016,9
457,2016-09-24,Kami Rios,Encino,Pure Cycles Vine 8-Speed - 2016,Cruisers Bicycles,Pure Cycles,1,429.0,0.2,Santa Cruz Bikes,Genna Serrano,343.20000000000005,2016,9
458,2016-09-25,Andy O'neill,Rego Park,Ritchey Timberwolf Frameset - 2016,Mountain Bikes,Ritchey,1,749.99,0.2,Baldwin Bikes,Marcelene Boyer,599.9920000000001,2016,9
458,2016-09-25,Andy O'neill,Rego Park,Electra Cruiser 1 (24-Inch) - 2016,Children Bicycles,Electra,2,269.99,0.07,Baldwin Bikes,Marcelene Boyer,502.1814,2016,9
458,2016-09-25,Andy O'neill,Rego Park,Surly Straggler 650b - 2016,Cyclocross Bicycles,Surly,1,1680.99,0.1,Baldwin Bikes,Marcelene Boyer,1512.891,2016,9
458,2016-09-25,Andy O'neill,Rego Park,Electra Townie Original 21D - 2016,Comfort Bicycles,Electra,1,549.99,0.2,Baldwin Bikes,Marcelene Boyer,439.992,2016,9
458,2016-09-25,Andy O'neill,Rego Park,Surly Wednesday Frameset - 2016,Mountain Bikes,Surly,2,999.99,0.2,Baldwin Bikes,Marcelene Boyer,1599.9840000000002,2016,9
459,2016-09-25,Mila Good,Plattsburgh,Surly Straggler 650b - 2016,Cyclocross Bicycles,Surly,1,1680.99,0.2,Baldwin Bikes,Marcelene Boyer,1344.7920000000001,2016,9
460,2016-09-25,Ladawn Downs,Houston,Pure Cycles William 3-Speed - 2016,Cruisers Bicycles,Pure Cycles,1,449.0,0.05,Rowlett Bikes,Kali Vargas,426.54999999999995,2016,9
460,2016-09-25,Ladawn Downs,Houston,Pure Cycles Western 3-Speed - Women's - 2015/2016,Cruisers Bicycles,Pure Cycles,2,449.0,0.07,Rowlett Bikes,Kali Vargas,835.14,2016,9
460,2016-09-25,Ladawn Downs,Houston,Trek Fuel EX 8 29 - 2016,Mountain Bikes,Trek,1,2899.99,0.2,Rowlett Bikes,Kali Vargas,2319.9919999999997,2016,9
460,2016-09-25,Ladawn Downs,Houston,Electra Girl's Hawaii 1 (16-inch) - 2015/2016,Children Bicycles,Electra,2,269.99,0.1,Rowlett Bikes,Kali Vargas,485.982,2016,9
461,2016-09-26,Brittney Rojas,Kingston,Electra Townie Original 7D EQ - 2016,Cruisers Bicycles,Electra,1,599.99,0.07,Baldwin Bikes,Venita Daniel,557.9907,2016,9
461,2016-09-26,Brittney Rojas,Kingston,Trek Fuel EX 8 29 - 2016,Mountain Bikes,Trek,1,2899.99,0.2,Baldwin Bikes,Venita Daniel,2319.9919999999997,2016,9
461,2016-09-26,Brittney Rojas,Kingston,Trek Remedy 29 Carbon Frameset - 2016,Mountain Bikes,Trek,2,1799.99,0.05,Baldwin Bikes,Venita Daniel,3419.9809999999998,2016,9
461,2016-09-26,Brittney Rojas,Kingston,Electra Townie Original 21D - 2016,Comfort Bicycles,Electra,1,549.99,0.1,Baldwin Bikes,Venita Daniel,494.99100000000004,2016,9
461,2016-09-26,Brittney Rojas,Kingston,Pure Cycles Western 3-Speed - Women's - 2015/2016,Cruisers Bicycles,Pure Cycles,2,449.0,0.1,Baldwin Bikes,Venita Daniel,808.2,2016,9
462,2016-09-27,Lezlie Thompson,Freeport,Electra Townie Original 21D - 2016,Cruisers Bicycles,Electra,2,549.99,0.1,Baldwin Bikes,Marcelene Boyer,989.9820000000001,2016,9
463,2016-09-27,Brent Calderon,Corpus Christi,Electra Cruiser 1 (24-Inch) - 2016,Cruisers Bicycles,Electra,2,269.99,0.07,Rowlett Bikes,Kali Vargas,502.1814,2016,9
464,2016-09-28,Georgeann Waller,North Tonawanda,Trek Slash 8 27.5 - 2016,Mountain Bikes,Trek,1,3999.99,0.1,Baldwin Bikes,Venita Daniel,3599.991,2016,9
465,2016-09-28,Cheryll Snyder,Brooklyn,Surly Ice Cream Truck Frameset - 2016,Mountain Bikes,Surly,2,469.99,0.1,Baldwin Bikes,Marcelene Boyer,845.9820000000001,2016,9
465,2016-09-28,Cheryll Snyder,Brooklyn,Electra Townie Original 7D - 2015/2016,Comfort Bicycles,Electra,2,499.99,0.1,Baldwin Bikes,Marcelene Boyer,899.9820000000001,2016,9
466,2016-09-28,Ernest Rollins,Oakland Gardens,Pure Cycles William 3-Speed - 2016,Cruisers Bicycles,Pure Cycles,2,449.0,0.2,Baldwin Bikes,Venita Daniel,718.4000000000001,2016,9
466,2016-09-28,Ernest Rollins,Oakland Gardens,Surly Ice Cream Truck Frameset - 2016,Mountain Bikes,Surly,1,469.99,0.2,Baldwin Bikes,Venita Daniel,375.992,2016,9
466,2016-09-28,Ernest Rollins,Oakland Gardens,Trek Slash 8 27.5 - 2016,Mountain Bikes,Trek,2,3999.99,0.05,Baldwin Bikes,Venita Daniel,7599.980999999999,2016,9
466,2016-09-28,Ernest Rollins,Oakland Gardens,Electra Moto 1 - 2016,Cruisers Bicycles,Electra,1,529.99,0.1,Baldwin Bikes,Venita Daniel,476.99100000000004,2016,9
466,2016-09-28,Ernest Rollins,Oakland Gardens,Heller Shagamaw Frame - 2016,Mountain Bikes,Heller,1,1320.99,0.1,Baldwin Bikes,Venita Daniel,1188.891,2016,9
467,2016-09-28,Marry Benjamin,Forney,Pure Cycles William 3-Speed - 2016,Cruisers Bicycles,Pure Cycles,1,449.0,0.07,Rowlett Bikes,Kali Vargas,417.57,2016,9
467,2016-09-28,Marry Benjamin,Forney,Surly Straggler - 2016,Cyclocross Bicycles,Surly,1,1549.0,0.07,Rowlett Bikes,Kali Vargas,1440.57,2016,9
467,2016-09-28,Marry Benjamin,Forney,Electra Girl's Hawaii 1 (16-inch) - 2015/2016,Children Bicycles,Electra,2,269.99,0.1,Rowlett Bikes,Kali Vargas,485.982,2016,9
467,2016-09-28,Marry Benjamin,Forney,Pure Cycles Vine 8-Speed - 2016,Cruisers Bicycles,Pure Cycles,2,429.0,0.07,Rowlett Bikes,Kali Vargas,797.9399999999999,2016,9
467,2016-09-28,Marry Benjamin,Forney,Surly Straggler 650b - 2016,Cyclocross Bicycles,Surly,1,1680.99,0.1,Rowlett Bikes,Kali Vargas,1512.891,2016,9
468,2016-09-29,Adelaida Hancock,San Pablo,Pure Cycles William 3-Speed - 2016,Cruisers Bicycles,Pure Cycles,1,449.0,0.1,Santa Cruz Bikes,Genna Serrano,404.1,2016,9
468,2016-09-29,Adelaida Hancock,San Pablo,Trek Conduit+ - 2016,Electric Bikes,Trek,2,2999.99,0.05,Santa Cruz Bikes,Genna Serrano,5699.981,2016,9
468,2016-09-29,Adelaida Hancock,San Pablo,Surly Straggler - 2016,Cyclocross Bicycles,Surly,2,1549.0,0.05,Santa Cruz Bikes,Genna Serrano,2943.1,2016,9
468,2016-09-29,Adelaida Hancock,San Pablo,Electra Townie Original 7D - 2015/2016,Comfort Bicycles,Electra,1,499.99,0.1,Santa Cruz Bikes,Genna Serrano,449.99100000000004,2016,9
469,2016-09-29,Chere Mcfadden,Orchard Park,Trek Remedy 29 Carbon Frameset - 2016,Mountain Bikes,Trek,2,1799.99,0.1,Baldwin Bikes,Venita Daniel,3239.982,2016,9
469,2016-09-29,Chere Mcfadden,Orchard Park,Trek Fuel EX 8 29 - 2016,Mountain Bikes,Trek,1,2899.99,0.07,Baldwin Bikes,Venita Daniel,2696.9907,2016,9
469,2016-09-29,Chere Mcfadden,Orchard Park,Electra Moto 1 - 2016,Cruisers Bicycles,Electra,2,529.99,0.2,Baldwin Bikes,Venita Daniel,847.984,2016,9
470,2016-09-30,Derrick Marks,Glendora,Pure Cycles Western 3-Speed - Women's - 2015/2016,Cruisers Bicycles,Pure Cycles,1,449.0,0.05,Santa Cruz Bikes,Genna Serrano,426.54999999999995,2016,9
470,2016-09-30,Derrick Marks,Glendora,Electra Cruiser 1 (24-Inch) - 2016,Cruisers Bicycles,Electra,1,269.99,0.05,Santa Cruz Bikes,Genna Serrano,256.4905,2016,9
470,2016-09-30,Derrick Marks,Glendora,Trek Remedy 29 Carbon Frameset - 2016,Mountain Bikes,Trek,2,1799.99,0.2,Santa Cruz Bikes,Genna Serrano,2879.9840000000004,2016,9
471,2016-09-30,Alane Mccarty,San Diego,Electra Girl's Hawaii 1 (16-inch) - 2015/2016,Cruisers Bicycles,Electra,1,269.99,0.2,Santa Cruz Bikes,Genna Serrano,215.99200000000002,2016,9
471,2016-09-30,Alane Mccarty,San Diego,Electra Cruiser 1 (24-Inch) - 2016,Cruisers Bicycles,Electra,2,269.99,0.05,Santa Cruz Bikes,Genna Serrano,512.981,2016,9
472,2016-09-30,Jeanett Herman,Lindenhurst,Electra Moto 1 - 2016,Cruisers Bicycles,Electra,1,529.99,0.1,Baldwin Bikes,Venita Daniel,476.99100000000004,2016,9
472,2016-09-30,Jeanett Herman,Lindenhurst,Electra Cruiser 1 (24-Inch) - 2016,Children Bicycles,Electra,2,269.99,0.1,Baldwin Bikes,Venita Daniel,485.982,2016,9
473,2016-09-30,Elmo Arnold,Long Beach,Electra Townie Original 7D EQ - 2016,Comfort Bicycles,Electra,1,599.99,0.07,Baldwin Bikes,Venita Daniel,557.9907,2016,9
474,2016-10-01,Rory Cooper,Rocklin,Pure Cycles William 3-Speed - 2016,Cruisers Bicycles,Pure Cycles,2,449.0,0.05,Santa Cruz Bikes,Genna Serrano,853.0999999999999,2016,10
474,2016-10-01,Rory Cooper,Rocklin,Surly Straggler 650b - 2016,Cyclocross Bicycles,Surly,1,1680.99,0.2,Santa Cruz Bikes,Genna Serrano,1344.7920000000001,2016,10
475,2016-10-01,Manie Sanchez,Queensbury,Pure Cycles Vine 8-Speed - 2016,Cruisers Bicycles,Pure Cycles,2,429.0,0.07,Baldwin Bikes,Venita Daniel,797.9399999999999,2016,10
475,2016-10-01,Manie Sanchez,Queensbury,Electra Townie Original 7D EQ - 2016,Comfort Bicycles,Electra,2,599.99,0.2,Baldwin Bikes,Venita Daniel,959.984,2016,10
475,2016-10-01,Manie Sanchez,Queensbury,Electra Townie Original 7D - 2015/2016,Comfort Bicycles,Electra,1,499.99,0.2,Baldwin Bikes,Venita Daniel,399.992,2016,10
476,2016-10-01,Basilia Thornton,Brentwood,Electra Girl's Hawaii 1 (16-inch) - 2015/2016,Children Bicycles,Electra,2,269.99,0.07,Baldwin Bikes,Marcelene Boyer,502.1814,2016,10
476,2016-10-01,Basilia Thornton,Brentwood,Trek Fuel EX 8 29 - 2016,Mountain Bikes,Trek,2,2899.99,0.2,Baldwin Bikes,Marcelene Boyer,4639.9839999999995,2016,10
476,2016-10-01,Basilia Thornton,Brentwood,Surly Straggler 650b - 2016,Cyclocross Bicycles,Surly,2,1680.99,0.07,Baldwin Bikes,Marcelene Boyer,3126.6414,2016,10
476,2016-10-01,Basilia Thornton,Brentwood,Electra Townie Original 7D EQ - Women's - 2016,Cruisers Bicycles,Electra,2,599.99,0.05,Baldwin Bikes,Marcelene Boyer,1139.981,2016,10
477,2016-10-02,Josie Schultz,Canyon Country,Surly Ice Cream Truck Frameset - 2016,Mountain Bikes,Surly,1,469.99,0.1,Santa Cruz Bikes,Mireya Copeland,422.99100000000004,2016,10
477,2016-10-02,Josie Schultz,Canyon Country,Surly Straggler - 2016,Cyclocross Bicycles,Surly,1,1549.0,0.05,Santa Cruz Bikes,Mireya Copeland,1471.55,2016,10
478,2016-10-02,Jayme Zamora,Springfield Gardens,Electra Cruiser 1 (24-Inch) - 2016,Children Bicycles,Electra,2,269.99,0.07,Baldwin Bikes,Venita Daniel,502.1814,2016,10
479,2016-10-03,Ivette Warren,Franklin Square,Electra Townie Original 7D EQ - 2016,Comfort Bicycles,Electra,1,599.99,0.07,Baldwin Bikes,Marcelene Boyer,557.9907,2016,10
479,2016-10-03,Ivette Warren,Franklin Square,Electra Townie Original 21D - 2016,Cruisers Bicycles,Electra,1,549.99,0.05,Baldwin Bikes,Marcelene Boyer,522.4905,2016,10
479,2016-10-03,Ivette Warren,Franklin Square,Electra Cruiser 1 (24-Inch) - 2016,Children Bicycles,Electra,1,269.99,0.2,Baldwin Bikes,Marcelene Boyer,215.99200000000002,2016,10
479,2016-10-03,Ivette Warren,Franklin Square,Trek Slash 8 27.5 - 2016,Mountain Bikes,Trek,1,3999.99,0.05,Baldwin Bikes,Marcelene Boyer,3799.9904999999994,2016,10
479,2016-10-03,Ivette Warren,Franklin Square,Surly Straggler - 2016,Cyclocross Bicycles,Surly,1,1549.0,0.2,Baldwin Bikes,Marcelene Boyer,1239.2,2016,10
480,2016-10-04,Darcel Harmon,Santa Clara,Trek Fuel EX 8 29 - 2016,Mountain Bikes,Trek,1,2899.99,0.05,Santa Cruz Bikes,Genna Serrano,2754.9905,2016,10
480,2016-10-04,Darcel Harmon,Santa Clara,Electra Moto 1 - 2016,Cruisers Bicycles,Electra,1,529.99,0.05,Santa Cruz Bikes,Genna Serrano,503.4905,2016,10
480,2016-10-04,Darcel Harmon,Santa Clara,Electra Girl's Hawaii 1 (20-inch) - 2015/2016,Children Bicycles,Electra,2,299.99,0.07,Santa Cruz Bikes,Genna Serrano,557.9814,2016,10
481,2016-10-04,Jayson Rutledge,Lake Jackson,Electra Cruiser 1 (24-Inch) - 2016,Cruisers Bicycles,Electra,2,269.99,0.2,Rowlett Bikes,Layla Terrell,431.98400000000004,2016,10
481,2016-10-04,Jayson Rutledge,Lake Jackson,Electra Townie Original 7D EQ - 2016,Cruisers Bicycles,Electra,2,599.99,0.07,Rowlett Bikes,Layla Terrell,1115.9814,2016,10
481,2016-10-04,Jayson Rutledge,Lake Jackson,Trek Conduit+ - 2016,Electric Bikes,Trek,2,2999.99,0.1,Rowlett Bikes,Layla Terrell,5399.982,2016,10
482,2016-10-05,Whitney Cash,Hamburg,Electra Cruiser 1 (24-Inch) - 2016,Cruisers Bicycles,Electra,1,269.99,0.2,Baldwin Bikes,Marcelene Boyer,215.99200000000002,2016,10
482,2016-10-05,Whitney Cash,Hamburg,Electra Girl's Hawaii 1 (16-inch) - 2015/2016,Cruisers Bicycles,Electra,1,269.99,0.1,Baldwin Bikes,Marcelene Boyer,242.991,2016,10
483,2016-10-06,Diana Cobb,Fullerton,Pure Cycles Vine 8-Speed - 2016,Cruisers Bicycles,Pure Cycles,1,429.0,0.07,Santa Cruz Bikes,Mireya Copeland,398.96999999999997,2016,10
484,2016-10-06,Iola Rasmussen,Monroe,Trek Remedy 29 Carbon Frameset - 2016,Mountain Bikes,Trek,2,1799.99,0.1,Baldwin Bikes,Venita Daniel,3239.982,2016,10
484,2016-10-06,Iola Rasmussen,Monroe,Electra Townie Original 21D - 2016,Comfort Bicycles,Electra,1,549.99,0.05,Baldwin Bikes,Venita Daniel,522.4905,2016,10
484,2016-10-06,Iola Rasmussen,Monroe,Trek Conduit+ - 2016,Electric Bikes,Trek,2,2999.99,0.05,Baldwin Bikes,Venita Daniel,5699.981,2016,10
484,2016-10-06,Iola Rasmussen,Monroe,Surly Ice Cream Truck Frameset - 2016,Mountain Bikes,Surly,1,469.99,0.2,Baldwin Bikes,Venita Daniel,375.992,2016,10
485,2016-10-06,Birdie Kramer,Troy,Electra Cruiser 1 (24-Inch) - 2016,Cruisers Bicycles,Electra,1,269.99,0.1,Baldwin Bikes,Venita Daniel,242.991,2016,10
485,2016-10-06,Birdie Kramer,Troy,Electra Townie Original 7D EQ - 2016,Comfort Bicycles,Electra,2,599.99,0.05,Baldwin Bikes,Venita Daniel,1139.981,2016,10
486,2016-10-06,Vinnie Chan,Forest Hills,Trek Conduit+ - 2016,Electric Bikes,Trek,1,2999.99,0.07,Baldwin Bikes,Venita Daniel,2789.9907,2016,10
486,2016-10-06,Vinnie Chan,Forest Hills,Electra Girl's Hawaii 1 (20-inch) - 2015/2016,Children Bicycles,Electra,2,299.99,0.05,Baldwin Bikes,Venita Daniel,569.981,2016,10
487,2016-10-06,George Pickett,Sunnyside,Surly Ice Cream Truck Frameset - 2016,Mountain Bikes,Surly,1,469.99,0.2,Baldwin Bikes,Marcelene Boyer,375.992,2016,10
488,2016-10-06,Evelin Vargas,Webster,Electra Cruiser 1 (24-Inch) - 2016,Cruisers Bicycles,Electra,2,269.99,0.07,Baldwin Bikes,Marcelene Boyer,502.1814,2016,10
488,2016-10-06,Evelin Vargas,Webster,Electra Girl's Hawaii 1 (20-inch) - 2015/2016,Children Bicycles,Electra,2,299.99,0.05,Baldwin Bikes,Marcelene Boyer,569.981,2016,10
488,2016-10-06,Evelin Vargas,Webster,Electra Girl's Hawaii 1 (16-inch) - 2015/2016,Children Bicycles,Electra,1,269.99,0.05,Baldwin Bikes,Marcelene Boyer,256.4905,2016,10
489,2016-10-06,Carisa Carpenter,Victoria,Trek Remedy 29 Carbon Frameset - 2016,Mountain Bikes,Trek,2,1799.99,0.1,Rowlett Bikes,Kali Vargas,3239.982,2016,10
490,2016-10-07,Onita Macdonald,Glen Cove,Electra Townie Original 21D - 2016,Cruisers Bicycles,Electra,1,549.99,0.1,Baldwin Bikes,Marcelene Boyer,494.99100000000004,2016,10
490,2016-10-07,Onita Macdonald,Glen Cove,Electra Girl's Hawaii 1 (20-inch) - 2015/2016,Children Bicycles,Electra,1,299.99,0.05,Baldwin Bikes,Marcelene Boyer,284.9905,2016,10
490,2016-10-07,Onita Macdonald,Glen Cove,Electra Girl's Hawaii 1 (16-inch) - 2015/2016,Cruisers Bicycles,Electra,1,269.99,0.1,Baldwin Bikes,Marcelene Boyer,242.991,2016,10
490,2016-10-07,Onita Macdonald,Glen Cove,Electra Cruiser 1 (24-Inch) - 2016,Cruisers Bicycles,Electra,2,269.99,0.07,Baldwin Bikes,Marcelene Boyer,502.1814,2016,10
491,2016-10-08,Ji Burt,Apple Valley,Trek Conduit+ - 2016,Electric Bikes,Trek,2,2999.99,0.2,Santa Cruz Bikes,Mireya Copeland,4799.9839999999995,2016,10
491,2016-10-08,Ji Burt,Apple Valley,Electra Cruiser 1 (24-Inch) - 2016,Children Bicycles,Electra,2,269.99,0.05,Santa Cruz Bikes,Mireya Copeland,512.981,2016,10
491,2016-10-08,Ji Burt,Apple Valley,Electra Moto 1 - 2016,Cruisers Bicycles,Electra,2,529.99,0.05,Santa Cruz Bikes,Mireya Copeland,1006.981,2016,10
492,2016-10-09,Graciela Barber,Oxnard,Surly Ice Cream Truck Frameset - 2016,Mountain Bikes,Surly,1,469.99,0.1,Santa Cruz Bikes,Mireya Copeland,422.99100000000004,2016,10
492,2016-10-09,Graciela Barber,Oxnard,Electra Girl's Hawaii 1 (16-inch) - 2015/2016,Children Bicycles,Electra,2,269.99,0.1,Santa Cruz Bikes,Mireya Copeland,485.982,2016,10
492,2016-10-09,Graciela Barber,Oxnard,Electra Townie Original 7D EQ - 2016,Comfort Bicycles,Electra,1,599.99,0.05,Santa Cruz Bikes,Mireya Copeland,569.9905,2016,10
493,2016-10-09,Rosalie Coffey,Upland,Electra Moto 1 - 2016,Cruisers Bicycles,Electra,1,529.99,0.05,Santa Cruz Bikes,Genna Serrano,503.4905,2016,10
493,2016-10-09,Rosalie Coffey,Upland,Pure Cycles Western 3-Speed - Women's - 2015/2016,Cruisers Bicycles,Pure Cycles,2,449.0,0.05,Santa Cruz Bikes,Genna Serrano,853.0999999999999,2016,10
493,2016-10-09,Rosalie Coffey,Upland,Electra Townie Original 7D EQ - 2016,Comfort Bicycles,Electra,1,599.99,0.05,Santa Cruz Bikes,Genna Serrano,569.9905,2016,10
494,2016-10-09,Tanesha Sawyer,Rosedale,Electra Girl's Hawaii 1 (20-inch) - 2015/2016,Children Bicycles,Electra,1,299.99,0.1,Baldwin Bikes,Marcelene Boyer,269.99100000000004,2016,10
495,2016-10-10,Kecia Olsen,Santa Cruz,Electra Girl's Hawaii 1 (16-inch) - 2015/2016,Children Bicycles,Electra,1,269.99,0.2,Santa Cruz Bikes,Genna Serrano,215.99200000000002,2016,10
495,2016-10-10,Kecia Olsen,Santa Cruz,Trek Conduit+ - 2016,Electric Bikes,Trek,1,2999.99,0.05,Santa Cruz Bikes,Genna Serrano,2849.9905,2016,10
496,2016-10-10,Ayanna Rhodes,Hicksville,Electra Girl's Hawaii 1 (20-inch) - 2015/2016,Children Bicycles,Electra,1,299.99,0.2,Baldwin Bikes,Marcelene Boyer,239.99200000000002,2016,10
496,2016-10-10,Ayanna Rhodes,Hicksville,Electra Cruiser 1 (24-Inch) - 2016,Cruisers Bicycles,Electra,1,269.99,0.1,Baldwin Bikes,Marcelene Boyer,242.991,2016,10
496,2016-10-10,Ayanna Rhodes,Hicksville,Electra Cruiser 1 (24-Inch) - 2016,Children Bicycles,Electra,2,269.99,0.2,Baldwin Bikes,Marcelene Boyer,431.98400000000004,2016,10
497,2016-10-10,Kandis Mills,Hamburg,Electra Townie Original 7D - 2015/2016,Comfort Bicycles,Electra,2,499.99,0.07,Baldwin Bikes,Marcelene Boyer,929.9814,2016,10
498,2016-10-10,Divina Reeves,Newburgh,Electra Townie Original 21D - 2016,Comfort Bicycles,Electra,1,549.99,0.07,Baldwin Bikes,Marcelene Boyer,511.49069999999995,2016,10
498,2016-10-10,Divina Reeves,Newburgh,Electra Cruiser 1 (24-Inch) - 2016,Children Bicycles,Electra,1,269.99,0.1,Baldwin Bikes,Marcelene Boyer,242.991,2016,10
498,2016-10-10,Divina Reeves,Newburgh,Surly Straggler - 2016,Cyclocross Bicycles,Surly,1,1549.0,0.07,Baldwin Bikes,Marcelene Boyer,1440.57,2016,10
499,2016-10-11,Rodrick Shelton,Canyon Country,Surly Straggler 650b - 2016,Cyclocross Bicycles,Surly,1,1680.99,0.2,Santa Cruz Bikes,Mireya Copeland,1344.7920000000001,2016,10
499,2016-10-11,Rodrick Shelton,Canyon Country,Electra Moto 1 - 2016,Cruisers Bicycles,Electra,1,529.99,0.07,Santa Cruz Bikes,Mireya Copeland,492.8907,2016,10
499,2016-10-11,Rodrick Shelton,Canyon Country,Electra Girl's Hawaii 1 (16-inch) - 2015/2016,Cruisers Bicycles,Electra,2,269.99,0.2,Santa Cruz Bikes,Mireya Copeland,431.98400000000004,2016,10
499,2016-10-11,Rodrick Shelton,Canyon Country,Electra Townie Original 7D EQ - Women's - 2016,Cruisers Bicycles,Electra,2,599.99,0.1,Santa Cruz Bikes,Mireya Copeland,1079.982,2016,10
500,2016-10-11,Julee Woodard,Richmond Hill,Electra Townie Original 21D - 2016,Cruisers Bicycles,Electra,2,549.99,0.05,Baldwin Bikes,Marcelene Boyer,1044.981,2016,10
500,2016-10-11,Julee Woodard,Richmond Hill,Electra Girl's Hawaii 1 (16-inch) - 2015/2016,Cruisers Bicycles,Electra,1,269.99,0.2,Baldwin Bikes,Marcelene Boyer,215.99200000000002,2016,10
501,2016-10-11,Barton Cox,Amityville,Pure Cycles William 3-Speed - 2016,Cruisers Bicycles,Pure Cycles,2,449.0,0.05,Baldwin Bikes,Venita Daniel,853.0999999999999,2016,10
501,2016-10-11,Barton Cox,Amityville,Trek Remedy 29 Carbon Frameset - 2016,Mountain Bikes,Trek,1,1799.99,0.07,Baldwin Bikes,Venita Daniel,1673.9906999999998,2016,10
501,2016-10-11,Barton Cox,Amityville,Electra Girl's Hawaii 1 (16-inch) - 2015/2016,Cruisers Bicycles,Electra,1,269.99,0.1,Baldwin Bikes,Venita Daniel,242.991,2016,10
501,2016-10-11,Barton Cox,Amityville,Electra Girl's Hawaii 1 (20-inch) - 2015/2016,Children Bicycles,Electra,2,299.99,0.07,Baldwin Bikes,Venita Daniel,557.9814,2016,10
502,2016-10-12,Shaunda Barnett,Longview,Electra Cruiser 1 (24-Inch) - 2016,Cruisers Bicycles,Electra,1,269.99,0.05,Rowlett Bikes,Layla Terrell,256.4905,2016,10
503,2016-10-13,Yvonne Bean,Wappingers Falls,Electra Cruiser 1 (24-Inch) - 2016,Cruisers Bicycles,Electra,2,269.99,0.07,Baldwin Bikes,Marcelene Boyer,502.1814,2016,10
503,2016-10-13,Yvonne Bean,Wappingers Falls,Surly Straggler - 2016,Cyclocross Bicycles,Surly,1,1549.0,0.05,Baldwin Bikes,Marcelene Boyer,1471.55,2016,10
504,2016-10-14,Mercedez Brooks,Duarte,Electra Townie Original 21D - 2016,Comfort Bicycles,Electra,2,549.99,0.1,Santa Cruz Bikes,Mireya Copeland,989.9820000000001,2016,10
504,2016-10-14,Mercedez Brooks,Duarte,Ritchey Timberwolf Frameset - 2016,Mountain Bikes,Ritchey,2,749.99,0.05,Santa Cruz Bikes,Mireya Copeland,1424.981,2016,10
505,2016-10-14,Erlinda Osborne,West Islip,Electra Townie Original 7D EQ - 2016,Comfort Bicycles,Electra,1,599.99,0.2,Baldwin Bikes,Marcelene Boyer,479.992,2016,10
506,2016-10-14,Lory Berg,Oswego,Electra Townie Original 7D - 2015/2016,Comfort Bicycles,Electra,1,499.99,0.1,Baldwin Bikes,Marcelene Boyer,449.99100000000004,2016,10
506,2016-10-14,Lory Berg,Oswego,Trek Slash 8 27.5 - 2016,Mountain Bikes,Trek,1,3999.99,0.07,Baldwin Bikes,Marcelene Boyer,3719.9906999999994,2016,10
507,2016-10-15,Enoch Rosario,Fresno,Surly Straggler 650b - 2016,Cyclocross Bicycles,Surly,2,1680.99,0.05,Santa Cruz Bikes,Genna Serrano,3193.881,2016,10
507,2016-10-15,Enoch Rosario,Fresno,Electra Cruiser 1 (24-Inch) - 2016,Cruisers Bicycles,Electra,2,269.99,0.07,Santa Cruz Bikes,Genna Serrano,502.1814,2016,10
507,2016-10-15,Enoch Rosario,Fresno,Electra Townie Original 7D EQ - Women's - 2016,Cruisers Bicycles,Electra,2,599.99,0.1,Santa Cruz Bikes,Genna Serrano,1079.982,2016,10
508,2016-10-15,Octavia Donaldson,Levittown,Trek Remedy 29 Carbon Frameset - 2016,Mountain Bikes,Trek,1,1799.99,0.05,Baldwin Bikes,Marcelene Boyer,1709.9904999999999,2016,10
508,2016-10-15,Octavia Donaldson,Levittown,Ritchey Timberwolf Frameset - 2016,Mountain Bikes,Ritchey,2,749.99,0.05,Baldwin Bikes,Marcelene Boyer,1424.981,2016,10
508,2016-10-15,Octavia Donaldson,Levittown,Surly Straggler - 2016,Cyclocross Bicycles,Surly,2,1549.0,0.05,Baldwin Bikes,Marcelene Boyer,2943.1,2016,10
508,2016-10-15,Octavia Donaldson,Levittown,Electra Townie Original 7D - 2015/2016,Comfort Bicycles,Electra,1,499.99,0.07,Baldwin Bikes,Marcelene Boyer,464.9907,2016,10
509,2016-10-16,Jeromy Elliott,Bay Shore,Electra Girl's Hawaii 1 (20-inch) - 2015/2016,Children Bicycles,Electra,2,299.99,0.2,Baldwin Bikes,Venita Daniel,479.98400000000004,2016,10
509,2016-10-16,Jeromy Elliott,Bay Shore,Trek Fuel EX 8 29 - 2016,Mountain Bikes,Trek,2,2899.99,0.05,Baldwin Bikes,Venita Daniel,5509.981,2016,10
510,2016-10-17,Ulysses Gaines,Monsey,Pure Cycles Vine 8-Speed - 2016,Cruisers Bicycles,Pure Cycles,1,429.0,0.1,Baldwin Bikes,Venita Daniel,386.1,2016,10
511,2016-10-18,Klara Mosley,Port Chester,Electra Girl's Hawaii 1 (16-inch) - 2015/2016,Children Bicycles,Electra,2,269.99,0.05,Baldwin Bikes,Venita Daniel,512.981,2016,10
511,2016-10-18,Klara Mosley,Port Chester,Electra Cruiser 1 (24-Inch) - 2016,Cruisers Bicycles,Electra,1,269.99,0.1,Baldwin Bikes,Venita Daniel,242.991,2016,10
512,2016-10-19,Jacquline Duncan,Jackson Heights,Electra Cruiser 1 (24-Inch) - 2016,Children Bicycles,Electra,1,269.99,0.07,Baldwin Bikes,Venita Daniel,251.0907,2016,10
513,2016-10-19,Lory Page,Bay Shore,Trek Slash 8 27.5 - 2016,Mountain Bikes,Trek,1,3999.99,0.07,Baldwin Bikes,Marcelene Boyer,3719.9906999999994,2016,10
513,2016-10-19,Lory Page,Bay Shore,Electra Cruiser 1 (24-Inch) - 2016,Cruisers Bicycles,Electra,1,269.99,0.2,Baldwin Bikes,Marcelene Boyer,215.99200000000002,2016,10
513,2016-10-19,Lory Page,Bay Shore,Electra Girl's Hawaii 1 (20-inch) - 2015/2016,Children Bicycles,Electra,1,299.99,0.07,Baldwin Bikes,Marcelene Boyer,278.9907,2016,10
514,2016-10-19,Guillermo Hart,New York,Pure Cycles Western 3-Speed - Women's - 2015/2016,Cruisers Bicycles,Pure Cycles,2,449.0,0.2,Baldwin Bikes,Venita Daniel,718.4000000000001,2016,10
514,2016-10-19,Guillermo Hart,New York,Pure Cycles Vine 8-Speed - 2016,Cruisers Bicycles,Pure Cycles,2,429.0,0.07,Baldwin Bikes,Venita Daniel,797.9399999999999,2016,10
515,2016-10-19,Marcel Lindsay,Ossining,Trek Remedy 29 Carbon Frameset - 2016,Mountain Bikes,Trek,1,1799.99,0.07,Baldwin Bikes,Marcelene Boyer,1673.9906999999998,2016,10
515,2016-10-19,Marcel Lindsay,Ossining,Heller Shagamaw Frame - 2016,Mountain Bikes,Heller,1,1320.99,0.1,Baldwin Bikes,Marcelene Boyer,1188.891,2016,10
515,2016-10-19,Marcel Lindsay,Ossining,Electra Townie Original 7D - 2015/2016,Comfort Bicycles,Electra,2,499.99,0.07,Baldwin Bikes,Marcelene Boyer,929.9814,2016,10
515,2016-10-19,Marcel Lindsay,Ossining,Surly Ice Cream Truck Frameset - 2016,Mountain Bikes,Surly,2,469.99,0.2,Baldwin Bikes,Marcelene Boyer,751.984,2016,10
516,2016-10-21,Shila White,Orchard Park,Trek Slash 8 27.5 - 2016,Mountain Bikes,Trek,1,3999.99,0.05,Baldwin Bikes,Marcelene Boyer,3799.9904999999994,2016,10
516,2016-10-21,Shila White,Orchard Park,Heller Shagamaw Frame - 2016,Mountain Bikes,Heller,2,1320.99,0.1,Baldwin Bikes,Marcelene Boyer,2377.782,2016,10
517,2016-10-21,Margene Eaton,Wantagh,Electra Cruiser 1 (24-Inch) - 2016,Children Bicycles,Electra,2,269.99,0.07,Baldwin Bikes,Marcelene Boyer,502.1814,2016,10
518,2016-10-22,Juliane Dillard,Glendora,Electra Townie Original 7D EQ - 2016,Cruisers Bicycles,Electra,2,599.99,0.2,Santa Cruz Bikes,Mireya Copeland,959.984,2016,10
518,2016-10-22,Juliane Dillard,Glendora,Heller Shagamaw Frame - 2016,Mountain Bikes,Heller,2,1320.99,0.05,Santa Cruz Bikes,Mireya Copeland,2509.881,2016,10
518,2016-10-22,Juliane Dillard,Glendora,Electra Townie Original 7D - 2015/2016,Comfort Bicycles,Electra,2,499.99,0.05,Santa Cruz Bikes,Mireya Copeland,949.981,2016,10
518,2016-10-22,Juliane Dillard,Glendora,Electra Moto 1 - 2016,Cruisers Bicycles,Electra,2,529.99,0.2,Santa Cruz Bikes,Mireya Copeland,847.984,2016,10
518,2016-10-22,Juliane Dillard,Glendora,Surly Straggler 650b - 2016,Cyclocross Bicycles,Surly,2,1680.99,0.07,Santa Cruz Bikes,Mireya Copeland,3126.6414,2016,10
519,2016-10-22,Fran Yang,Utica,Surly Ice Cream Truck Frameset - 2016,Mountain Bikes,Surly,1,469.99,0.07,Baldwin Bikes,Venita Daniel,437.09069999999997,2016,10
519,2016-10-22,Fran Yang,Utica,Electra Townie Original 7D EQ - 2016,Cruisers Bicycles,Electra,1,599.99,0.1,Baldwin Bikes,Venita Daniel,539.991,2016,10
519,2016-10-22,Fran Yang,Utica,Electra Girl's Hawaii 1 (20-inch) - 2015/2016,Children Bicycles,Electra,2,299.99,0.05,Baldwin Bikes,Venita Daniel,569.981,2016,10
519,2016-10-22,Fran Yang,Utica,Pure Cycles Western 3-Speed - Women's - 2015/2016,Cruisers Bicycles,Pure Cycles,2,449.0,0.2,Baldwin Bikes,Venita Daniel,718.4000000000001,2016,10
519,2016-10-22,Fran Yang,Utica,Trek Slash 8 27.5 - 2016,Mountain Bikes,Trek,1,3999.99,0.05,Baldwin Bikes,Venita Daniel,3799.9904999999994,2016,10
520,2016-10-23,Ronald Parsons,Maspeth,Electra Townie Original 7D EQ - 2016,Comfort Bicycles,Electra,1,599.99,0.1,Baldwin Bikes,Venita Daniel,539.991,2016,10
520,2016-10-23,Ronald Parsons,Maspeth,Electra Townie Original 21D - 2016,Comfort Bicycles,Electra,1,549.99,0.2,Baldwin Bikes,Venita Daniel,439.992,2016,10
520,2016-10-23,Ronald Parsons,Maspeth,Surly Straggler - 2016,Cyclocross Bicycles,Surly,1,1549.0,0.07,Baldwin Bikes,Venita Daniel,1440.57,2016,10
521,2016-10-23,Augustus Schmidt,Corona,Heller Shagamaw Frame - 2016,Mountain Bikes,Heller,1,1320.99,0.2,Baldwin Bikes,Marcelene Boyer,1056.7920000000001,2016,10
521,2016-10-23,Augustus Schmidt,Corona,Electra Girl's Hawaii 1 (16-inch) - 2015/2016,Cruisers Bicycles,Electra,1,269.99,0.2,Baldwin Bikes,Marcelene Boyer,215.99200000000002,2016,10
522,2016-10-23,Lois Steele,Ossining,Trek Fuel EX 8 29 - 2016,Mountain Bikes,Trek,2,2899.99,0.07,Baldwin Bikes,Venita Daniel,5393.9814,2016,10
522,2016-10-23,Lois Steele,Ossining,Electra Girl's Hawaii 1 (16-inch) - 2015/2016,Children Bicycles,Electra,2,269.99,0.07,Baldwin Bikes,Venita Daniel,502.1814,2016,10
522,2016-10-23,Lois Steele,Ossining,Electra Cruiser 1 (24-Inch) - 2016,Children Bicycles,Electra,1,269.99,0.05,Baldwin Bikes,Venita Daniel,256.4905,2016,10
523,2016-10-24,Rebbecca Espinoza,Mount Vernon,Electra Townie Original 21D - 2016,Cruisers Bicycles,Electra,1,549.99,0.2,Baldwin Bikes,Marcelene Boyer,439.992,2016,10
523,2016-10-24,Rebbecca Espinoza,Mount Vernon,Electra Townie Original 7D EQ - Women's - 2016,Cruisers Bicycles,Electra,1,599.99,0.05,Baldwin Bikes,Marcelene Boyer,569.9905,2016,10
523,2016-10-24,Rebbecca Espinoza,Mount Vernon,Heller Shagamaw Frame - 2016,Mountain Bikes,Heller,2,1320.99,0.1,Baldwin Bikes,Marcelene Boyer,2377.782,2016,10
523,2016-10-24,Rebbecca Espinoza,Mount Vernon,Electra Townie Original 7D EQ - 2016,Cruisers Bicycles,Electra,2,599.99,0.07,Baldwin Bikes,Marcelene Boyer,1115.9814,2016,10
524,2016-10-25,Lucas Estes,Santa Monica,Surly Straggler 650b - 2016,Cyclocross Bicycles,Surly,1,1680.99,0.07,Santa Cruz Bikes,Mireya Copeland,1563.3207,2016,10
524,2016-10-25,Lucas Estes,Santa Monica,Ritchey Timberwolf Frameset - 2016,Mountain Bikes,Ritchey,1,749.99,0.05,Santa Cruz Bikes,Mireya Copeland,712.4905,2016,10
524,2016-10-25,Lucas Estes,Santa Monica,Trek Conduit+ - 2016,Electric Bikes,Trek,1,2999.99,0.2,Santa Cruz Bikes,Mireya Copeland,2399.9919999999997,2016,10
524,2016-10-25,Lucas Estes,Santa Monica,Surly Wednesday Frameset - 2016,Mountain Bikes,Surly,2,999.99,0.07,Santa Cruz Bikes,Mireya Copeland,1859.9814,2016,10
524,2016-10-25,Lucas Estes,Santa Monica,Electra Townie Original 7D EQ - 2016,Comfort Bicycles,Electra,1,599.99,0.05,Santa Cruz Bikes,Mireya Copeland,569.9905,2016,10
525,2016-10-26,Omega Johnston,Canyon Country,Trek Conduit+ - 2016,Electric Bikes,Trek,2,2999.99,0.07,Santa Cruz Bikes,Genna Serrano,5579.9814,2016,10
525,2016-10-26,Omega Johnston,Canyon Country,Surly Ice Cream Truck Frameset - 2016,Mountain Bikes,Surly,2,469.99,0.07,Santa Cruz Bikes,Genna Serrano,874.1813999999999,2016,10
525,2016-10-26,Omega Johnston,Canyon Country,Surly Straggler - 2016,Cyclocross Bicycles,Surly,1,1549.0,0.1,Santa Cruz Bikes,Genna Serrano,1394.1000000000001,2016,10
526,2016-10-26,Tonda Webb,Baldwinsville,Surly Wednesday Frameset - 2016,Mountain Bikes,Surly,2,999.99,0.1,Baldwin Bikes,Marcelene Boyer,1799.982,2016,10
526,2016-10-26,Tonda Webb,Baldwinsville,Trek Remedy 29 Carbon Frameset - 2016,Mountain Bikes,Trek,1,1799.99,0.1,Baldwin Bikes,Marcelene Boyer,1619.991,2016,10
526,2016-10-26,Tonda Webb,Baldwinsville,Electra Cruiser 1 (24-Inch) - 2016,Children Bicycles,Electra,1,269.99,0.05,Baldwin Bikes,Marcelene Boyer,256.4905,2016,10
526,2016-10-26,Tonda Webb,Baldwinsville,Electra Moto 1 - 2016,Cruisers Bicycles,Electra,1,529.99,0.07,Baldwin Bikes,Marcelene Boyer,492.8907,2016,10
527,2016-10-27,Irving Pitts,Torrance,Pure Cycles Western 3-Speed - Women's - 2015/2016,Cruisers Bicycles,Pure Cycles,2,449.0,0.07,Santa Cruz Bikes,Mireya Copeland,835.14,2016,10
527,2016-10-27,Irving Pitts,Torrance,Trek Fuel EX 8 29 - 2016,Mountain Bikes,Trek,1,2899.99,0.2,Santa Cruz Bikes,Mireya Copeland,2319.9919999999997,2016,10
527,2016-10-27,Irving Pitts,Torrance,Pure Cycles William 3-Speed - 2016,Cruisers Bicycles,Pure Cycles,1,449.0,0.1,Santa Cruz Bikes,Mireya Copeland,404.1,2016,10
527,2016-10-27,Irving Pitts,Torrance,Trek Conduit+ - 2016,Electric Bikes,Trek,2,2999.99,0.2,Santa Cruz Bikes,Mireya Copeland,4799.9839999999995,2016,10
528,2016-10-28,Gayle Wilkinson,Lindenhurst,Electra Cruiser 1 (24-Inch) - 2016,Children Bicycles,Electra,2,269.99,0.05,Baldwin Bikes,Venita Daniel,512.981,2016,10
529,2016-10-28,Mandi Gibbs,East Elmhurst,Electra Townie Original 21D - 2016,Cruisers Bicycles,Electra,2,549.99,0.07,Baldwin Bikes,Venita Daniel,1022.9813999999999,2016,10
530,2016-10-28,Yolando Wade,Massapequa,Ritchey Timberwolf Frameset - 2016,Mountain Bikes,Ritchey,2,749.99,0.05,Baldwin Bikes,Marcelene Boyer,1424.981,2016,10
530,2016-10-28,Yolando Wade,Massapequa,Trek Fuel EX 8 29 - 2016,Mountain Bikes,Trek,1,2899.99,0.07,Baldwin Bikes,Marcelene Boyer,2696.9907,2016,10
530,2016-10-28,Yolando Wade,Massapequa,Surly Ice Cream Truck Frameset - 2016,Mountain Bikes,Surly,2,469.99,0.2,Baldwin Bikes,Marcelene Boyer,751.984,2016,10
531,2016-10-28,Merlene Vinson,Euless,Surly Ice Cream Truck Frameset - 2016,Mountain Bikes,Surly,1,469.99,0.2,Rowlett Bikes,Kali Vargas,375.992,2016,10
531,2016-10-28,Merlene Vinson,Euless,Electra Townie Original 21D - 2016,Cruisers Bicycles,Electra,2,549.99,0.2,Rowlett Bikes,Kali Vargas,879.984,2016,10
531,2016-10-28,Merlene Vinson,Euless,Electra Townie Original 7D - 2015/2016,Comfort Bicycles,Electra,1,499.99,0.07,Rowlett Bikes,Kali Vargas,464.9907,2016,10
532,2016-10-29,Zelda Pratt,Lancaster,Pure Cycles Vine 8-Speed - 2016,Cruisers Bicycles,Pure Cycles,2,429.0,0.07,Baldwin Bikes,Venita Daniel,797.9399999999999,2016,10
532,2016-10-29,Zelda Pratt,Lancaster,Electra Townie Original 7D EQ - 2016,Cruisers Bicycles,Electra,2,599.99,0.2,Baldwin Bikes,Venita Daniel,959.984,2016,10
532,2016-10-29,Zelda Pratt,Lancaster,Electra Townie Original 21D - 2016,Cruisers Bicycles,Electra,1,549.99,0.1,Baldwin Bikes,Venita Daniel,494.99100000000004,2016,10
533,2016-10-29,Ashleigh Finch,Newburgh,Trek Fuel EX 8 29 - 2016,Mountain Bikes,Trek,1,2899.99,0.2,Baldwin Bikes,Marcelene Boyer,2319.9919999999997,2016,10
533,2016-10-29,Ashleigh Finch,Newburgh,Electra Townie Original 21D - 2016,Cruisers Bicycles,Electra,2,549.99,0.1,Baldwin Bikes,Marcelene Boyer,989.9820000000001,2016,10
533,2016-10-29,Ashleigh Finch,Newburgh,Surly Straggler - 2016,Cyclocross Bicycles,Surly,1,1549.0,0.2,Baldwin Bikes,Marcelene Boyer,1239.2,2016,10
533,2016-10-29,Ashleigh Finch,Newburgh,Electra Townie Original 7D - 2015/2016,Comfort Bicycles,Electra,1,499.99,0.05,Baldwin Bikes,Marcelene Boyer,474.9905,2016,10
534,2016-10-29,Farrah Orr,New Hyde Park,Electra Cruiser 1 (24-Inch) - 2016,Children Bicycles,Electra,2,269.99,0.05,Baldwin Bikes,Venita Daniel,512.981,2016,10
534,2016-10-29,Farrah Orr,New Hyde Park,Trek Conduit+ - 2016,Electric Bikes,Trek,2,2999.99,0.05,Baldwin Bikes,Venita Daniel,5699.981,2016,10
534,2016-10-29,Farrah Orr,New Hyde Park,Ritchey Timberwolf Frameset - 2016,Mountain Bikes,Ritchey,1,749.99,0.07,Baldwin Bikes,Venita Daniel,697.4907,2016,10
534,2016-10-29,Farrah Orr,New Hyde Park,Electra Townie Original 21D - 2016,Comfort Bicycles,Electra,2,549.99,0.1,Baldwin Bikes,Venita Daniel,989.9820000000001,2016,10
535,2016-10-29,Roseanne Maynard,Euless,Electra Townie Original 21D - 2016,Comfort Bicycles,Electra,1,549.99,0.05,Rowlett Bikes,Layla Terrell,522.4905,2016,10
535,2016-10-29,Roseanne Maynard,Euless,Electra Moto 1 - 2016,Cruisers Bicycles,Electra,1,529.99,0.1,Rowlett Bikes,Layla Terrell,476.99100000000004,2016,10
535,2016-10-29,Roseanne Maynard,Euless,Electra Girl's Hawaii 1 (16-inch) - 2015/2016,Children Bicycles,Electra,2,269.99,0.1,Rowlett Bikes,Layla Terrell,485.982,2016,10
536,2016-10-31,Cira Downs,Oakland,Electra Girl's Hawaii 1 (16-inch) - 2015/2016,Children Bicycles,Electra,1,269.99,0.1,Santa Cruz Bikes,Genna Serrano,242.991,2016,10
536,2016-10-31,Cira Downs,Oakland,Ritchey Timberwolf Frameset - 2016,Mountain Bikes,Ritchey,1,749.99,0.1,Santa Cruz Bikes,Genna Serrano,674.991,2016,10
536,2016-10-31,Cira Downs,Oakland,Electra Townie Original 21D - 2016,Cruisers Bicycles,Electra,2,549.99,0.05,Santa Cruz Bikes,Genna Serrano,1044.981,2016,10
536,2016-10-31,Cira Downs,Oakland,Electra Girl's Hawaii 1 (16-inch) - 2015/2016,Cruisers Bicycles,Electra,1,269.99,0.07,Santa Cruz Bikes,Genna Serrano,251.0907,2016,10
537,2016-10-31,Agatha Daniels,South El Monte,Surly Straggler - 2016,Cyclocross Bicycles,Surly,1,1549.0,0.05,Santa Cruz Bikes,Mireya Copeland,1471.55,2016,10
537,2016-10-31,Agatha Daniels,South El Monte,Electra Townie Original 7D EQ - 2016,Comfort Bicycles,Electra,1,599.99,0.05,Santa Cruz Bikes,Mireya Copeland,569.9905,2016,10
537,2016-10-31,Agatha Daniels,South El Monte,Pure Cycles Vine 8-Speed - 2016,Cruisers Bicycles,Pure Cycles,2,429.0,0.1,Santa Cruz Bikes,Mireya Copeland,772.2,2016,10
537,2016-10-31,Agatha Daniels,South El Monte,Electra Townie Original 7D - 2015/2016,Comfort Bicycles,Electra,2,499.99,0.2,Santa Cruz Bikes,Mireya Copeland,799.984,2016,10
538,2016-11-02,Delana Scott,Mount Vernon,Ritchey Timberwolf Frameset - 2016,Mountain Bikes,Ritchey,2,749.99,0.2,Baldwin Bikes,Marcelene Boyer,1199.9840000000002,2016,11
539,2016-11-02,Jewel Sparks,Oakland Gardens,Trek Conduit+ - 2016,Electric Bikes,Trek,2,2999.99,0.1,Baldwin Bikes,Venita Daniel,5399.982,2016,11
539,2016-11-02,Jewel Sparks,Oakland Gardens,Electra Girl's Hawaii 1 (20-inch) - 2015/2016,Children Bicycles,Electra,1,299.99,0.05,Baldwin Bikes,Venita Daniel,284.9905,2016,11
539,2016-11-02,Jewel Sparks,Oakland Gardens,Electra Cruiser 1 (24-Inch) - 2016,Children Bicycles,Electra,2,269.99,0.07,Baldwin Bikes,Venita Daniel,502.1814,2016,11
540,2016-11-03,Lorrie Justice,Pomona,Pure Cycles William 3-Speed - 2016,Cruisers Bicycles,Pure Cycles,1,449.0,0.1,Santa Cruz Bikes,Genna Serrano,404.1,2016,11
540,2016-11-03,Lorrie Justice,Pomona,Electra Townie Original 7D EQ - 2016,Comfort Bicycles,Electra,2,599.99,0.1,Santa Cruz Bikes,Genna Serrano,1079.982,2016,11
540,2016-11-03,Lorrie Justice,Pomona,Electra Girl's Hawaii 1 (20-inch) - 2015/2016,Children Bicycles,Electra,2,299.99,0.07,Santa Cruz Bikes,Genna Serrano,557.9814,2016,11
541,2016-11-04,Zulema Clemons,Oakland,Electra Girl's Hawaii 1 (16-inch) - 2015/2016,Children Bicycles,Electra,2,269.99,0.05,Santa Cruz Bikes,Genna Serrano,512.981,2016,11
542,2016-11-04,Melani Jarvis,Maspeth,Electra Townie Original 7D EQ - 2016,Cruisers Bicycles,Electra,2,599.99,0.2,Baldwin Bikes,Venita Daniel,959.984,2016,11
542,2016-11-04,Melani Jarvis,Maspeth,Trek Conduit+ - 2016,Electric Bikes,Trek,1,2999.99,0.1,Baldwin Bikes,Venita Daniel,2699.991,2016,11
542,2016-11-04,Melani Jarvis,Maspeth,Electra Townie Original 7D EQ - Women's - 2016,Cruisers Bicycles,Electra,1,599.99,0.1,Baldwin Bikes,Venita Daniel,539.991,2016,11
542,2016-11-04,Melani Jarvis,Maspeth,Pure Cycles William 3-Speed - 2016,Cruisers Bicycles,Pure Cycles,2,449.0,0.2,Baldwin Bikes,Venita Daniel,718.4000000000001,2016,11
543,2016-11-06,Alica Hunter,East Elmhurst,Electra Townie Original 7D - 2015/2016,Comfort Bicycles,Electra,1,499.99,0.2,Baldwin Bikes,Marcelene Boyer,399.992,2016,11
543,2016-11-06,Alica Hunter,East Elmhurst,Pure Cycles Western 3-Speed - Women's - 2015/2016,Cruisers Bicycles,Pure Cycles,1,449.0,0.2,Baldwin Bikes,Marcelene Boyer,359.20000000000005,2016,11
543,2016-11-06,Alica Hunter,East Elmhurst,Electra Townie Original 7D EQ - 2016,Comfort Bicycles,Electra,2,599.99,0.05,Baldwin Bikes,Marcelene Boyer,1139.981,2016,11
544,2016-11-06,Chere Hardin,Brooklyn,Electra Townie Original 21D - 2016,Cruisers Bicycles,Electra,1,549.99,0.05,Baldwin Bikes,Venita Daniel,522.4905,2016,11
544,2016-11-06,Chere Hardin,Brooklyn,Pure Cycles Vine 8-Speed - 2016,Cruisers Bicycles,Pure Cycles,1,429.0,0.1,Baldwin Bikes,Venita Daniel,386.1,2016,11
544,2016-11-06,Chere Hardin,Brooklyn,Electra Cruiser 1 (24-Inch) - 2016,Children Bicycles,Electra,1,269.99,0.05,Baldwin Bikes,Venita Daniel,256.4905,2016,11
545,2016-11-08,Bao Wade,Desoto,Electra Townie Original 7D - 2015/2016,Comfort Bicycles,Electra,2,499.99,0.2,Rowlett Bikes,Layla Terrell,799.984,2016,11
545,2016-11-08,Bao Wade,Desoto,Surly Ice Cream Truck Frameset - 2016,Mountain Bikes,Surly,1,469.99,0.07,Rowlett Bikes,Layla Terrell,437.09069999999997,2016,11
545,2016-11-08,Bao Wade,Desoto,Electra Townie Original 21D - 2016,Comfort Bicycles,Electra,1,549.99,0.2,Rowlett Bikes,Layla Terrell,439.992,2016,11
545,2016-11-08,Bao Wade,Desoto,Electra Townie Original 7D EQ - Women's - 2016,Cruisers Bicycles,Electra,2,599.99,0.07,Rowlett Bikes,Layla Terrell,1115.9814,2016,11
546,2016-11-09,Loise Walker,Shirley,Pure Cycles Vine 8-Speed - 2016,Cruisers Bicycles,Pure Cycles,2,429.0,0.05,Baldwin Bikes,Venita Daniel,815.0999999999999,2016,11
546,2016-11-09,Loise Walker,Shirley,Trek Remedy 29 Carbon Frameset - 2016,Mountain Bikes,Trek,1,1799.99,0.1,Baldwin Bikes,Venita Daniel,1619.991,2016,11
546,2016-11-09,Loise Walker,Shirley,Pure Cycles Western 3-Speed - Women's - 2015/2016,Cruisers Bicycles,Pure Cycles,2,449.0,0.07,Baldwin Bikes,Venita Daniel,835.14,2016,11
547,2016-11-09,Aleta Shepard,Sugar Land,Surly Straggler 650b - 2016,Cyclocross Bicycles,Surly,2,1680.99,0.05,Rowlett Bikes,Kali Vargas,3193.881,2016,11
547,2016-11-09,Aleta Shepard,Sugar Land,Trek Conduit+ - 2016,Electric Bikes,Trek,1,2999.99,0.2,Rowlett Bikes,Kali Vargas,2399.9919999999997,2016,11
547,2016-11-09,Aleta Shepard,Sugar Land,Heller Shagamaw Frame - 2016,Mountain Bikes,Heller,1,1320.99,0.1,Rowlett Bikes,Kali Vargas,1188.891,2016,11
548,2016-11-11,Bobbi Banks,Bayside,Trek Remedy 29 Carbon Frameset - 2016,Mountain Bikes,Trek,1,1799.99,0.1,Baldwin Bikes,Venita Daniel,1619.991,2016,11
548,2016-11-11,Bobbi Banks,Bayside,Surly Straggler 650b - 2016,Cyclocross Bicycles,Surly,2,1680.99,0.07,Baldwin Bikes,Venita Daniel,3126.6414,2016,11
549,2016-11-12,Bobbie Foster,Desoto,Electra Moto 1 - 2016,Cruisers Bicycles,Electra,1,529.99,0.07,Rowlett Bikes,Layla Terrell,492.8907,2016,11
549,2016-11-12,Bobbie Foster,Desoto,Electra Townie Original 7D EQ - 2016,Cruisers Bicycles,Electra,1,599.99,0.05,Rowlett Bikes,Layla Terrell,569.9905,2016,11
549,2016-11-12,Bobbie Foster,Desoto,Surly Wednesday Frameset - 2016,Mountain Bikes,Surly,1,999.99,0.07,Rowlett Bikes,Layla Terrell,929.9907,2016,11
549,2016-11-12,Bobbie Foster,Desoto,Trek Slash 8 27.5 - 2016,Mountain Bikes,Trek,1,3999.99,0.05,Rowlett Bikes,Layla Terrell,3799.9904999999994,2016,11
549,2016-11-12,Bobbie Foster,Desoto,Electra Cruiser 1 (24-Inch) - 2016,Cruisers Bicycles,Electra,2,269.99,0.1,Rowlett Bikes,Layla Terrell,485.982,2016,11
550,2016-11-12,Alissa Craft,Ossining,Trek Fuel EX 8 29 - 2016,Mountain Bikes,Trek,1,2899.99,0.05,Baldwin Bikes,Venita Daniel,2754.9905,2016,11
551,2016-11-12,Beatris Joyner,Spring Valley,Electra Townie Original 7D EQ - 2016,Cruisers Bicycles,Electra,1,599.99,0.05,Baldwin Bikes,Marcelene Boyer,569.9905,2016,11
551,2016-11-12,Beatris Joyner,Spring Valley,Electra Townie Original 7D EQ - 2016,Comfort Bicycles,Electra,1,599.99,0.07,Baldwin Bikes,Marcelene Boyer,557.9907,2016,11
551,2016-11-12,Beatris Joyner,Spring Valley,Surly Straggler 650b - 2016,Cyclocross Bicycles,Surly,2,1680.99,0.2,Baldwin Bikes,Marcelene Boyer,2689.5840000000003,2016,11
551,2016-11-12,Beatris Joyner,Spring Valley,Electra Moto 1 - 2016,Cruisers Bicycles,Electra,2,529.99,0.2,Baldwin Bikes,Marcelene Boyer,847.984,2016,11
552,2016-11-12,Alexis Mack,New City,Electra Girl's Hawaii 1 (20-inch) - 2015/2016,Children Bicycles,Electra,1,299.99,0.2,Baldwin Bikes,Venita Daniel,239.99200000000002,2016,11
552,2016-11-12,Alexis Mack,New City,Ritchey Timberwolf Frameset - 2016,Mountain Bikes,Ritchey,1,749.99,0.2,Baldwin Bikes,Venita Daniel,599.9920000000001,2016,11
552,2016-11-12,Alexis Mack,New City,Electra Townie Original 21D - 2016,Comfort Bicycles,Electra,1,549.99,0.2,Baldwin Bikes,Venita Daniel,439.992,2016,11
552,2016-11-12,Alexis Mack,New City,Pure Cycles Western 3-Speed - Women's - 2015/2016,Cruisers Bicycles,Pure Cycles,1,449.0,0.1,Baldwin Bikes,Venita Daniel,404.1,2016,11
552,2016-11-12,Alexis Mack,New City,Pure Cycles William 3-Speed - 2016,Cruisers Bicycles,Pure Cycles,2,449.0,0.2,Baldwin Bikes,Venita Daniel,718.4000000000001,2016,11
553,2016-11-12,Liliana Kerr,Desoto,Electra Townie Original 21D - 2016,Comfort Bicycles,Electra,1,549.99,0.1,Rowlett Bikes,Layla Terrell,494.99100000000004,2016,11
553,2016-11-12,Liliana Kerr,Desoto,Pure Cycles Western 3-Speed - Women's - 2015/2016,Cruisers Bicycles,Pure Cycles,2,449.0,0.07,Rowlett Bikes,Layla Terrell,835.14,2016,11
553,2016-11-12,Liliana Kerr,Desoto,Electra Townie Original 21D - 2016,Cruisers Bicycles,Electra,1,549.99,0.07,Rowlett Bikes,Layla Terrell,511.49069999999995,2016,11
554,2016-11-13,Katharina Bates,Campbell,Surly Wednesday Frameset - 2016,Mountain Bikes,Surly,2,999.99,0.07,Santa Cruz Bikes,Genna Serrano,1859.9814,2016,11
554,2016-11-13,Katharina Bates,Campbell,Electra Girl's Hawaii 1 (16-inch) - 2015/2016,Children Bicycles,Electra,1,269.99,0.05,Santa Cruz Bikes,Genna Serrano,256.4905,2016,11
554,2016-11-13,Katharina Bates,Campbell,Trek Fuel EX 8 29 - 2016,Mountain Bikes,Trek,2,2899.99,0.2,Santa Cruz Bikes,Genna Serrano,4639.9839999999995,2016,11
555,2016-11-13,Buford Bridges,Troy,Trek Remedy 29 Carbon Frameset - 2016,Mountain Bikes,Trek,1,1799.99,0.2,Baldwin Bikes,Venita Daniel,1439.9920000000002,2016,11
555,2016-11-13,Buford Bridges,Troy,Trek Slash 8 27.5 - 2016,Mountain Bikes,Trek,1,3999.99,0.1,Baldwin Bikes,Venita Daniel,3599.991,2016,11
555,2016-11-13,Buford Bridges,Troy,Electra Townie Original 7D EQ - Women's - 2016,Cruisers Bicycles,Electra,2,599.99,0.07,Baldwin Bikes,Venita Daniel,1115.9814,2016,11
556,2016-11-13,Elinore Aguilar,San Angelo,Electra Townie Original 7D EQ - 2016,Cruisers Bicycles,Electra,1,599.99,0.1,Rowlett Bikes,Layla Terrell,539.991,2016,11
556,2016-11-13,Elinore Aguilar,San Angelo,Trek Fuel EX 8 29 - 2016,Mountain Bikes,Trek,2,2899.99,0.2,Rowlett Bikes,Layla Terrell,4639.9839999999995,2016,11
557,2016-11-14,Bethany Herring,Port Jefferson Station,Trek Conduit+ - 2016,Electric Bikes,Trek,2,2999.99,0.1,Baldwin Bikes,Marcelene Boyer,5399.982,2016,11
557,2016-11-14,Bethany Herring,Port Jefferson Station,Surly Straggler - 2016,Cyclocross Bicycles,Surly,1,1549.0,0.1,Baldwin Bikes,Marcelene Boyer,1394.1000000000001,2016,11
558,2016-11-15,Lezlie Lamb,Central Islip,Trek Slash 8 27.5 - 2016,Mountain Bikes,Trek,1,3999.99,0.07,Baldwin Bikes,Venita Daniel,3719.9906999999994,2016,11
558,2016-11-15,Lezlie Lamb,Central Islip,Electra Townie Original 7D EQ - 2016,Cruisers Bicycles,Electra,1,599.99,0.07,Baldwin Bikes,Venita Daniel,557.9907,2016,11
558,2016-11-15,Lezlie Lamb,Central Islip,Trek Conduit+ - 2016,Electric Bikes,Trek,1,2999.99,0.1,Baldwin Bikes,Venita Daniel,2699.991,2016,11
558,2016-11-15,Lezlie Lamb,Central Islip,Electra Cruiser 1 (24-Inch) - 2016,Children Bicycles,Electra,2,269.99,0.05,Baldwin Bikes,Venita Daniel,512.981,2016,11
558,2016-11-15,Lezlie Lamb,Central Islip,Surly Straggler - 2016,Cyclocross Bicycles,Surly,2,1549.0,0.07,Baldwin Bikes,Venita Daniel,2881.14,2016,11
559,2016-11-16,Christel Barber,Sacramento,Electra Moto 1 - 2016,Cruisers Bicycles,Electra,2,529.99,0.1,Santa Cruz Bikes,Mireya Copeland,953.9820000000001,2016,11
559,2016-11-16,Christel Barber,Sacramento,Surly Ice Cream Truck Frameset - 2016,Mountain Bikes,Surly,1,469.99,0.1,Santa Cruz Bikes,Mireya Copeland,422.99100000000004,2016,11
559,2016-11-16,Christel Barber,Sacramento,Trek Slash 8 27.5 - 2016,Mountain Bikes,Trek,2,3999.99,0.07,Santa Cruz Bikes,Mireya Copeland,7439.981399999999,2016,11
560,2016-11-18,Thanh Figueroa,Mount Vernon,Electra Townie Original 7D EQ - 2016,Cruisers Bicycles,Electra,1,599.99,0.05,Baldwin Bikes,Marcelene Boyer,569.9905,2016,11
560,2016-11-18,Thanh Figueroa,Mount Vernon,Electra Townie Original 7D EQ - 2016,Comfort Bicycles,Electra,2,599.99,0.1,Baldwin Bikes,Marcelene Boyer,1079.982,2016,11
561,2016-11-19,Marjorie Logan,Franklin Square,Electra Moto 1 - 2016,Cruisers Bicycles,Electra,2,529.99,0.05,Baldwin Bikes,Marcelene Boyer,1006.981,2016,11
561,2016-11-19,Marjorie Logan,Franklin Square,Pure Cycles Western 3-Speed - Women's - 2015/2016,Cruisers Bicycles,Pure Cycles,1,449.0,0.05,Baldwin Bikes,Marcelene Boyer,426.54999999999995,2016,11
561,2016-11-19,Marjorie Logan,Franklin Square,Heller Shagamaw Frame - 2016,Mountain Bikes,Heller,1,1320.99,0.05,Baldwin Bikes,Marcelene Boyer,1254.9405,2016,11
561,2016-11-19,Marjorie Logan,Franklin Square,Pure Cycles Vine 8-Speed - 2016,Cruisers Bicycles,Pure Cycles,2,429.0,0.07,Baldwin Bikes,Marcelene Boyer,797.9399999999999,2016,11
562,2016-11-19,Davis Long,Lancaster,Electra Townie Original 7D - 2015/2016,Comfort Bicycles,Electra,2,499.99,0.07,Baldwin Bikes,Venita Daniel,929.9814,2016,11
562,2016-11-19,Davis Long,Lancaster,Electra Townie Original 7D EQ - 2016,Comfort Bicycles,Electra,1,599.99,0.05,Baldwin Bikes,Venita Daniel,569.9905,2016,11
563,2016-11-20,Rodger Rojas,Bayside,Surly Ice Cream Truck Frameset - 2016,Mountain Bikes,Surly,2,469.99,0.1,Baldwin Bikes,Marcelene Boyer,845.9820000000001,2016,11
563,2016-11-20,Rodger Rojas,Bayside,Pure Cycles William 3-Speed - 2016,Cruisers Bicycles,Pure Cycles,1,449.0,0.05,Baldwin Bikes,Marcelene Boyer,426.54999999999995,2016,11
563,2016-11-20,Rodger Rojas,Bayside,Electra Cruiser 1 (24-Inch) - 2016,Cruisers Bicycles,Electra,2,269.99,0.1,Baldwin Bikes,Marcelene Boyer,485.982,2016,11
564,2016-11-20,Aisha Woods,Webster,Trek Fuel EX 8 29 - 2016,Mountain Bikes,Trek,1,2899.99,0.2,Baldwin Bikes,Venita Daniel,2319.9919999999997,2016,11
564,2016-11-20,Aisha Woods,Webster,Electra Moto 1 - 2016,Cruisers Bicycles,Electra,1,529.99,0.2,Baldwin Bikes,Venita Daniel,423.992,2016,11
565,2016-11-21,Nathaniel Richard,New Windsor,Pure Cycles Western 3-Speed - Women's - 2015/2016,Cruisers Bicycles,Pure Cycles,1,449.0,0.2,Baldwin Bikes,Venita Daniel,359.20000000000005,2016,11
565,2016-11-21,Nathaniel Richard,New Windsor,Electra Townie Original 7D - 2015/2016,Comfort Bicycles,Electra,2,499.99,0.1,Baldwin Bikes,Venita Daniel,899.9820000000001,2016,11
565,2016-11-21,Nathaniel Richard,New Windsor,Trek Conduit+ - 2016,Electric Bikes,Trek,1,2999.99,0.05,Baldwin Bikes,Venita Daniel,2849.9905,2016,11
565,2016-11-21,Nathaniel Richard,New Windsor,Pure Cycles Vine 8-Speed - 2016,Cruisers Bicycles,Pure Cycles,1,429.0,0.1,Baldwin Bikes,Venita Daniel,386.1,2016,11
566,2016-11-22,Jennie Middleton,Upland,Electra Townie Original 21D - 2016,Comfort Bicycles,Electra,2,549.99,0.07,Santa Cruz Bikes,Genna Serrano,1022.9813999999999,2016,11
566,2016-11-22,Jennie Middleton,Upland,Trek Slash 8 27.5 - 2016,Mountain Bikes,Trek,2,3999.99,0.2,Santa Cruz Bikes,Genna Serrano,6399.984,2016,11
566,2016-11-22,Jennie Middleton,Upland,Trek Remedy 29 Carbon Frameset - 2016,Mountain Bikes,Trek,1,1799.99,0.1,Santa Cruz Bikes,Genna Serrano,1619.991,2016,11
566,2016-11-22,Jennie Middleton,Upland,Electra Cruiser 1 (24-Inch) - 2016,Children Bicycles,Electra,2,269.99,0.2,Santa Cruz Bikes,Genna Serrano,431.98400000000004,2016,11
567,2016-11-22,Tayna Wade,Bakersfield,Trek Conduit+ - 2016,Electric Bikes,Trek,1,2999.99,0.2,Santa Cruz Bikes,Mireya Copeland,2399.9919999999997,2016,11
567,2016-11-22,Tayna Wade,Bakersfield,Heller Shagamaw Frame - 2016,Mountain Bikes,Heller,1,1320.99,0.07,Santa Cruz Bikes,Mireya Copeland,1228.5207,2016,11
568,2016-11-23,Lenita Bonner,Los Banos,Heller Shagamaw Frame - 2016,Mountain Bikes,Heller,1,1320.99,0.05,Santa Cruz Bikes,Genna Serrano,1254.9405,2016,11
568,2016-11-23,Lenita Bonner,Los Banos,Surly Straggler - 2016,Cyclocross Bicycles,Surly,1,1549.0,0.05,Santa Cruz Bikes,Genna Serrano,1471.55,2016,11
569,2016-11-23,Terese Briggs,Woodside,Electra Townie Original 7D EQ - 2016,Cruisers Bicycles,Electra,1,599.99,0.05,Baldwin Bikes,Marcelene Boyer,569.9905,2016,11
569,2016-11-23,Terese Briggs,Woodside,Electra Townie Original 21D - 2016,Comfort Bicycles,Electra,2,549.99,0.1,Baldwin Bikes,Marcelene Boyer,989.9820000000001,2016,11
570,2016-11-23,Loreen Byers,South Ozone Park,Pure Cycles Western 3-Speed - Women's - 2015/2016,Cruisers Bicycles,Pure Cycles,1,449.0,0.07,Baldwin Bikes,Marcelene Boyer,417.57,2016,11
570,2016-11-23,Loreen Byers,South Ozone Park,Electra Townie Original 21D - 2016,Comfort Bicycles,Electra,2,549.99,0.1,Baldwin Bikes,Marcelene Boyer,989.9820000000001,2016,11
570,2016-11-23,Loreen Byers,South Ozone Park,Surly Wednesday Frameset - 2016,Mountain Bikes,Surly,2,999.99,0.2,Baldwin Bikes,Marcelene Boyer,1599.9840000000002,2016,11
570,2016-11-23,Loreen Byers,South Ozone Park,Surly Straggler 650b - 2016,Cyclocross Bicycles,Surly,1,1680.99,0.1,Baldwin Bikes,Marcelene Boyer,1512.891,2016,11
570,2016-11-23,Loreen Byers,South Ozone Park,Electra Townie Original 7D EQ - 2016,Cruisers Bicycles,Electra,1,599.99,0.05,Baldwin Bikes,Marcelene Boyer,569.9905,2016,11
571,2016-11-24,Charolette Rice,Sacramento,Trek Fuel EX 8 29 - 2016,Mountain Bikes,Trek,1,2899.99,0.05,Santa Cruz Bikes,Mireya Copeland,2754.9905,2016,11
571,2016-11-24,Charolette Rice,Sacramento,Trek Conduit+ - 2016,Electric Bikes,Trek,1,2999.99,0.1,Santa Cruz Bikes,Mireya Copeland,2699.991,2016,11
572,2016-11-24,Genoveva Tyler,New York,Surly Wednesday Frameset - 2016,Mountain Bikes,Surly,1,999.99,0.05,Baldwin Bikes,Marcelene Boyer,949.9905,2016,11
572,2016-11-24,Genoveva Tyler,New York,Electra Cruiser 1 (24-Inch) - 2016,Cruisers Bicycles,Electra,2,269.99,0.1,Baldwin Bikes,Marcelene Boyer,485.982,2016,11
572,2016-11-24,Genoveva Tyler,New York,Surly Straggler 650b - 2016,Cyclocross Bicycles,Surly,2,1680.99,0.2,Baldwin Bikes,Marcelene Boyer,2689.5840000000003,2016,11
573,2016-11-24,Johna Powers,Deer Park,Ritchey Timberwolf Frameset - 2016,Mountain Bikes,Ritchey,1,749.99,0.2,Baldwin Bikes,Marcelene Boyer,599.9920000000001,2016,11
574,2016-11-26,Leone Emerson,Whitestone,Electra Townie Original 7D EQ - 2016,Comfort Bicycles,Electra,1,599.99,0.05,Baldwin Bikes,Venita Daniel,569.9905,2016,11
574,2016-11-26,Leone Emerson,Whitestone,Electra Cruiser 1 (24-Inch) - 2016,Cruisers Bicycles,Electra,2,269.99,0.1,Baldwin Bikes,Venita Daniel,485.982,2016,11
574,2016-11-26,Leone Emerson,Whitestone,Electra Townie Original 21D - 2016,Cruisers Bicycles,Electra,2,549.99,0.1,Baldwin Bikes,Venita Daniel,989.9820000000001,2016,11
574,2016-11-26,Leone Emerson,Whitestone,Electra Girl's Hawaii 1 (20-inch) - 2015/2016,Children Bicycles,Electra,2,299.99,0.1,Baldwin Bikes,Venita Daniel,539.9820000000001,2016,11
574,2016-11-26,Leone Emerson,Whitestone,Surly Straggler 650b - 2016,Cyclocross Bicycles,Surly,2,1680.99,0.05,Baldwin Bikes,Venita Daniel,3193.881,2016,11
575,2016-11-27,Deloris Burke,Palos Verdes Peninsula,Trek Fuel EX 8 29 - 2016,Mountain Bikes,Trek,2,2899.99,0.07,Santa Cruz Bikes,Genna Serrano,5393.9814,2016,11
575,2016-11-27,Deloris Burke,Palos Verdes Peninsula,Electra Townie Original 21D - 2016,Cruisers Bicycles,Electra,1,549.99,0.2,Santa Cruz Bikes,Genna Serrano,439.992,2016,11
576,2016-11-27,Houston Vasquez,Fullerton,Trek Conduit+ - 2016,Electric Bikes,Trek,1,2999.99,0.1,Santa Cruz Bikes,Genna Serrano,2699.991,2016,11
577,2016-11-27,Earline Ballard,Mount Vernon,Surly Wednesday Frameset - 2016,Mountain Bikes,Surly,2,999.99,0.2,Baldwin Bikes,Marcelene Boyer,1599.9840000000002,2016,11
578,2016-11-27,Yahaira Robertson,Endicott,Electra Cruiser 1 (24-Inch) - 2016,Children Bicycles,Electra,1,269.99,0.07,Baldwin Bikes,Venita Daniel,251.0907,2016,11
578,2016-11-27,Yahaira Robertson,Endicott,Electra Townie Original 7D - 2015/2016,Comfort Bicycles,Electra,2,499.99,0.2,Baldwin Bikes,Venita Daniel,799.984,2016,11
578,2016-11-27,Yahaira Robertson,Endicott,Pure Cycles Western 3-Speed - Women's - 2015/2016,Cruisers Bicycles,Pure Cycles,2,449.0,0.05,Baldwin Bikes,Venita Daniel,853.0999999999999,2016,11
578,2016-11-27,Yahaira Robertson,Endicott,Trek Remedy 29 Carbon Frameset - 2016,Mountain Bikes,Trek,2,1799.99,0.2,Baldwin Bikes,Venita Daniel,2879.9840000000004,2016,11
579,2016-11-27,Omer Estrada,Rowlett,Trek Slash 8 27.5 - 2016,Mountain Bikes,Trek,2,3999.99,0.05,Rowlett Bikes,Kali Vargas,7599.980999999999,2016,11
579,2016-11-27,Omer Estrada,Rowlett,Surly Ice Cream Truck Frameset - 2016,Mountain Bikes,Surly,1,469.99,0.2,Rowlett Bikes,Kali Vargas,375.992,2016,11
580,2016-11-30,Vonda Berger,Santa Clara,Electra Townie Original 7D EQ - 2016,Cruisers Bicycles,Electra,2,599.99,0.2,Santa Cruz Bikes,Genna Serrano,959.984,2016,11
580,2016-11-30,Vonda Berger,Santa Clara,Electra Moto 1 - 2016,Cruisers Bicycles,Electra,1,529.99,0.07,Santa Cruz Bikes,Genna Serrano,492.8907,2016,11
580,2016-11-30,Vonda Berger,Santa Clara,Electra Cruiser 1 (24-Inch) - 2016,Children Bicycles,Electra,2,269.99,0.2,Santa Cruz Bikes,Genna Serrano,431.98400000000004,2016,11
580,2016-11-30,Vonda Berger,Santa Clara,Trek Conduit+ - 2016,Electric Bikes,Trek,2,2999.99,0.07,Santa Cruz Bikes,Genna Serrano,5579.9814,2016,11
580,2016-11-30,Vonda Berger,Santa Clara,Pure Cycles William 3-Speed - 2016,Cruisers Bicycles,Pure Cycles,1,449.0,0.2,Santa Cruz Bikes,Genna Serrano,359.20000000000005,2016,11
581,2016-12-03,Pearlie Cochran,Campbell,Trek Remedy 29 Carbon Frameset - 2016,Mountain Bikes,Trek,2,1799.99,0.07,Santa Cruz Bikes,Genna Serrano,3347.9813999999997,2016,12
582,2016-12-04,Araceli Golden,Fullerton,Surly Straggler - 2016,Cyclocross Bicycles,Surly,2,1549.0,0.2,Santa Cruz Bikes,Mireya Copeland,2478.4,2016,12
582,2016-12-04,Araceli Golden,Fullerton,Pure Cycles Vine 8-Speed - 2016,Cruisers Bicycles,Pure Cycles,2,429.0,0.07,Santa Cruz Bikes,Mireya Copeland,797.9399999999999,2016,12
583,2016-12-04,Edgar Horn,West Babylon,Electra Moto 1 - 2016,Cruisers Bicycles,Electra,2,529.99,0.2,Baldwin Bikes,Venita Daniel,847.984,2016,12
584,2016-12-04,Deandrea Cox,Huntington,Pure Cycles William 3-Speed - 2016,Cruisers Bicycles,Pure Cycles,1,449.0,0.07,Baldwin Bikes,Venita Daniel,417.57,2016,12
584,2016-12-04,Deandrea Cox,Huntington,Electra Girl's Hawaii 1 (20-inch) - 2015/2016,Children Bicycles,Electra,1,299.99,0.07,Baldwin Bikes,Venita Daniel,278.9907,2016,12
584,2016-12-04,Deandrea Cox,Huntington,Electra Moto 1 - 2016,Cruisers Bicycles,Electra,1,529.99,0.1,Baldwin Bikes,Venita Daniel,476.99100000000004,2016,12
584,2016-12-04,Deandrea Cox,Huntington,Electra Girl's Hawaii 1 (16-inch) - 2015/2016,Children Bicycles,Electra,1,269.99,0.05,Baldwin Bikes,Venita Daniel,256.4905,2016,12
584,2016-12-04,Deandrea Cox,Huntington,Trek Remedy 29 Carbon Frameset - 2016,Mountain Bikes,Trek,2,1799.99,0.07,Baldwin Bikes,Venita Daniel,3347.9813999999997,2016,12
585,2016-12-04,Alden Atkinson,Shirley,Surly Straggler - 2016,Cyclocross Bicycles,Surly,1,1549.0,0.2,Baldwin Bikes,Venita Daniel,1239.2,2016,12
585,2016-12-04,Alden Atkinson,Shirley,Pure Cycles Western 3-Speed - Women's - 2015/2016,Cruisers Bicycles,Pure Cycles,2,449.0,0.2,Baldwin Bikes,Venita Daniel,718.4000000000001,2016,12
585,2016-12-04,Alden Atkinson,Shirley,Electra Moto 1 - 2016,Cruisers Bicycles,Electra,1,529.99,0.05,Baldwin Bikes,Venita Daniel,503.4905,2016,12
585,2016-12-04,Alden Atkinson,Shirley,Electra Townie Original 21D - 2016,Cruisers Bicycles,Electra,2,549.99,0.07,Baldwin Bikes,Venita Daniel,1022.9813999999999,2016,12
586,2016-12-04,America Swanson,Webster,Surly Straggler 650b - 2016,Cyclocross Bicycles,Surly,2,1680.99,0.1,Baldwin Bikes,Marcelene Boyer,3025.782,2016,12
586,2016-12-04,America Swanson,Webster,Electra Girl's Hawaii 1 (20-inch) - 2015/2016,Children Bicycles,Electra,2,299.99,0.2,Baldwin Bikes,Marcelene Boyer,479.98400000000004,2016,12
587,2016-12-06,Grace Madden,San Pablo,Electra Townie Original 21D - 2016,Comfort Bicycles,Electra,1,549.99,0.05,Santa Cruz Bikes,Mireya Copeland,522.4905,2016,12
587,2016-12-06,Grace Madden,San Pablo,Electra Girl's Hawaii 1 (20-inch) - 2015/2016,Children Bicycles,Electra,1,299.99,0.05,Santa Cruz Bikes,Mireya Copeland,284.9905,2016,12
587,2016-12-06,Grace Madden,San Pablo,Pure Cycles Western 3-Speed - Women's - 2015/2016,Cruisers Bicycles,Pure Cycles,1,449.0,0.05,Santa Cruz Bikes,Mireya Copeland,426.54999999999995,2016,12
587,2016-12-06,Grace Madden,San Pablo,Electra Cruiser 1 (24-Inch) - 2016,Children Bicycles,Electra,1,269.99,0.2,Santa Cruz Bikes,Mireya Copeland,215.99200000000002,2016,12
588,2016-12-06,Marisol Goodman,Canandaigua,Surly Straggler - 2016,Cyclocross Bicycles,Surly,2,1549.0,0.07,Baldwin Bikes,Venita Daniel,2881.14,2016,12
588,2016-12-06,Marisol Goodman,Canandaigua,Electra Girl's Hawaii 1 (20-inch) - 2015/2016,Children Bicycles,Electra,1,299.99,0.2,Baldwin Bikes,Venita Daniel,239.99200000000002,2016,12
589,2016-12-06,Nicki Fry,Endicott,Electra Moto 1 - 2016,Cruisers Bicycles,Electra,2,529.99,0.05,Baldwin Bikes,Venita Daniel,1006.981,2016,12
590,2016-12-06,Casimira Chapman,Monroe,Ritchey Timberwolf Frameset - 2016,Mountain Bikes,Ritchey,2,749.99,0.1,Baldwin Bikes,Venita Daniel,1349.982,2016,12
590,2016-12-06,Casimira Chapman,Monroe,Electra Townie Original 7D EQ - Women's - 2016,Cruisers Bicycles,Electra,1,599.99,0.07,Baldwin Bikes,Venita Daniel,557.9907,2016,12
590,2016-12-06,Casimira Chapman,Monroe,Trek Remedy 29 Carbon Frameset - 2016,Mountain Bikes,Trek,2,1799.99,0.05,Baldwin Bikes,Venita Daniel,3419.9809999999998,2016,12
590,2016-12-06,Casimira Chapman,Monroe,Heller Shagamaw Frame - 2016,Mountain Bikes,Heller,2,1320.99,0.1,Baldwin Bikes,Venita Daniel,2377.782,2016,12
590,2016-12-06,Casimira Chapman,Monroe,Electra Townie Original 21D - 2016,Comfort Bicycles,Electra,1,549.99,0.1,Baldwin Bikes,Venita Daniel,494.99100000000004,2016,12
591,2016-12-06,Brenton Whitaker,Niagara Falls,Electra Townie Original 7D EQ - 2016,Cruisers Bicycles,Electra,2,599.99,0.05,Baldwin Bikes,Venita Daniel,1139.981,2016,12
591,2016-12-06,Brenton Whitaker,Niagara Falls,Electra Townie Original 7D - 2015/2016,Comfort Bicycles,Electra,2,499.99,0.05,Baldwin Bikes,Venita Daniel,949.981,2016,12
591,2016-12-06,Brenton Whitaker,Niagara Falls,Ritchey Timberwolf Frameset - 2016,Mountain Bikes,Ritchey,2,749.99,0.1,Baldwin Bikes,Venita Daniel,1349.982,2016,12
592,2016-12-06,Jong Guthrie,Bethpage,Electra Cruiser 1 (24-Inch) - 2016,Children Bicycles,Electra,2,269.99,0.1,Baldwin Bikes,Venita Daniel,485.982,2016,12
592,2016-12-06,Jong Guthrie,Bethpage,Electra Townie Original 7D EQ - 2016,Cruisers Bicycles,Electra,1,599.99,0.05,Baldwin Bikes,Venita Daniel,569.9905,2016,12
592,2016-12-06,Jong Guthrie,Bethpage,Pure Cycles Western 3-Speed - Women's - 2015/2016,Cruisers Bicycles,Pure Cycles,2,449.0,0.07,Baldwin Bikes,Venita Daniel,835.14,2016,12
593,2016-12-07,Cleotilde Booth,Sugar Land,Surly Wednesday Frameset - 2016,Mountain Bikes,Surly,2,999.99,0.1,Rowlett Bikes,Kali Vargas,1799.982,2016,12
593,2016-12-07,Cleotilde Booth,Sugar Land,Electra Townie Original 7D - 2015/2016,Comfort Bicycles,Electra,1,499.99,0.07,Rowlett Bikes,Kali Vargas,464.9907,2016,12
594,2016-12-07,Tisha Petty,San Antonio,Electra Townie Original 7D EQ - 2016,Comfort Bicycles,Electra,1,599.99,0.1,Rowlett Bikes,Kali Vargas,539.991,2016,12
594,2016-12-07,Tisha Petty,San Antonio,Electra Cruiser 1 (24-Inch) - 2016,Children Bicycles,Electra,2,269.99,0.05,Rowlett Bikes,Kali Vargas,512.981,2016,12
595,2016-12-08,Sherie Ayala,South El Monte,Trek Fuel EX 8 29 - 2016,Mountain Bikes,Trek,1,2899.99,0.07,Santa Cruz Bikes,Mireya Copeland,2696.9907,2016,12
595,2016-12-08,Sherie Ayala,South El Monte,Pure Cycles William 3-Speed - 2016,Cruisers Bicycles,Pure Cycles,2,449.0,0.07,Santa Cruz Bikes,Mireya Copeland,835.14,2016,12
595,2016-12-08,Sherie Ayala,South El Monte,Surly Wednesday Frameset - 2016,Mountain Bikes,Surly,1,999.99,0.07,Santa Cruz Bikes,Mireya Copeland,929.9907,2016,12
595,2016-12-08,Sherie Ayala,South El Monte,Surly Straggler - 2016,Cyclocross Bicycles,Surly,1,1549.0,0.07,Santa Cruz Bikes,Mireya Copeland,1440.57,2016,12
595,2016-12-08,Sherie Ayala,South El Monte,Electra Townie Original 7D EQ - 2016,Comfort Bicycles,Electra,2,599.99,0.05,Santa Cruz Bikes,Mireya Copeland,1139.981,2016,12
596,2016-12-08,Aileen Marquez,Torrance,Heller Shagamaw Frame - 2016,Mountain Bikes,Heller,1,1320.99,0.05,Santa Cruz Bikes,Genna Serrano,1254.9405,2016,12
596,2016-12-08,Aileen Marquez,Torrance,Electra Girl's Hawaii 1 (20-inch) - 2015/2016,Children Bicycles,Electra,2,299.99,0.1,Santa Cruz Bikes,Genna Serrano,539.9820000000001,2016,12
596,2016-12-08,Aileen Marquez,Torrance,Trek Conduit+ - 2016,Electric Bikes,Trek,1,2999.99,0.05,Santa Cruz Bikes,Genna Serrano,2849.9905,2016,12
597,2016-12-08,Shasta Combs,Yorktown Heights,Pure Cycles Vine 8-Speed - 2016,Cruisers Bicycles,Pure Cycles,2,429.0,0.2,Baldwin Bikes,Marcelene Boyer,686.4000000000001,2016,12
597,2016-12-08,Shasta Combs,Yorktown Heights,Trek Remedy 29 Carbon Frameset - 2016,Mountain Bikes,Trek,1,1799.99,0.07,Baldwin Bikes,Marcelene Boyer,1673.9906999999998,2016,12
598,2016-12-09,Ronna Butler,Encino,Trek Fuel EX 8 29 - 2016,Mountain Bikes,Trek,2,2899.99,0.05,Santa Cruz Bikes,Genna Serrano,5509.981,2016,12
598,2016-12-09,Ronna Butler,Encino,Electra Townie Original 7D EQ - 2016,Cruisers Bicycles,Electra,2,599.99,0.07,Santa Cruz Bikes,Genna Serrano,1115.9814,2016,12
598,2016-12-09,Ronna Butler,Encino,Electra Girl's Hawaii 1 (16-inch) - 2015/2016,Cruisers Bicycles,Electra,1,269.99,0.1,Santa Cruz Bikes,Genna Serrano,242.991,2016,12
599,2016-12-09,Debra Burks,Orchard Park,Trek Conduit+ - 2016,Electric Bikes,Trek,2,2999.99,0.05,Baldwin Bikes,Marcelene Boyer,5699.981,2016,12
599,2016-12-09,Debra Burks,Orchard Park,Electra Girl's Hawaii 1 (16-inch) - 2015/2016,Children Bicycles,Electra,2,269.99,0.2,Baldwin Bikes,Marcelene Boyer,431.98400000000004,2016,12
599,2016-12-09,Debra Burks,Orchard Park,Electra Girl's Hawaii 1 (20-inch) - 2015/2016,Children Bicycles,Electra,1,299.99,0.07,Baldwin Bikes,Marcelene Boyer,278.9907,2016,12
599,2016-12-09,Debra Burks,Orchard Park,Surly Straggler - 2016,Cyclocross Bicycles,Surly,2,1549.0,0.1,Baldwin Bikes,Marcelene Boyer,2788.2000000000003,2016,12
600,2016-12-09,Sharika Colon,Long Beach,Electra Townie Original 7D EQ - 2016,Comfort Bicycles,Electra,2,599.99,0.07,Baldwin Bikes,Venita Daniel,1115.9814,2016,12
600,2016-12-09,Sharika Colon,Long Beach,Trek Fuel EX 8 29 - 2016,Mountain Bikes,Trek,1,2899.99,0.2,Baldwin Bikes,Venita Daniel,2319.9919999999997,2016,12
600,2016-12-09,Sharika Colon,Long Beach,Pure Cycles Western 3-Speed - Women's - 2015/2016,Cruisers Bicycles,Pure Cycles,2,449.0,0.07,Baldwin Bikes,Venita Daniel,835.14,2016,12
601,2016-12-09,Amparo Burks,Merrick,Electra Townie Original 21D - 2016,Cruisers Bicycles,Electra,2,549.99,0.2,Baldwin Bikes,Marcelene Boyer,879.984,2016,12
602,2016-12-09,Tina Bush,Maspeth,Electra Moto 1 - 2016,Cruisers Bicycles,Electra,2,529.99,0.05,Baldwin Bikes,Marcelene Boyer,1006.981,2016,12
602,2016-12-09,Tina Bush,Maspeth,Heller Shagamaw Frame - 2016,Mountain Bikes,Heller,2,1320.99,0.07,Baldwin Bikes,Marcelene Boyer,2457.0414,2016,12
603,2016-12-09,Vernon Knowles,Huntington Station,Electra Townie Original 21D - 2016,Cruisers Bicycles,Electra,1,549.99,0.07,Baldwin Bikes,Venita Daniel,511.49069999999995,2016,12
603,2016-12-09,Vernon Knowles,Huntington Station,Trek Fuel EX 8 29 - 2016,Mountain Bikes,Trek,1,2899.99,0.1,Baldwin Bikes,Venita Daniel,2609.991,2016,12
604,2016-12-10,Floretta Higgins,Bayside,Surly Straggler - 2016,Cyclocross Bicycles,Surly,2,1549.0,0.07,Baldwin Bikes,Venita Daniel,2881.14,2016,12
604,2016-12-10,Floretta Higgins,Bayside,Trek Conduit+ - 2016,Electric Bikes,Trek,2,2999.99,0.2,Baldwin Bikes,Venita Daniel,4799.9839999999995,2016,12
605,2016-12-10,Leila Barr,Carmel,Pure Cycles William 3-Speed - 2016,Cruisers Bicycles,Pure Cycles,1,449.0,0.07,Baldwin Bikes,Marcelene Boyer,417.57,2016,12
605,2016-12-10,Leila Barr,Carmel,Electra Townie Original 7D - 2015/2016,Comfort Bicycles,Electra,2,499.99,0.05,Baldwin Bikes,Marcelene Boyer,949.981,2016,12
605,2016-12-10,Leila Barr,Carmel,Electra Cruiser 1 (24-Inch) - 2016,Cruisers Bicycles,Electra,2,269.99,0.2,Baldwin Bikes,Marcelene Boyer,431.98400000000004,2016,12
605,2016-12-10,Leila Barr,Carmel,Surly Straggler 650b - 2016,Cyclocross Bicycles,Surly,1,1680.99,0.2,Baldwin Bikes,Marcelene Boyer,1344.7920000000001,2016,12
606,2016-12-11,Georgetta Hardin,Canandaigua,Surly Ice Cream Truck Frameset - 2016,Mountain Bikes,Surly,2,469.99,0.2,Baldwin Bikes,Venita Daniel,751.984,2016,12
606,2016-12-11,Georgetta Hardin,Canandaigua,Pure Cycles Western 3-Speed - Women's - 2015/2016,Cruisers Bicycles,Pure Cycles,2,449.0,0.05,Baldwin Bikes,Venita Daniel,853.0999999999999,2016,12
607,2016-12-11,Anderson Martin,Canandaigua,Surly Straggler 650b - 2016,Cyclocross Bicycles,Surly,2,1680.99,0.2,Baldwin Bikes,Marcelene Boyer,2689.5840000000003,2016,12
607,2016-12-11,Anderson Martin,Canandaigua,Electra Townie Original 7D EQ - 2016,Comfort Bicycles,Electra,2,599.99,0.2,Baldwin Bikes,Marcelene Boyer,959.984,2016,12
607,2016-12-11,Anderson Martin,Canandaigua,Electra Girl's Hawaii 1 (16-inch) - 2015/2016,Cruisers Bicycles,Electra,1,269.99,0.07,Baldwin Bikes,Marcelene Boyer,251.0907,2016,12
608,2016-12-12,Ardelia Cooley,Canyon Country,Trek Fuel EX 8 29 - 2016,Mountain Bikes,Trek,2,2899.99,0.2,Santa Cruz Bikes,Genna Serrano,4639.9839999999995,2016,12
608,2016-12-12,Ardelia Cooley,Canyon Country,Trek Slash 8 27.5 - 2016,Mountain Bikes,Trek,2,3999.99,0.1,Santa Cruz Bikes,Genna Serrano,7199.982,2016,12
608,2016-12-12,Ardelia Cooley,Canyon Country,Electra Townie Original 21D - 2016,Comfort Bicycles,Electra,1,549.99,0.1,Santa Cruz Bikes,Genna Serrano,494.99100000000004,2016,12
609,2016-12-12,Stefani Gamble,New City,Surly Straggler - 2016,Cyclocross Bicycles,Surly,1,1549.0,0.07,Baldwin Bikes,Venita Daniel,1440.57,2016,12
609,2016-12-12,Stefani Gamble,New City,Trek Slash 8 27.5 - 2016,Mountain Bikes,Trek,1,3999.99,0.1,Baldwin Bikes,Venita Daniel,3599.991,2016,12
609,2016-12-12,Stefani Gamble,New City,Electra Girl's Hawaii 1 (16-inch) - 2015/2016,Children Bicycles,Electra,2,269.99,0.1,Baldwin Bikes,Venita Daniel,485.982,2016,12
609,2016-12-12,Stefani Gamble,New City,Heller Shagamaw Frame - 2016,Mountain Bikes,Heller,1,1320.99,0.1,Baldwin Bikes,Venita Daniel,1188.891,2016,12
610,2016-12-13,Jovita Bishop,Staten Island,Electra Townie Original 7D EQ - 2016,Comfort Bicycles,Electra,1,599.99,0.1,Baldwin Bikes,Marcelene Boyer,539.991,2016,12
610,2016-12-13,Jovita Bishop,Staten Island,Electra Townie Original 21D - 2016,Comfort Bicycles,Electra,1,549.99,0.07,Baldwin Bikes,Marcelene Boyer,511.49069999999995,2016,12
610,2016-12-13,Jovita Bishop,Staten Island,Pure Cycles Western 3-Speed - Women's - 2015/2016,Cruisers Bicycles,Pure Cycles,2,449.0,0.07,Baldwin Bikes,Marcelene Boyer,835.14,2016,12
610,2016-12-13,Jovita Bishop,Staten Island,Surly Wednesday Frameset - 2016,Mountain Bikes,Surly,1,999.99,0.07,Baldwin Bikes,Marcelene Boyer,929.9907,2016,12
610,2016-12-13,Jovita Bishop,Staten Island,Trek Remedy 29 Carbon Frameset - 2016,Mountain Bikes,Trek,1,1799.99,0.1,Baldwin Bikes,Marcelene Boyer,1619.991,2016,12
611,2016-12-15,Leeanne Cross,Bayside,Electra Townie Original 7D EQ - 2016,Cruisers Bicycles,Electra,2,599.99,0.07,Baldwin Bikes,Venita Daniel,1115.9814,2016,12
612,2016-12-16,Taylor Cole,Carmel,Electra Cruiser 1 (24-Inch) - 2016,Cruisers Bicycles,Electra,1,269.99,0.1,Baldwin Bikes,Venita Daniel,242.991,2016,12
612,2016-12-16,Taylor Cole,Carmel,Electra Girl's Hawaii 1 (16-inch) - 2015/2016,Cruisers Bicycles,Electra,1,269.99,0.1,Baldwin Bikes,Venita Daniel,242.991,2016,12
612,2016-12-16,Taylor Cole,Carmel,Pure Cycles Vine 8-Speed - 2016,Cruisers Bicycles,Pure Cycles,1,429.0,0.07,Baldwin Bikes,Venita Daniel,398.96999999999997,2016,12
612,2016-12-16,Taylor Cole,Carmel,Electra Townie Original 7D EQ - Women's - 2016,Cruisers Bicycles,Electra,1,599.99,0.2,Baldwin Bikes,Venita Daniel,479.992,2016,12
613,2016-12-17,Charlene Norris,Syosset,Trek Conduit+ - 2016,Electric Bikes,Trek,2,2999.99,0.1,Baldwin Bikes,Venita Daniel,5399.982,2016,12
613,2016-12-17,Charlene Norris,Syosset,Pure Cycles Western 3-Speed - Women's - 2015/2016,Cruisers Bicycles,Pure Cycles,2,449.0,0.05,Baldwin Bikes,Venita Daniel,853.0999999999999,2016,12
613,2016-12-17,Charlene Norris,Syosset,Electra Townie Original 21D - 2016,Cruisers Bicycles,Electra,1,549.99,0.07,Baldwin Bikes,Venita Daniel,511.49069999999995,2016,12
614,2016-12-18,Eun Harris,San Diego,Pure Cycles Western 3-Speed - Women's - 2015/2016,Cruisers Bicycles,Pure Cycles,1,449.0,0.1,Santa Cruz Bikes,Mireya Copeland,404.1,2016,12
614,2016-12-18,Eun Harris,San Diego,Electra Cruiser 1 (24-Inch) - 2016,Children Bicycles,Electra,1,269.99,0.05,Santa Cruz Bikes,Mireya Copeland,256.4905,2016,12
615,2016-12-19,Tricia Daniels,Forney,Surly Straggler 650b - 2016,Cyclocross Bicycles,Surly,1,1680.99,0.07,Rowlett Bikes,Layla Terrell,1563.3207,2016,12
615,2016-12-19,Tricia Daniels,Forney,Electra Girl's Hawaii 1 (20-inch) - 2015/2016,Children Bicycles,Electra,1,299.99,0.05,Rowlett Bikes,Layla Terrell,284.9905,2016,12
615,2016-12-19,Tricia Daniels,Forney,Surly Ice Cream Truck Frameset - 2016,Mountain Bikes,Surly,2,469.99,0.1,Rowlett Bikes,Layla Terrell,845.9820000000001,2016,12
615,2016-12-19,Tricia Daniels,Forney,Pure Cycles William 3-Speed - 2016,Cruisers Bicycles,Pure Cycles,2,449.0,0.1,Rowlett Bikes,Layla Terrell,808.2,2016,12
616,2016-12-20,Ivette Estes,Canandaigua,Electra Townie Original 21D - 2016,Comfort Bicycles,Electra,1,549.99,0.2,Baldwin Bikes,Marcelene Boyer,439.992,2016,12
616,2016-12-20,Ivette Estes,Canandaigua,Electra Townie Original 7D EQ - 2016,Cruisers Bicycles,Electra,2,599.99,0.2,Baldwin Bikes,Marcelene Boyer,959.984,2016,12
617,2016-12-21,Le Wood,Pittsford,Electra Moto 1 - 2016,Cruisers Bicycles,Electra,2,529.99,0.2,Baldwin Bikes,Venita Daniel,847.984,2016,12
617,2016-12-21,Le Wood,Pittsford,Surly Straggler 650b - 2016,Cyclocross Bicycles,Surly,2,1680.99,0.07,Baldwin Bikes,Venita Daniel,3126.6414,2016,12
618,2016-12-21,Tanesha Hampton,Syosset,Pure Cycles Vine 8-Speed - 2016,Cruisers Bicycles,Pure Cycles,2,429.0,0.1,Baldwin Bikes,Marcelene Boyer,772.2,2016,12
618,2016-12-21,Tanesha Hampton,Syosset,Surly Straggler 650b - 2016,Cyclocross Bicycles,Surly,1,1680.99,0.07,Baldwin Bikes,Marcelene Boyer,1563.3207,2016,12
619,2016-12-22,Terese Palmer,Bay Shore,Electra Townie Original 7D - 2015/2016,Comfort Bicycles,Electra,1,499.99,0.07,Baldwin Bikes,Venita Daniel,464.9907,2016,12
620,2016-12-22,Collen Hayes,Smithtown,Heller Shagamaw Frame - 2016,Mountain Bikes,Heller,2,1320.99,0.2,Baldwin Bikes,Marcelene Boyer,2113.5840000000003,2016,12
621,2016-12-23,Anton Barton,Buffalo,Pure Cycles Vine 8-Speed - 2016,Cruisers Bicycles,Pure Cycles,2,429.0,0.07,Baldwin Bikes,Marcelene Boyer,797.9399999999999,2016,12
622,2016-12-23,Nevada Hood,Hopewell Junction,Trek Conduit+ - 2016,Electric Bikes,Trek,2,2999.99,0.07,Baldwin Bikes,Venita Daniel,5579.9814,2016,12
622,2016-12-23,Nevada Hood,Hopewell Junction,Pure Cycles Western 3-Speed - Women's - 2015/2016,Cruisers Bicycles,Pure Cycles,1,449.0,0.1,Baldwin Bikes,Venita Daniel,404.1,2016,12
622,2016-12-23,Nevada Hood,Hopewell Junction,Surly Straggler - 2016,Cyclocross Bicycles,Surly,1,1549.0,0.2,Baldwin Bikes,Venita Daniel,1239.2,2016,12
622,2016-12-23,Nevada Hood,Hopewell Junction,Electra Townie Original 7D - 2015/2016,Comfort Bicycles,Electra,1,499.99,0.07,Baldwin Bikes,Venita Daniel,464.9907,2016,12
623,2016-12-24,Myron Johns,Whitestone,Trek Remedy 29 Carbon Frameset - 2016,Mountain Bikes,Trek,1,1799.99,0.07,Baldwin Bikes,Marcelene Boyer,1673.9906999999998,2016,12
624,2016-12-24,Ghislaine Compton,Lindenhurst,Electra Cruiser 1 (24-Inch) - 2016,Children Bicycles,Electra,2,269.99,0.05,Baldwin Bikes,Marcelene Boyer,512.981,2016,12
624,2016-12-24,Ghislaine Compton,Lindenhurst,Electra Townie Original 7D EQ - 2016,Cruisers Bicycles,Electra,1,599.99,0.07,Baldwin Bikes,Marcelene Boyer,557.9907,2016,12
624,2016-12-24,Ghislaine Compton,Lindenhurst,Electra Girl's Hawaii 1 (16-inch) - 2015/2016,Children Bicycles,Electra,1,269.99,0.07,Baldwin Bikes,Marcelene Boyer,251.0907,2016,12
624,2016-12-24,Ghislaine Compton,Lindenhurst,Electra Girl's Hawaii 1 (16-inch) - 2015/2016,Cruisers Bicycles,Electra,2,269.99,0.2,Baldwin Bikes,Marcelene Boyer,431.98400000000004,2016,12
625,2016-12-25,Carmela Hays,Lawndale,Pure Cycles Vine 8-Speed - 2016,Cruisers Bicycles,Pure Cycles,1,429.0,0.07,Santa Cruz Bikes,Mireya Copeland,398.96999999999997,2016,12
625,2016-12-25,Carmela Hays,Lawndale,Surly Straggler 650b - 2016,Cyclocross Bicycles,Surly,2,1680.99,0.2,Santa Cruz Bikes,Mireya Copeland,2689.5840000000003,2016,12
625,2016-12-25,Carmela Hays,Lawndale,Electra Townie Original 7D EQ - 2016,Comfort Bicycles,Electra,1,599.99,0.07,Santa Cruz Bikes,Mireya Copeland,557.9907,2016,12
625,2016-12-25,Carmela Hays,Lawndale,Electra Girl's Hawaii 1 (20-inch) - 2015/2016,Children Bicycles,Electra,2,299.99,0.1,Santa Cruz Bikes,Mireya Copeland,539.9820000000001,2016,12
626,2016-12-25,Wes Stanton,Troy,Electra Moto 1 - 2016,Cruisers Bicycles,Electra,1,529.99,0.2,Baldwin Bikes,Venita Daniel,423.992,2016,12
627,2016-12-25,Tora Dunlap,Monsey,Pure Cycles William 3-Speed - 2016,Cruisers Bicycles,Pure Cycles,1,449.0,0.07,Baldwin Bikes,Marcelene Boyer,417.57,2016,12
627,2016-12-25,Tora Dunlap,Monsey,Trek Conduit+ - 2016,Electric Bikes,Trek,2,2999.99,0.2,Baldwin Bikes,Marcelene Boyer,4799.9839999999995,2016,12
627,2016-12-25,Tora Dunlap,Monsey,Electra Townie Original 7D EQ - 2016,Comfort Bicycles,Electra,1,599.99,0.07,Baldwin Bikes,Marcelene Boyer,557.9907,2016,12
628,2016-12-26,Kandace Hughes,San Lorenzo,Electra Moto 1 - 2016,Cruisers Bicycles,Electra,2,529.99,0.1,Santa Cruz Bikes,Genna Serrano,953.9820000000001,2016,12
629,2016-12-26,Margaretta Clayton,Ridgecrest,Pure Cycles William 3-Speed - 2016,Cruisers Bicycles,Pure Cycles,1,449.0,0.05,Santa Cruz Bikes,Mireya Copeland,426.54999999999995,2016,12
629,2016-12-26,Margaretta Clayton,Ridgecrest,Heller Shagamaw Frame - 2016,Mountain Bikes,Heller,2,1320.99,0.05,Santa Cruz Bikes,Mireya Copeland,2509.881,2016,12
629,2016-12-26,Margaretta Clayton,Ridgecrest,Electra Girl's Hawaii 1 (20-inch) - 2015/2016,Children Bicycles,Electra,2,299.99,0.1,Santa Cruz Bikes,Mireya Copeland,539.9820000000001,2016,12
629,2016-12-26,Margaretta Clayton,Ridgecrest,Electra Girl's Hawaii 1 (16-inch) - 2015/2016,Cruisers Bicycles,Electra,2,269.99,0.05,Santa Cruz Bikes,Mireya Copeland,512.981,2016,12
629,2016-12-26,Margaretta Clayton,Ridgecrest,Surly Ice Cream Truck Frameset - 2016,Mountain Bikes,Surly,2,469.99,0.1,Santa Cruz Bikes,Mireya Copeland,845.9820000000001,2016,12
630,2016-12-26,Loyce Conway,Central Islip,Heller Shagamaw Frame - 2016,Mountain Bikes,Heller,1,1320.99,0.05,Baldwin Bikes,Marcelene Boyer,1254.9405,2016,12
630,2016-12-26,Loyce Conway,Central Islip,Electra Townie Original 7D - 2015/2016,Comfort Bicycles,Electra,1,499.99,0.1,Baldwin Bikes,Marcelene Boyer,449.99100000000004,2016,12
630,2016-12-26,Loyce Conway,Central Islip,Pure Cycles Western 3-Speed - Women's - 2015/2016,Cruisers Bicycles,Pure Cycles,2,449.0,0.1,Baldwin Bikes,Marcelene Boyer,808.2,2016,12
630,2016-12-26,Loyce Conway,Central Islip,Electra Cruiser 1 (24-Inch) - 2016,Children Bicycles,Electra,2,269.99,0.07,Baldwin Bikes,Marcelene Boyer,502.1814,2016,12
631,2016-12-27,Lean Stark,Upland,Electra Townie Original 21D - 2016,Comfort Bicycles,Electra,2,549.99,0.07,Santa Cruz Bikes,Genna Serrano,1022.9813999999999,2016,12
631,2016-12-27,Lean Stark,Upland,Electra Moto 1 - 2016,Cruisers Bicycles,Electra,2,529.99,0.07,Santa Cruz Bikes,Genna Serrano,985.7814,2016,12
632,2016-12-27,Margert Stevens,Rome,Electra Townie Original 7D - 2015/2016,Comfort Bicycles,Electra,1,499.99,0.2,Baldwin Bikes,Venita Daniel,399.992,2016,12
632,2016-12-27,Margert Stevens,Rome,Surly Straggler 650b - 2016,Cyclocross Bicycles,Surly,2,1680.99,0.1,Baldwin Bikes,Venita Daniel,3025.782,2016,12
632,2016-12-27,Margert Stevens,Rome,Electra Moto 1 - 2016,Cruisers Bicycles,Electra,1,529.99,0.07,Baldwin Bikes,Venita Daniel,492.8907,2016,12
632,2016-12-27,Margert Stevens,Rome,Surly Ice Cream Truck Frameset - 2016,Mountain Bikes,Surly,1,469.99,0.05,Baldwin Bikes,Venita Daniel,446.4905,2016,12
632,2016-12-27,Margert Stevens,Rome,Electra Girl's Hawaii 1 (16-inch) - 2015/2016,Children Bicycles,Electra,2,269.99,0.1,Baldwin Bikes,Venita Daniel,485.982,2016,12
633,2016-12-28,Shantae Hammond,Victoria,Electra Townie Original 21D - 2016,Cruisers Bicycles,Electra,2,549.99,0.05,Rowlett Bikes,Kali Vargas,1044.981,2016,12
633,2016-12-28,Shantae Hammond,Victoria,Electra Cruiser 1 (24-Inch) - 2016,Cruisers Bicycles,Electra,2,269.99,0.2,Rowlett Bikes,Kali Vargas,431.98400000000004,2016,12
633,2016-12-28,Shantae Hammond,Victoria,Heller Shagamaw Frame - 2016,Mountain Bikes,Heller,2,1320.99,0.2,Rowlett Bikes,Kali Vargas,2113.5840000000003,2016,12
633,2016-12-28,Shantae Hammond,Victoria,Surly Straggler - 2016,Cyclocross Bicycles,Surly,2,1549.0,0.2,Rowlett Bikes,Kali Vargas,2478.4,2016,12
634,2016-12-29,Santos Valencia,Sunnyside,Trek Fuel EX 8 29 - 2016,Mountain Bikes,Trek,2,2899.99,0.05,Baldwin Bikes,Marcelene Boyer,5509.981,2016,12
634,2016-12-29,Santos Valencia,Sunnyside,Electra Townie Original 21D - 2016,Cruisers Bicycles,Electra,1,549.99,0.1,Baldwin Bikes,Marcelene Boyer,494.99100000000004,2016,12
635,2016-12-30,Andreas Herman,Mount Vernon,Trek Fuel EX 8 29 - 2016,Mountain Bikes,Trek,1,2899.99,0.05,Baldwin Bikes,Marcelene Boyer,2754.9905,2016,12
636,2017-01-03,Mia Delgado,Coachella,Haro Downtown 16 - 2017,Children Bicycles,Haro,2,329.99,0.2,Santa Cruz Bikes,Mireya Copeland,527.984,2017,1
637,2017-01-03,Hee Greer,Selden,Trek Conduit+ - 2016,Electric Bikes,Trek,1,2999.99,0.1,Baldwin Bikes,Marcelene Boyer,2699.991,2017,1
637,2017-01-03,Hee Greer,Selden,Sun Bicycles Cruz 3 - 2017,Comfort Bicycles,Sun Bicycles,2,449.99,0.1,Baldwin Bikes,Marcelene Boyer,809.9820000000001,2017,1
638,2017-01-04,Verda Gilbert,East Northport,Sun Bicycles Streamway 3 - 2017,Comfort Bicycles,Sun Bicycles,1,551.99,0.05,Baldwin Bikes,Venita Daniel,524.3905,2017,1
638,2017-01-04,Verda Gilbert,East Northport,Trek Domane SLR 6 Disc - 2017,Road Bikes,Trek,1,5499.99,0.2,Baldwin Bikes,Venita Daniel,4399.992,2017,1
638,2017-01-04,Verda Gilbert,East Northport,Surly Ogre Frameset - 2017,Road Bikes,Surly,2,749.99,0.05,Baldwin Bikes,Venita Daniel,1424.981,2017,1
639,2017-01-06,Felicidad Golden,Lockport,Electra Moto 1 - 2016,Cruisers Bicycles,Electra,1,529.99,0.07,Baldwin Bikes,Marcelene Boyer,492.8907,2017,1
639,2017-01-06,Felicidad Golden,Lockport,Sun Bicycles Brickell Tandem 7 - 2017,Cruisers Bicycles,Sun Bicycles,1,749.99,0.05,Baldwin Bikes,Marcelene Boyer,712.4905,2017,1
639,2017-01-06,Felicidad Golden,Lockport,Sun Bicycles Biscayne Tandem 7 - 2017,Cruisers Bicycles,Sun Bicycles,1,619.99,0.05,Baldwin Bikes,Marcelene Boyer,588.9905,2017,1
639,2017-01-06,Felicidad Golden,Lockport,Trek Powerfly 8 FS Plus - 2017,Electric Bikes,Trek,2,4999.99,0.1,Baldwin Bikes,Marcelene Boyer,8999.982,2017,1
640,2017-01-06,Alejandrina Hodges,Deer Park,Sun Bicycles Cruz 3 - 2017,Comfort Bicycles,Sun Bicycles,2,449.99,0.05,Baldwin Bikes,Marcelene Boyer,854.981,2017,1
640,2017-01-06,Alejandrina Hodges,Deer Park,Trek Farley Alloy Frameset - 2017,Mountain Bikes,Trek,1,469.99,0.07,Baldwin Bikes,Marcelene Boyer,437.09069999999997,2017,1
640,2017-01-06,Alejandrina Hodges,Deer Park,Surly Ice Cream Truck Frameset - 2017,Mountain Bikes,Surly,1,999.99,0.07,Baldwin Bikes,Marcelene Boyer,929.9907,2017,1
640,2017-01-06,Alejandrina Hodges,Deer Park,"Electra Girl's Hawaii 1 16"" - 2017",Cruisers Bicycles,Electra,2,299.99,0.07,Baldwin Bikes,Marcelene Boyer,557.9814,2017,1
640,2017-01-06,Alejandrina Hodges,Deer Park,Sun Bicycles Cruz 7 - Women's - 2017,Comfort Bicycles,Sun Bicycles,2,416.99,0.2,Baldwin Bikes,Marcelene Boyer,667.1840000000001,2017,1
641,2017-01-07,Adam Henderson,Los Banos,Electra Moto 1 - 2016,Cruisers Bicycles,Electra,1,529.99,0.05,Santa Cruz Bikes,Genna Serrano,503.4905,2017,1
641,2017-01-07,Adam Henderson,Los Banos,Trek Boone 7 - 2017,Cyclocross Bicycles,Trek,1,3499.99,0.2,Santa Cruz Bikes,Genna Serrano,2799.992,2017,1
641,2017-01-07,Adam Henderson,Los Banos,Electra Townie Original 7D - 2017,Cruisers Bicycles,Electra,1,489.99,0.2,Santa Cruz Bikes,Genna Serrano,391.992,2017,1
642,2017-01-07,Lizette Ellison,Port Washington,Sun Bicycles Cruz 3 - 2017,Cruisers Bicycles,Sun Bicycles,2,449.99,0.07,Baldwin Bikes,Venita Daniel,836.9814,2017,1
643,2017-01-08,Lonna Franks,Ontario,Surly Ogre Frameset - 2017,Road Bikes,Surly,1,749.99,0.05,Santa Cruz Bikes,Genna Serrano,712.4905,2017,1
644,2017-01-08,Sunshine Rosario,Jamaica,Trek Conduit+ - 2016,Electric Bikes,Trek,1,2999.99,0.07,Baldwin Bikes,Marcelene Boyer,2789.9907,2017,1
645,2017-01-08,Consuela Collier,North Tonawanda,Electra Sugar Skulls 1 (20-inch) - Girl's - 2017,Children Bicycles,Electra,1,299.99,0.07,Baldwin Bikes,Marcelene Boyer,278.9907,2017,1
645,2017-01-08,Consuela Collier,North Tonawanda,Trek Fuel EX 5 27.5 Plus - 2017,Mountain Bikes,Trek,2,2299.99,0.05,Baldwin Bikes,Marcelene Boyer,4369.981,2017,1
645,2017-01-08,Consuela Collier,North Tonawanda,Surly Ice Cream Truck Frameset - 2016,Mountain Bikes,Surly,1,469.99,0.05,Baldwin Bikes,Marcelene Boyer,446.4905,2017,1
645,2017-01-08,Consuela Collier,North Tonawanda,Trek Remedy 9.8 - 2017,Mountain Bikes,Trek,2,5299.99,0.07,Baldwin Bikes,Marcelene Boyer,9857.981399999999,2017,1
645,2017-01-08,Consuela Collier,North Tonawanda,Electra Cruiser 1 (24-Inch) - 2016,Children Bicycles,Electra,2,269.99,0.07,Baldwin Bikes,Marcelene Boyer,502.1814,2017,1
646,2017-01-09,Annis Sanchez,Los Angeles,Electra Moto 1 - 2016,Cruisers Bicycles,Electra,2,529.99,0.2,Santa Cruz Bikes,Mireya Copeland,847.984,2017,1
646,2017-01-09,Annis Sanchez,Los Angeles,Trek Fuel EX 8 29 - 2016,Mountain Bikes,Trek,1,2899.99,0.07,Santa Cruz Bikes,Mireya Copeland,2696.9907,2017,1
646,2017-01-09,Annis Sanchez,Los Angeles,"Electra Girl's Hawaii 1 16"" - 2017",Children Bicycles,Electra,1,299.99,0.05,Santa Cruz Bikes,Mireya Copeland,284.9905,2017,1
646,2017-01-09,Annis Sanchez,Los Angeles,Electra Townie Original 21D - 2016,Cruisers Bicycles,Electra,1,549.99,0.2,Santa Cruz Bikes,Mireya Copeland,439.992,2017,1
647,2017-01-09,Jaimee Day,Poughkeepsie,Electra Townie Original 7D - 2015/2016,Comfort Bicycles,Electra,2,499.99,0.07,Baldwin Bikes,Venita Daniel,929.9814,2017,1
647,2017-01-09,Jaimee Day,Poughkeepsie,Electra Cruiser 1 (24-Inch) - 2016,Cruisers Bicycles,Electra,1,269.99,0.1,Baldwin Bikes,Venita Daniel,242.991,2017,1
648,2017-01-09,Jenny Bell,Niagara Falls,Electra Townie Original 21D - 2016,Comfort Bicycles,Electra,1,549.99,0.07,Baldwin Bikes,Marcelene Boyer,511.49069999999995,2017,1
649,2017-01-10,Ara Vazquez,San Carlos,Electra Savannah 3i (20-inch) - Girl's - 2017,Children Bicycles,Electra,2,349.99,0.1,Santa Cruz Bikes,Genna Serrano,629.9820000000001,2017,1
649,2017-01-10,Ara Vazquez,San Carlos,Trek Precaliber 16 Girls - 2017,Children Bicycles,Trek,1,209.99,0.07,Santa Cruz Bikes,Genna Serrano,195.2907,2017,1
649,2017-01-10,Ara Vazquez,San Carlos,Surly Straggler 650b - 2016,Cyclocross Bicycles,Surly,2,1680.99,0.1,Santa Cruz Bikes,Genna Serrano,3025.782,2017,1
649,2017-01-10,Ara Vazquez,San Carlos,Sun Bicycles Biscayne Tandem CB - 2017,Cruisers Bicycles,Sun Bicycles,1,647.99,0.05,Santa Cruz Bikes,Genna Serrano,615.5905,2017,1
650,2017-01-11,Hue Dalton,Apple Valley,Surly Wednesday Frameset - 2016,Mountain Bikes,Surly,1,999.99,0.2,Santa Cruz Bikes,Mireya Copeland,799.9920000000001,2017,1
651,2017-01-11,Toya Pratt,Long Beach,Sun Bicycles Boardwalk (24-inch Wheels) - 2017,Cruisers Bicycles,Sun Bicycles,1,402.99,0.1,Baldwin Bikes,Venita Daniel,362.69100000000003,2017,1
651,2017-01-11,Toya Pratt,Long Beach,Haro Downtown 16 - 2017,Children Bicycles,Haro,1,329.99,0.05,Baldwin Bikes,Venita Daniel,313.4905,2017,1
651,2017-01-11,Toya Pratt,Long Beach,Electra Townie Original 7D - 2017,Comfort Bicycles,Electra,2,489.99,0.05,Baldwin Bikes,Venita Daniel,930.981,2017,1
651,2017-01-11,Toya Pratt,Long Beach,Haro Shredder Pro 20 - 2017,Children Bicycles,Haro,2,249.99,0.05,Baldwin Bikes,Venita Daniel,474.981,2017,1
652,2017-01-12,Milagros Weber,Harlingen,Electra Townie Original 7D - 2017,Comfort Bicycles,Electra,1,489.99,0.1,Rowlett Bikes,Layla Terrell,440.99100000000004,2017,1
652,2017-01-12,Milagros Weber,Harlingen,Trek Boone 7 - 2017,Cyclocross Bicycles,Trek,2,3499.99,0.2,Rowlett Bikes,Layla Terrell,5599.984,2017,1
652,2017-01-12,Milagros Weber,Harlingen,Sun Bicycles Revolutions 24 - Girl's - 2017,Cruisers Bicycles,Sun Bicycles,2,250.99,0.2,Rowlett Bikes,Layla Terrell,401.58400000000006,2017,1
652,2017-01-12,Milagros Weber,Harlingen,Electra Girl's Hawaii 1 (20-inch) - 2015/2016,Children Bicycles,Electra,1,299.99,0.1,Rowlett Bikes,Layla Terrell,269.99100000000004,2017,1
652,2017-01-12,Milagros Weber,Harlingen,Electra Cruiser Lux 1 - 2017,Cruisers Bicycles,Electra,1,439.99,0.05,Rowlett Bikes,Layla Terrell,417.9905,2017,1
653,2017-01-14,Barbra Dickerson,Ridgecrest,Surly Ice Cream Truck Frameset - 2016,Mountain Bikes,Surly,1,469.99,0.07,Santa Cruz Bikes,Mireya Copeland,437.09069999999997,2017,1
653,2017-01-14,Barbra Dickerson,Ridgecrest,Trek Fuel EX 9.8 27.5 Plus - 2017,Mountain Bikes,Trek,1,5299.99,0.1,Santa Cruz Bikes,Mireya Copeland,4769.991,2017,1
653,2017-01-14,Barbra Dickerson,Ridgecrest,Ritchey Timberwolf Frameset - 2016,Mountain Bikes,Ritchey,2,749.99,0.1,Santa Cruz Bikes,Mireya Copeland,1349.982,2017,1
653,2017-01-14,Barbra Dickerson,Ridgecrest,Sun Bicycles Brickell Tandem CB - 2017,Cruisers Bicycles,Sun Bicycles,1,761.99,0.2,Santa Cruz Bikes,Mireya Copeland,609.592,2017,1
653,2017-01-14,Barbra Dickerson,Ridgecrest,Trek Precaliber 12 Girls - 2017,Children Bicycles,Trek,2,189.99,0.07,Santa Cruz Bikes,Mireya Copeland,353.3814,2017,1
654,2017-01-14,Gilberto Sanders,Woodside,Trek Conduit+ - 2016,Electric Bikes,Trek,1,2999.99,0.1,Baldwin Bikes,Venita Daniel,2699.991,2017,1
654,2017-01-14,Gilberto Sanders,Woodside,"Electra Girl's Hawaii 1 16"" - 2017",Children Bicycles,Electra,1,299.99,0.1,Baldwin Bikes,Venita Daniel,269.99100000000004,2017,1
654,2017-01-14,Gilberto Sanders,Woodside,Sun Bicycles Drifter 7 - 2017,Comfort Bicycles,Sun Bicycles,2,470.99,0.07,Baldwin Bikes,Venita Daniel,876.0414,2017,1
654,2017-01-14,Gilberto Sanders,Woodside,Electra Savannah 3i (20-inch) - Girl's - 2017,Children Bicycles,Electra,2,349.99,0.07,Baldwin Bikes,Venita Daniel,650.9814,2017,1
655,2017-01-16,Kanesha Hudson,Oakland,Sun Bicycles Revolutions 24 - Girl's - 2017,Cruisers Bicycles,Sun Bicycles,1,250.99,0.1,Santa Cruz Bikes,Genna Serrano,225.89100000000002,2017,1
656,2017-01-16,Venessa Frost,Scarsdale,Trek Boy's Kickster - 2015/2017,Children Bicycles,Trek,1,149.99,0.1,Baldwin Bikes,Venita Daniel,134.991,2017,1
656,2017-01-16,Venessa Frost,Scarsdale,Electra Girl's Hawaii 1 (16-inch) - 2015/2016,Children Bicycles,Electra,1,269.99,0.07,Baldwin Bikes,Venita Daniel,251.0907,2017,1
656,2017-01-16,Venessa Frost,Scarsdale,Surly Wednesday Frameset - 2017,Mountain Bikes,Surly,2,469.99,0.05,Baldwin Bikes,Venita Daniel,892.981,2017,1
657,2017-01-17,Mable Pratt,Coachella,Surly Steamroller - 2017,Road Bikes,Surly,1,875.99,0.05,Santa Cruz Bikes,Mireya Copeland,832.1904999999999,2017,1
657,2017-01-17,Mable Pratt,Coachella,Trek Domane SL Disc Frameset - 2017,Road Bikes,Trek,2,3199.99,0.05,Santa Cruz Bikes,Mireya Copeland,6079.980999999999,2017,1
658,2017-01-17,Tonisha Fowler,Huntington Station,Trek Domane SL 6 - 2017,Road Bikes,Trek,2,3499.99,0.2,Baldwin Bikes,Venita Daniel,5599.984,2017,1
658,2017-01-17,Tonisha Fowler,Huntington Station,Trek X-Caliber 8 - 2017,Mountain Bikes,Trek,1,999.99,0.05,Baldwin Bikes,Venita Daniel,949.9905,2017,1
658,2017-01-17,Tonisha Fowler,Huntington Station,Trek Conduit+ - 2016,Electric Bikes,Trek,1,2999.99,0.05,Baldwin Bikes,Venita Daniel,2849.9905,2017,1
659,2017-01-17,Sheryl Chase,Floral Park,Trek Fuel EX 5 27.5 Plus - 2017,Mountain Bikes,Trek,2,2299.99,0.05,Baldwin Bikes,Venita Daniel,4369.981,2017,1
659,2017-01-17,Sheryl Chase,Floral Park,Trek Stache 5 - 2017,Mountain Bikes,Trek,2,1499.99,0.07,Baldwin Bikes,Venita Daniel,2789.9813999999997,2017,1
659,2017-01-17,Sheryl Chase,Floral Park,Electra Amsterdam Original 3i - 2015/2017,Cruisers Bicycles,Electra,1,659.99,0.05,Baldwin Bikes,Venita Daniel,626.9905,2017,1
659,2017-01-17,Sheryl Chase,Floral Park,Trek Powerfly 8 FS Plus - 2017,Electric Bikes,Trek,2,4999.99,0.07,Baldwin Bikes,Venita Daniel,9299.981399999999,2017,1
660,2017-01-18,Ashlee Pena,Whitestone,Surly Ice Cream Truck Frameset - 2017,Mountain Bikes,Surly,1,999.99,0.2,Baldwin Bikes,Venita Daniel,799.9920000000001,2017,1
660,2017-01-18,Ashlee Pena,Whitestone,Trek Domane S 5 Disc - 2017,Road Bikes,Trek,2,2599.99,0.07,Baldwin Bikes,Venita Daniel,4835.9814,2017,1
660,2017-01-18,Ashlee Pena,Whitestone,Trek Remedy 9.8 - 2017,Mountain Bikes,Trek,2,5299.99,0.05,Baldwin Bikes,Venita Daniel,10069.981,2017,1
660,2017-01-18,Ashlee Pena,Whitestone,Trek X-Caliber 8 - 2017,Mountain Bikes,Trek,2,999.99,0.2,Baldwin Bikes,Venita Daniel,1599.9840000000002,2017,1
661,2017-01-18,Leigh Burke,Schenectady,Trek Boone Race Shop Limited - 2017,Cyclocross Bicycles,Trek,2,3499.99,0.07,Baldwin Bikes,Marcelene Boyer,6509.981399999999,2017,1
661,2017-01-18,Leigh Burke,Schenectady,Electra Girl's Hawaii 1 (16-inch) - 2015/2016,Children Bicycles,Electra,2,269.99,0.05,Baldwin Bikes,Marcelene Boyer,512.981,2017,1
662,2017-01-19,Caleb England,Pleasanton,Trek Domane S 6 - 2017,Road Bikes,Trek,2,2699.99,0.1,Santa Cruz Bikes,Genna Serrano,4859.982,2017,1
662,2017-01-19,Caleb England,Pleasanton,"Electra Girl's Hawaii 1 16"" - 2017",Children Bicycles,Electra,2,299.99,0.2,Santa Cruz Bikes,Genna Serrano,479.98400000000004,2017,1
662,2017-01-19,Caleb England,Pleasanton,Electra Townie Original 7D - 2017,Comfort Bicycles,Electra,2,489.99,0.07,Santa Cruz Bikes,Genna Serrano,911.3814,2017,1
662,2017-01-19,Caleb England,Pleasanton,Electra Girl's Hawaii 1 (16-inch) - 2015/2016,Children Bicycles,Electra,1,269.99,0.07,Santa Cruz Bikes,Genna Serrano,251.0907,2017,1
662,2017-01-19,Caleb England,Pleasanton,Sun Bicycles Cruz 3 - 2017,Comfort Bicycles,Sun Bicycles,2,449.99,0.07,Santa Cruz Bikes,Genna Serrano,836.9814,2017,1
663,2017-01-20,Herta Rollins,Mountain View,Haro Shift R3 - 2017,Mountain Bikes,Haro,2,1469.99,0.05,Santa Cruz Bikes,Genna Serrano,2792.9809999999998,2017,1
663,2017-01-20,Herta Rollins,Mountain View,Pure Cycles Vine 8-Speed - 2016,Cruisers Bicycles,Pure Cycles,2,429.0,0.2,Santa Cruz Bikes,Genna Serrano,686.4000000000001,2017,1
663,2017-01-20,Herta Rollins,Mountain View,Haro Shredder Pro 20 - 2017,Children Bicycles,Haro,1,249.99,0.05,Santa Cruz Bikes,Genna Serrano,237.4905,2017,1
663,2017-01-20,Herta Rollins,Mountain View,Sun Bicycles Atlas X-Type - 2017,Cruisers Bicycles,Sun Bicycles,1,416.99,0.07,Santa Cruz Bikes,Genna Serrano,387.8007,2017,1
663,2017-01-20,Herta Rollins,Mountain View,Sun Bicycles Cruz 3 - 2017,Comfort Bicycles,Sun Bicycles,1,449.99,0.2,Santa Cruz Bikes,Genna Serrano,359.992,2017,1
664,2017-01-20,Reatha Perez,Holbrook,Surly Steamroller - 2017,Road Bikes,Surly,2,875.99,0.07,Baldwin Bikes,Venita Daniel,1629.3414,2017,1
664,2017-01-20,Reatha Perez,Holbrook,Heller Shagamaw Frame - 2016,Mountain Bikes,Heller,1,1320.99,0.07,Baldwin Bikes,Venita Daniel,1228.5207,2017,1
664,2017-01-20,Reatha Perez,Holbrook,Trek Silque SLR 7 Women's - 2017,Road Bikes,Trek,1,5999.99,0.2,Baldwin Bikes,Venita Daniel,4799.992,2017,1
664,2017-01-20,Reatha Perez,Holbrook,Electra Townie 7D (20-inch) - Boys' - 2017,Children Bicycles,Electra,2,339.99,0.2,Baldwin Bikes,Venita Daniel,543.984,2017,1
664,2017-01-20,Reatha Perez,Holbrook,Trek Remedy 9.8 - 2017,Mountain Bikes,Trek,1,5299.99,0.07,Baldwin Bikes,Venita Daniel,4928.990699999999,2017,1
665,2017-01-21,Syreeta Hendricks,Mahopac,Trek Madone 9.2 - 2017,Road Bikes,Trek,1,4999.99,0.07,Baldwin Bikes,Marcelene Boyer,4649.990699999999,2017,1
665,2017-01-21,Syreeta Hendricks,Mahopac,Trek Fuel EX 5 27.5 Plus - 2017,Mountain Bikes,Trek,2,2299.99,0.2,Baldwin Bikes,Marcelene Boyer,3679.984,2017,1
665,2017-01-21,Syreeta Hendricks,Mahopac,Electra Townie Original 7D - 2015/2016,Comfort Bicycles,Electra,2,499.99,0.05,Baldwin Bikes,Marcelene Boyer,949.981,2017,1
666,2017-01-21,Lavonda Stephenson,Bay Shore,Electra Straight 8 3i (20-inch) - Boy's - 2017,Children Bicycles,Electra,2,489.99,0.2,Baldwin Bikes,Venita Daniel,783.984,2017,1
666,2017-01-21,Lavonda Stephenson,Bay Shore,Trek Stache 5 - 2017,Mountain Bikes,Trek,1,1499.99,0.05,Baldwin Bikes,Venita Daniel,1424.9904999999999,2017,1
667,2017-01-22,Klara Kim,Rome,Sun Bicycles Boardwalk (24-inch Wheels) - 2017,Cruisers Bicycles,Sun Bicycles,1,402.99,0.2,Baldwin Bikes,Venita Daniel,322.39200000000005,2017,1
667,2017-01-22,Klara Kim,Rome,Sun Bicycles Lil Kitt'n - 2017,Children Bicycles,Sun Bicycles,1,109.99,0.1,Baldwin Bikes,Venita Daniel,98.991,2017,1
667,2017-01-22,Klara Kim,Rome,Surly Wednesday Frameset - 2016,Mountain Bikes,Surly,1,999.99,0.2,Baldwin Bikes,Venita Daniel,799.9920000000001,2017,1
667,2017-01-22,Klara Kim,Rome,Electra Sugar Skulls 1 (20-inch) - Girl's - 2017,Children Bicycles,Electra,1,299.99,0.1,Baldwin Bikes,Venita Daniel,269.99100000000004,2017,1
667,2017-01-22,Klara Kim,Rome,Haro Downtown 16 - 2017,Children Bicycles,Haro,1,329.99,0.05,Baldwin Bikes,Venita Daniel,313.4905,2017,1
668,2017-01-22,Christia Carson,Helotes,Trek Emonda S 4 - 2017,Road Bikes,Trek,2,1499.99,0.05,Rowlett Bikes,Kali Vargas,2849.9809999999998,2017,1
668,2017-01-22,Christia Carson,Helotes,Pure Cycles William 3-Speed - 2016,Cruisers Bicycles,Pure Cycles,2,449.0,0.1,Rowlett Bikes,Kali Vargas,808.2,2017,1
669,2017-01-23,Carolyne Conley,Floral Park,Electra Townie Original 7D EQ - 2016,Cruisers Bicycles,Electra,2,599.99,0.07,Baldwin Bikes,Venita Daniel,1115.9814,2017,1
669,2017-01-23,Carolyne Conley,Floral Park,Sun Bicycles Biscayne Tandem 7 - 2017,Cruisers Bicycles,Sun Bicycles,1,619.99,0.07,Baldwin Bikes,Venita Daniel,576.5907,2017,1
670,2017-01-24,Virgina Berg,Valley Stream,Sun Bicycles Cruz 3 - Women's - 2017,Comfort Bicycles,Sun Bicycles,1,449.99,0.1,Baldwin Bikes,Marcelene Boyer,404.99100000000004,2017,1
670,2017-01-24,Virgina Berg,Valley Stream,Surly Karate Monkey 27.5+ Frameset - 2017,Mountain Bikes,Surly,1,2499.99,0.07,Baldwin Bikes,Marcelene Boyer,2324.9907,2017,1
670,2017-01-24,Virgina Berg,Valley Stream,Sun Bicycles Streamway - 2017,Comfort Bicycles,Sun Bicycles,2,481.99,0.2,Baldwin Bikes,Marcelene Boyer,771.1840000000001,2017,1
670,2017-01-24,Virgina Berg,Valley Stream,Haro SR 1.2 - 2017,Mountain Bikes,Haro,2,869.99,0.05,Baldwin Bikes,Marcelene Boyer,1652.981,2017,1
671,2017-01-25,Elvia Cardenas,Massapequa,Surly Ice Cream Truck Frameset - 2017,Mountain Bikes,Surly,1,999.99,0.05,Baldwin Bikes,Venita Daniel,949.9905,2017,1
671,2017-01-25,Elvia Cardenas,Massapequa,Sun Bicycles Cruz 7 - 2017,Cruisers Bicycles,Sun Bicycles,1,416.99,0.05,Baldwin Bikes,Venita Daniel,396.1405,2017,1
671,2017-01-25,Elvia Cardenas,Massapequa,Trek Domane S 6 - 2017,Road Bikes,Trek,1,2699.99,0.2,Baldwin Bikes,Venita Daniel,2159.9919999999997,2017,1
671,2017-01-25,Elvia Cardenas,Massapequa,Trek Fuel EX 8 29 - 2016,Mountain Bikes,Trek,1,2899.99,0.07,Baldwin Bikes,Venita Daniel,2696.9907,2017,1
671,2017-01-25,Elvia Cardenas,Massapequa,Sun Bicycles Cruz 7 - Women's - 2017,Comfort Bicycles,Sun Bicycles,2,416.99,0.07,Baldwin Bikes,Venita Daniel,775.6014,2017,1
672,2017-01-26,Delmar Wise,Lockport,Trek Silque SLR 8 Women's - 2017,Road Bikes,Trek,2,6499.99,0.07,Baldwin Bikes,Marcelene Boyer,12089.981399999999,2017,1
672,2017-01-26,Delmar Wise,Lockport,Electra Moto 3i (20-inch) - Boy's - 2017,Children Bicycles,Electra,2,349.99,0.2,Baldwin Bikes,Marcelene Boyer,559.984,2017,1
672,2017-01-26,Delmar Wise,Lockport,Trek Emonda S 4 - 2017,Road Bikes,Trek,2,1499.99,0.07,Baldwin Bikes,Marcelene Boyer,2789.9813999999997,2017,1
673,2017-01-26,Bobbie Foster,Desoto,Sun Bicycles Revolutions 24 - 2017,Cruisers Bicycles,Sun Bicycles,1,250.99,0.2,Rowlett Bikes,Layla Terrell,200.79200000000003,2017,1
673,2017-01-26,Bobbie Foster,Desoto,Haro Flightline Two 26 Plus - 2017,Mountain Bikes,Haro,1,549.99,0.2,Rowlett Bikes,Layla Terrell,439.992,2017,1
673,2017-01-26,Bobbie Foster,Desoto,Heller Shagamaw Frame - 2016,Mountain Bikes,Heller,1,1320.99,0.07,Rowlett Bikes,Layla Terrell,1228.5207,2017,1
673,2017-01-26,Bobbie Foster,Desoto,Electra Cruiser 1 (24-Inch) - 2016,Cruisers Bicycles,Electra,1,269.99,0.1,Rowlett Bikes,Layla Terrell,242.991,2017,1
674,2017-01-27,Doreatha Ford,Huntington,Electra Townie Original 7D EQ - 2016,Comfort Bicycles,Electra,2,599.99,0.2,Baldwin Bikes,Marcelene Boyer,959.984,2017,1
675,2017-01-28,Boyce Burks,Sunnyside,Pure Cycles Vine 8-Speed - 2016,Cruisers Bicycles,Pure Cycles,1,429.0,0.05,Baldwin Bikes,Venita Daniel,407.54999999999995,2017,1
675,2017-01-28,Boyce Burks,Sunnyside,Trek Precaliber 16 Boys - 2017,Children Bicycles,Trek,2,209.99,0.05,Baldwin Bikes,Venita Daniel,398.981,2017,1
675,2017-01-28,Boyce Burks,Sunnyside,Pure Cycles William 3-Speed - 2016,Cruisers Bicycles,Pure Cycles,1,449.0,0.07,Baldwin Bikes,Venita Daniel,417.57,2017,1
675,2017-01-28,Boyce Burks,Sunnyside,Trek Farley Alloy Frameset - 2017,Mountain Bikes,Trek,1,469.99,0.2,Baldwin Bikes,Venita Daniel,375.992,2017,1
676,2017-01-28,Petronila Gallegos,Howard Beach,Electra Amsterdam Original 3i - 2015/2017,Cruisers Bicycles,Electra,1,659.99,0.2,Baldwin Bikes,Venita Daniel,527.9920000000001,2017,1
676,2017-01-28,Petronila Gallegos,Howard Beach,Sun Bicycles Streamway - 2017,Comfort Bicycles,Sun Bicycles,2,481.99,0.07,Baldwin Bikes,Venita Daniel,896.5014,2017,1
676,2017-01-28,Petronila Gallegos,Howard Beach,Electra Townie Original 21D - 2016,Comfort Bicycles,Electra,1,549.99,0.1,Baldwin Bikes,Venita Daniel,494.99100000000004,2017,1
676,2017-01-28,Petronila Gallegos,Howard Beach,Trek X-Caliber 8 - 2017,Mountain Bikes,Trek,1,999.99,0.2,Baldwin Bikes,Venita Daniel,799.9920000000001,2017,1
677,2017-01-28,Elnora Simpson,Bellmore,Electra Cruiser Lux Fat Tire 1 Ladies - 2017,Cruisers Bicycles,Electra,1,599.99,0.07,Baldwin Bikes,Venita Daniel,557.9907,2017,1
677,2017-01-28,Elnora Simpson,Bellmore,Trek Slash 8 27.5 - 2016,Mountain Bikes,Trek,2,3999.99,0.07,Baldwin Bikes,Venita Daniel,7439.981399999999,2017,1
677,2017-01-28,Elnora Simpson,Bellmore,Sun Bicycles Streamway 7 - 2017,Comfort Bicycles,Sun Bicycles,2,533.99,0.07,Baldwin Bikes,Venita Daniel,993.2213999999999,2017,1
677,2017-01-28,Elnora Simpson,Bellmore,Trek Precaliber 24 (21-Speed) - Girls - 2017,Children Bicycles,Trek,2,349.99,0.05,Baldwin Bikes,Venita Daniel,664.981,2017,1
677,2017-01-28,Elnora Simpson,Bellmore,Trek Domane SL Disc Frameset - 2017,Road Bikes,Trek,2,3199.99,0.1,Baldwin Bikes,Venita Daniel,5759.982,2017,1
678,2017-01-28,Ivonne Yang,El Paso,Surly Steamroller - 2017,Road Bikes,Surly,2,875.99,0.05,Rowlett Bikes,Layla Terrell,1664.3809999999999,2017,1
678,2017-01-28,Ivonne Yang,El Paso,Haro Flightline One ST - 2017,Mountain Bikes,Haro,2,379.99,0.07,Rowlett Bikes,Layla Terrell,706.7814,2017,1
679,2017-01-29,Zina Bonner,San Lorenzo,Electra Moto 1 - 2016,Cruisers Bicycles,Electra,2,529.99,0.2,Santa Cruz Bikes,Genna Serrano,847.984,2017,1
679,2017-01-29,Zina Bonner,San Lorenzo,Trek Boy's Kickster - 2015/2017,Children Bicycles,Trek,2,149.99,0.05,Santa Cruz Bikes,Genna Serrano,284.981,2017,1
680,2017-01-29,Delila Hamilton,Palos Verdes Peninsula,Electra Amsterdam Fashion 7i Ladies' - 2017,Cruisers Bicycles,Electra,2,1099.99,0.05,Santa Cruz Bikes,Genna Serrano,2089.9809999999998,2017,1
680,2017-01-29,Delila Hamilton,Palos Verdes Peninsula,Trek Slash 8 27.5 - 2016,Mountain Bikes,Trek,1,3999.99,0.2,Santa Cruz Bikes,Genna Serrano,3199.992,2017,1
680,2017-01-29,Delila Hamilton,Palos Verdes Peninsula,Trek Silque SLR 7 Women's - 2017,Road Bikes,Trek,1,5999.99,0.07,Santa Cruz Bikes,Genna Serrano,5579.990699999999,2017,1
681,2017-01-29,Lidia Ashley,Baldwinsville,Electra Amsterdam Original 3i Ladies' - 2017,Cruisers Bicycles,Electra,1,659.99,0.05,Baldwin Bikes,Venita Daniel,626.9905,2017,1
681,2017-01-29,Lidia Ashley,Baldwinsville,Trek Boone Race Shop Limited - 2017,Cyclocross Bicycles,Trek,1,3499.99,0.07,Baldwin Bikes,Venita Daniel,3254.9906999999994,2017,1
681,2017-01-29,Lidia Ashley,Baldwinsville,Trek Powerfly 8 FS Plus - 2017,Electric Bikes,Trek,1,4999.99,0.2,Baldwin Bikes,Venita Daniel,3999.992,2017,1
681,2017-01-29,Lidia Ashley,Baldwinsville,Surly Ice Cream Truck Frameset - 2016,Mountain Bikes,Surly,2,469.99,0.05,Baldwin Bikes,Venita Daniel,892.981,2017,1
681,2017-01-29,Lidia Ashley,Baldwinsville,Surly Ice Cream Truck Frameset - 2017,Mountain Bikes,Surly,1,999.99,0.07,Baldwin Bikes,Venita Daniel,929.9907,2017,1
682,2017-01-29,Toshia Cardenas,Amsterdam,Trek Stache 5 - 2017,Mountain Bikes,Trek,1,1499.99,0.2,Baldwin Bikes,Marcelene Boyer,1199.992,2017,1
682,2017-01-29,Toshia Cardenas,Amsterdam,Sun Bicycles ElectroLite - 2017,Electric Bikes,Sun Bicycles,2,1559.99,0.2,Baldwin Bikes,Marcelene Boyer,2495.9840000000004,2017,1
682,2017-01-29,Toshia Cardenas,Amsterdam,Electra Sugar Skulls 1 (20-inch) - Girl's - 2017,Children Bicycles,Electra,1,299.99,0.2,Baldwin Bikes,Marcelene Boyer,239.99200000000002,2017,1
683,2017-01-29,Laci Castro,Saint Albans,Ritchey Timberwolf Frameset - 2016,Mountain Bikes,Ritchey,2,749.99,0.1,Baldwin Bikes,Marcelene Boyer,1349.982,2017,1
684,2017-01-31,Quyen Houston,Central Islip,Trek Domane SLR 6 Disc - 2017,Road Bikes,Trek,1,5499.99,0.07,Baldwin Bikes,Marcelene Boyer,5114.990699999999,2017,1
684,2017-01-31,Quyen Houston,Central Islip,Surly Wednesday Frameset - 2017,Mountain Bikes,Surly,1,469.99,0.1,Baldwin Bikes,Marcelene Boyer,422.99100000000004,2017,1
685,2017-01-31,Ayanna Cherry,Smithtown,Trek Domane S 5 Disc - 2017,Road Bikes,Trek,1,2599.99,0.05,Baldwin Bikes,Venita Daniel,2469.9905,2017,1
685,2017-01-31,Ayanna Cherry,Smithtown,Trek Emonda S 4 - 2017,Road Bikes,Trek,2,1499.99,0.05,Baldwin Bikes,Venita Daniel,2849.9809999999998,2017,1
685,2017-01-31,Ayanna Cherry,Smithtown,Sun Bicycles Cruz 7 - 2017,Comfort Bicycles,Sun Bicycles,1,416.99,0.05,Baldwin Bikes,Venita Daniel,396.1405,2017,1
685,2017-01-31,Ayanna Cherry,Smithtown,Electra Straight 8 3i (20-inch) - Boy's - 2017,Children Bicycles,Electra,2,489.99,0.2,Baldwin Bikes,Venita Daniel,783.984,2017,1
685,2017-01-31,Ayanna Cherry,Smithtown,Trek Domane SLR 6 Disc - 2017,Road Bikes,Trek,2,5499.99,0.05,Baldwin Bikes,Venita Daniel,10449.981,2017,1
686,2017-02-01,Alesia Horne,Selden,Electra Townie Original 7D EQ - 2016,Cruisers Bicycles,Electra,1,599.99,0.2,Baldwin Bikes,Venita Daniel,479.992,2017,2
686,2017-02-01,Alesia Horne,Selden,Surly Ice Cream Truck Frameset - 2017,Mountain Bikes,Surly,1,999.99,0.1,Baldwin Bikes,Venita Daniel,899.991,2017,2
686,2017-02-01,Alesia Horne,Selden,Trek Precaliber 12 Girls - 2017,Children Bicycles,Trek,2,189.99,0.2,Baldwin Bikes,Venita Daniel,303.98400000000004,2017,2
686,2017-02-01,Alesia Horne,Selden,Pure Cycles William 3-Speed - 2016,Cruisers Bicycles,Pure Cycles,2,449.0,0.2,Baldwin Bikes,Venita Daniel,718.4000000000001,2017,2
686,2017-02-01,Alesia Horne,Selden,Sun Bicycles Streamway - 2017,Comfort Bicycles,Sun Bicycles,1,481.99,0.2,Baldwin Bikes,Venita Daniel,385.59200000000004,2017,2
687,2017-02-02,Selene Austin,Duarte,Trek Emonda S 4 - 2017,Road Bikes,Trek,2,1499.99,0.05,Santa Cruz Bikes,Genna Serrano,2849.9809999999998,2017,2
687,2017-02-02,Selene Austin,Duarte,"Electra Girl's Hawaii 1 16"" - 2017",Children Bicycles,Electra,1,299.99,0.07,Santa Cruz Bikes,Genna Serrano,278.9907,2017,2
687,2017-02-02,Selene Austin,Duarte,Heller Shagamaw Frame - 2016,Mountain Bikes,Heller,2,1320.99,0.2,Santa Cruz Bikes,Genna Serrano,2113.5840000000003,2017,2
687,2017-02-02,Selene Austin,Duarte,Trek Boy's Kickster - 2015/2017,Children Bicycles,Trek,1,149.99,0.07,Santa Cruz Bikes,Genna Serrano,139.4907,2017,2
688,2017-02-02,Jesica Fields,Commack,Trek Remedy 29 Carbon Frameset - 2016,Mountain Bikes,Trek,1,1799.99,0.1,Baldwin Bikes,Venita Daniel,1619.991,2017,2
688,2017-02-02,Jesica Fields,Commack,Trek Precaliber 12 Girls - 2017,Children Bicycles,Trek,1,189.99,0.05,Baldwin Bikes,Venita Daniel,180.4905,2017,2
689,2017-02-02,Willian Hardin,Oswego,Surly Wednesday Frameset - 2017,Mountain Bikes,Surly,2,469.99,0.1,Baldwin Bikes,Venita Daniel,845.9820000000001,2017,2
690,2017-02-03,Collen Dennis,San Pablo,Sun Bicycles Lil Kitt'n - 2017,Children Bicycles,Sun Bicycles,1,109.99,0.2,Santa Cruz Bikes,Mireya Copeland,87.992,2017,2
690,2017-02-03,Collen Dennis,San Pablo,Surly Straggler 650b - 2016,Cyclocross Bicycles,Surly,2,1680.99,0.07,Santa Cruz Bikes,Mireya Copeland,3126.6414,2017,2
690,2017-02-03,Collen Dennis,San Pablo,Haro Downtown 16 - 2017,Children Bicycles,Haro,1,329.99,0.05,Santa Cruz Bikes,Mireya Copeland,313.4905,2017,2
690,2017-02-03,Collen Dennis,San Pablo,Sun Bicycles Cruz 7 - Women's - 2017,Comfort Bicycles,Sun Bicycles,2,416.99,0.2,Santa Cruz Bikes,Mireya Copeland,667.1840000000001,2017,2
691,2017-02-04,Carson Macias,New Rochelle,Electra Girl's Hawaii 1 (20-inch) - 2015/2016,Children Bicycles,Electra,2,299.99,0.05,Baldwin Bikes,Venita Daniel,569.981,2017,2
691,2017-02-04,Carson Macias,New Rochelle,Heller Shagamaw Frame - 2016,Mountain Bikes,Heller,2,1320.99,0.1,Baldwin Bikes,Venita Daniel,2377.782,2017,2
691,2017-02-04,Carson Macias,New Rochelle,Trek Domane S 6 - 2017,Road Bikes,Trek,2,2699.99,0.2,Baldwin Bikes,Venita Daniel,4319.9839999999995,2017,2
691,2017-02-04,Carson Macias,New Rochelle,Electra Townie Original 7D EQ - Women's - 2016,Cruisers Bicycles,Electra,1,599.99,0.2,Baldwin Bikes,Venita Daniel,479.992,2017,2
692,2017-02-05,Kasha Todd,Campbell,Trek Domane S 5 Disc - 2017,Road Bikes,Trek,1,2599.99,0.2,Santa Cruz Bikes,Genna Serrano,2079.9919999999997,2017,2
692,2017-02-05,Kasha Todd,Campbell,Electra Cruiser Lux Fat Tire 1 Ladies - 2017,Cruisers Bicycles,Electra,1,599.99,0.07,Santa Cruz Bikes,Genna Serrano,557.9907,2017,2
692,2017-02-05,Kasha Todd,Campbell,Electra Moto 1 - 2016,Cruisers Bicycles,Electra,2,529.99,0.07,Santa Cruz Bikes,Genna Serrano,985.7814,2017,2
692,2017-02-05,Kasha Todd,Campbell,Trek Domane SLR 6 Disc - 2017,Road Bikes,Trek,2,5499.99,0.1,Santa Cruz Bikes,Genna Serrano,9899.982,2017,2
693,2017-02-05,Lise Hebert,Vista,Sun Bicycles Streamway - 2017,Comfort Bicycles,Sun Bicycles,2,481.99,0.2,Santa Cruz Bikes,Genna Serrano,771.1840000000001,2017,2
693,2017-02-05,Lise Hebert,Vista,Electra Cruiser 1 (24-Inch) - 2016,Cruisers Bicycles,Electra,1,269.99,0.2,Santa Cruz Bikes,Genna Serrano,215.99200000000002,2017,2
693,2017-02-05,Lise Hebert,Vista,Heller Shagamaw Frame - 2016,Mountain Bikes,Heller,2,1320.99,0.05,Santa Cruz Bikes,Genna Serrano,2509.881,2017,2
693,2017-02-05,Lise Hebert,Vista,Surly Wednesday - 2017,Mountain Bikes,Surly,1,1632.99,0.07,Santa Cruz Bikes,Genna Serrano,1518.6807,2017,2
694,2017-02-05,Damien Dorsey,Central Islip,Trek Emonda S 4 - 2017,Road Bikes,Trek,1,1499.99,0.2,Baldwin Bikes,Venita Daniel,1199.992,2017,2
694,2017-02-05,Damien Dorsey,Central Islip,Trek Stache 5 - 2017,Mountain Bikes,Trek,1,1499.99,0.05,Baldwin Bikes,Venita Daniel,1424.9904999999999,2017,2
694,2017-02-05,Damien Dorsey,Central Islip,Trek Domane S 6 - 2017,Road Bikes,Trek,2,2699.99,0.1,Baldwin Bikes,Venita Daniel,4859.982,2017,2
694,2017-02-05,Damien Dorsey,Central Islip,Sun Bicycles Streamway 3 - 2017,Comfort Bicycles,Sun Bicycles,2,551.99,0.2,Baldwin Bikes,Venita Daniel,883.1840000000001,2017,2
694,2017-02-05,Damien Dorsey,Central Islip,Haro SR 1.2 - 2017,Mountain Bikes,Haro,2,869.99,0.1,Baldwin Bikes,Venita Daniel,1565.982,2017,2
695,2017-02-05,Sarah Kirkland,Wappingers Falls,Electra Amsterdam Original 3i Ladies' - 2017,Cruisers Bicycles,Electra,2,659.99,0.1,Baldwin Bikes,Venita Daniel,1187.982,2017,2
695,2017-02-05,Sarah Kirkland,Wappingers Falls,Trek Emonda S 5 - 2017,Road Bikes,Trek,2,1999.99,0.2,Baldwin Bikes,Venita Daniel,3199.9840000000004,2017,2
696,2017-02-05,Chauncey Donaldson,Franklin Square,Trek Precaliber 12 Girls - 2017,Children Bicycles,Trek,2,189.99,0.07,Baldwin Bikes,Venita Daniel,353.3814,2017,2
696,2017-02-05,Chauncey Donaldson,Franklin Square,Trek Slash 8 27.5 - 2016,Mountain Bikes,Trek,1,3999.99,0.1,Baldwin Bikes,Venita Daniel,3599.991,2017,2
696,2017-02-05,Chauncey Donaldson,Franklin Square,Haro SR 1.2 - 2017,Mountain Bikes,Haro,1,869.99,0.07,Baldwin Bikes,Venita Daniel,809.0907,2017,2
697,2017-02-06,Alejandro Norman,Upland,Heller Shagamaw Frame - 2016,Mountain Bikes,Heller,2,1320.99,0.05,Santa Cruz Bikes,Mireya Copeland,2509.881,2017,2
698,2017-02-06,Jasmin Young,Helotes,Electra Moto 3i (20-inch) - Boy's - 2017,Children Bicycles,Electra,1,349.99,0.07,Rowlett Bikes,Kali Vargas,325.4907,2017,2
698,2017-02-06,Jasmin Young,Helotes,Electra Townie Original 21D - 2016,Cruisers Bicycles,Electra,1,549.99,0.07,Rowlett Bikes,Kali Vargas,511.49069999999995,2017,2
698,2017-02-06,Jasmin Young,Helotes,Trek Fuel EX 9.8 29 - 2017,Mountain Bikes,Trek,2,4999.99,0.05,Rowlett Bikes,Kali Vargas,9499.981,2017,2
699,2017-02-06,Ciera Koch,Euless,Sun Bicycles Cruz 3 - 2017,Comfort Bicycles,Sun Bicycles,2,449.99,0.1,Rowlett Bikes,Layla Terrell,809.9820000000001,2017,2
699,2017-02-06,Ciera Koch,Euless,Trek Emonda S 4 - 2017,Road Bikes,Trek,1,1499.99,0.07,Rowlett Bikes,Layla Terrell,1394.9906999999998,2017,2
699,2017-02-06,Ciera Koch,Euless,Surly Wednesday - 2017,Mountain Bikes,Surly,1,1632.99,0.2,Rowlett Bikes,Layla Terrell,1306.392,2017,2
699,2017-02-06,Ciera Koch,Euless,Electra Townie Original 21D - 2016,Comfort Bicycles,Electra,2,549.99,0.1,Rowlett Bikes,Layla Terrell,989.9820000000001,2017,2
699,2017-02-06,Ciera Koch,Euless,Electra Amsterdam Original 3i Ladies' - 2017,Cruisers Bicycles,Electra,2,659.99,0.2,Rowlett Bikes,Layla Terrell,1055.9840000000002,2017,2
700,2017-02-07,Daryl Spence,Uniondale,Trek Slash 8 27.5 - 2016,Mountain Bikes,Trek,2,3999.99,0.05,Baldwin Bikes,Marcelene Boyer,7599.980999999999,2017,2
700,2017-02-07,Daryl Spence,Uniondale,Trek Boone Race Shop Limited - 2017,Cyclocross Bicycles,Trek,1,3499.99,0.2,Baldwin Bikes,Marcelene Boyer,2799.992,2017,2
701,2017-02-07,Stephanie Browning,Rowlett,Sun Bicycles Lil Kitt'n - 2017,Children Bicycles,Sun Bicycles,1,109.99,0.05,Rowlett Bikes,Layla Terrell,104.4905,2017,2
702,2017-02-08,Dorothea Miranda,Upland,Electra Townie Original 7D - 2015/2016,Comfort Bicycles,Electra,2,499.99,0.05,Santa Cruz Bikes,Genna Serrano,949.981,2017,2
702,2017-02-08,Dorothea Miranda,Upland,Sun Bicycles Streamway - 2017,Comfort Bicycles,Sun Bicycles,1,481.99,0.1,Santa Cruz Bikes,Genna Serrano,433.791,2017,2
702,2017-02-08,Dorothea Miranda,Upland,Surly Wednesday Frameset - 2016,Mountain Bikes,Surly,2,999.99,0.07,Santa Cruz Bikes,Genna Serrano,1859.9814,2017,2
703,2017-02-08,Zoraida Patton,Huntington Station,Haro SR 1.2 - 2017,Mountain Bikes,Haro,2,869.99,0.2,Baldwin Bikes,Venita Daniel,1391.9840000000002,2017,2
703,2017-02-08,Zoraida Patton,Huntington Station,Sun Bicycles Revolutions 24 - 2017,Cruisers Bicycles,Sun Bicycles,2,250.99,0.05,Baldwin Bikes,Venita Daniel,476.881,2017,2
703,2017-02-08,Zoraida Patton,Huntington Station,Sun Bicycles Biscayne Tandem 7 - 2017,Cruisers Bicycles,Sun Bicycles,1,619.99,0.2,Baldwin Bikes,Venita Daniel,495.992,2017,2
703,2017-02-08,Zoraida Patton,Huntington Station,Trek Fuel EX 8 29 - 2016,Mountain Bikes,Trek,2,2899.99,0.2,Baldwin Bikes,Venita Daniel,4639.9839999999995,2017,2
704,2017-02-08,Dottie Roberts,Port Washington,Surly Straggler - 2016,Cyclocross Bicycles,Surly,2,1549.0,0.05,Baldwin Bikes,Marcelene Boyer,2943.1,2017,2
704,2017-02-08,Dottie Roberts,Port Washington,Trek Boone 7 - 2017,Cyclocross Bicycles,Trek,1,3499.99,0.2,Baldwin Bikes,Marcelene Boyer,2799.992,2017,2
704,2017-02-08,Dottie Roberts,Port Washington,Electra Townie 3i EQ (20-inch) - Boys' - 2017,Children Bicycles,Electra,2,489.99,0.07,Baldwin Bikes,Marcelene Boyer,911.3814,2017,2
705,2017-02-08,Ileana Holt,Patchogue,Trek Powerfly 8 FS Plus - 2017,Electric Bikes,Trek,1,4999.99,0.1,Baldwin Bikes,Venita Daniel,4499.991,2017,2
706,2017-02-09,Roy Chan,Pomona,Surly Big Dummy Frameset - 2017,Mountain Bikes,Surly,1,999.99,0.1,Santa Cruz Bikes,Mireya Copeland,899.991,2017,2
706,2017-02-09,Roy Chan,Pomona,Electra Girl's Hawaii 1 (20-inch) - 2015/2016,Children Bicycles,Electra,2,299.99,0.05,Santa Cruz Bikes,Mireya Copeland,569.981,2017,2
706,2017-02-09,Roy Chan,Pomona,Sun Bicycles ElectroLite - 2017,Electric Bikes,Sun Bicycles,1,1559.99,0.2,Santa Cruz Bikes,Mireya Copeland,1247.9920000000002,2017,2
707,2017-02-09,Ashanti Parks,Baldwin,Sun Bicycles Cruz 3 - 2017,Comfort Bicycles,Sun Bicycles,2,449.99,0.05,Baldwin Bikes,Venita Daniel,854.981,2017,2
707,2017-02-09,Ashanti Parks,Baldwin,Electra Townie 3i EQ (20-inch) - Boys' - 2017,Children Bicycles,Electra,1,489.99,0.07,Baldwin Bikes,Venita Daniel,455.6907,2017,2
707,2017-02-09,Ashanti Parks,Baldwin,Surly Straggler 650b - 2016,Cyclocross Bicycles,Surly,2,1680.99,0.1,Baldwin Bikes,Venita Daniel,3025.782,2017,2
707,2017-02-09,Ashanti Parks,Baldwin,Electra Townie Original 7D EQ - 2016,Comfort Bicycles,Electra,2,599.99,0.1,Baldwin Bikes,Venita Daniel,1079.982,2017,2
708,2017-02-10,Shara Pope,Ridgecrest,Surly Ice Cream Truck Frameset - 2016,Mountain Bikes,Surly,1,469.99,0.07,Santa Cruz Bikes,Mireya Copeland,437.09069999999997,2017,2
708,2017-02-10,Shara Pope,Ridgecrest,Trek Remedy 9.8 - 2017,Mountain Bikes,Trek,1,5299.99,0.1,Santa Cruz Bikes,Mireya Copeland,4769.991,2017,2
708,2017-02-10,Shara Pope,Ridgecrest,Trek Session DH 27.5 Carbon Frameset - 2017,Mountain Bikes,Trek,2,469.99,0.2,Santa Cruz Bikes,Mireya Copeland,751.984,2017,2
709,2017-02-11,Carmelina Sellers,Ithaca,Trek Domane S 6 - 2017,Road Bikes,Trek,2,2699.99,0.05,Baldwin Bikes,Marcelene Boyer,5129.981,2017,2
709,2017-02-11,Carmelina Sellers,Ithaca,Electra Townie 7D (20-inch) - Boys' - 2017,Children Bicycles,Electra,2,339.99,0.07,Baldwin Bikes,Marcelene Boyer,632.3814,2017,2
709,2017-02-11,Carmelina Sellers,Ithaca,Trek Emonda S 4 - 2017,Road Bikes,Trek,1,1499.99,0.07,Baldwin Bikes,Marcelene Boyer,1394.9906999999998,2017,2
710,2017-02-13,Danny Kim,South Ozone Park,Trek Fuel EX 5 27.5 Plus - 2017,Mountain Bikes,Trek,1,2299.99,0.05,Baldwin Bikes,Marcelene Boyer,2184.9905,2017,2
710,2017-02-13,Danny Kim,South Ozone Park,Sun Bicycles ElectroLite - 2017,Electric Bikes,Sun Bicycles,2,1559.99,0.2,Baldwin Bikes,Marcelene Boyer,2495.9840000000004,2017,2
710,2017-02-13,Danny Kim,South Ozone Park,Trek Stache 5 - 2017,Mountain Bikes,Trek,2,1499.99,0.2,Baldwin Bikes,Marcelene Boyer,2399.984,2017,2
710,2017-02-13,Danny Kim,South Ozone Park,Trek Emonda S 5 - 2017,Road Bikes,Trek,1,1999.99,0.2,Baldwin Bikes,Marcelene Boyer,1599.9920000000002,2017,2
710,2017-02-13,Danny Kim,South Ozone Park,Surly Karate Monkey 27.5+ Frameset - 2017,Mountain Bikes,Surly,1,2499.99,0.05,Baldwin Bikes,Marcelene Boyer,2374.9905,2017,2
711,2017-02-13,Dale Rasmussen,Kingston,Heller Shagamaw Frame - 2016,Mountain Bikes,Heller,2,1320.99,0.05,Baldwin Bikes,Marcelene Boyer,2509.881,2017,2
711,2017-02-13,Dale Rasmussen,Kingston,"Electra Girl's Hawaii 1 16"" - 2017",Children Bicycles,Electra,2,299.99,0.2,Baldwin Bikes,Marcelene Boyer,479.98400000000004,2017,2
711,2017-02-13,Dale Rasmussen,Kingston,Sun Bicycles Biscayne Tandem 7 - 2017,Cruisers Bicycles,Sun Bicycles,2,619.99,0.05,Baldwin Bikes,Marcelene Boyer,1177.981,2017,2
712,2017-02-13,Marquerite Dawson,Garland,Haro SR 1.1 - 2017,Mountain Bikes,Haro,2,539.99,0.2,Rowlett Bikes,Layla Terrell,863.984,2017,2
712,2017-02-13,Marquerite Dawson,Garland,Electra Cruiser Lux 1 - 2017,Cruisers Bicycles,Electra,2,439.99,0.1,Rowlett Bikes,Layla Terrell,791.9820000000001,2017,2
712,2017-02-13,Marquerite Dawson,Garland,Sun Bicycles Spider 3i - 2017,Mountain Bikes,Sun Bicycles,1,832.99,0.2,Rowlett Bikes,Layla Terrell,666.392,2017,2
712,2017-02-13,Marquerite Dawson,Garland,"Electra Girl's Hawaii 1 16"" - 2017",Cruisers Bicycles,Electra,1,299.99,0.2,Rowlett Bikes,Layla Terrell,239.99200000000002,2017,2
712,2017-02-13,Marquerite Dawson,Garland,Trek Fuel EX 8 29 - 2016,Mountain Bikes,Trek,2,2899.99,0.05,Rowlett Bikes,Layla Terrell,5509.981,2017,2
713,2017-02-13,Michel Blankenship,Forney,Haro Shredder 20 Girls - 2017,Children Bicycles,Haro,2,209.99,0.2,Rowlett Bikes,Kali Vargas,335.98400000000004,2017,2
713,2017-02-13,Michel Blankenship,Forney,Electra Savannah 3i (20-inch) - Girl's - 2017,Children Bicycles,Electra,2,349.99,0.1,Rowlett Bikes,Kali Vargas,629.9820000000001,2017,2
713,2017-02-13,Michel Blankenship,Forney,Surly Ogre Frameset - 2017,Road Bikes,Surly,1,749.99,0.07,Rowlett Bikes,Kali Vargas,697.4907,2017,2
713,2017-02-13,Michel Blankenship,Forney,Sun Bicycles Cruz 3 - Women's - 2017,Comfort Bicycles,Sun Bicycles,2,449.99,0.07,Rowlett Bikes,Kali Vargas,836.9814,2017,2
714,2017-02-14,Phillis Fowler,Clifton Park,Haro Shredder 20 - 2017,Children Bicycles,Haro,2,209.99,0.2,Baldwin Bikes,Venita Daniel,335.98400000000004,2017,2
715,2017-02-15,Robby Sykes,Hempstead,Trek Powerfly 8 FS Plus - 2017,Electric Bikes,Trek,2,4999.99,0.1,Baldwin Bikes,Marcelene Boyer,8999.982,2017,2
715,2017-02-15,Robby Sykes,Hempstead,Trek Silque SLR 7 Women's - 2017,Road Bikes,Trek,1,5999.99,0.2,Baldwin Bikes,Marcelene Boyer,4799.992,2017,2
716,2017-02-15,Elma Molina,New Rochelle,Sun Bicycles Drifter 7 - Women's - 2017,Comfort Bicycles,Sun Bicycles,2,470.99,0.1,Baldwin Bikes,Marcelene Boyer,847.782,2017,2
716,2017-02-15,Elma Molina,New Rochelle,Haro Shredder 20 Girls - 2017,Children Bicycles,Haro,2,209.99,0.07,Baldwin Bikes,Marcelene Boyer,390.5814,2017,2
716,2017-02-15,Elma Molina,New Rochelle,Sun Bicycles Boardwalk (24-inch Wheels) - 2017,Cruisers Bicycles,Sun Bicycles,1,402.99,0.1,Baldwin Bikes,Marcelene Boyer,362.69100000000003,2017,2
716,2017-02-15,Elma Molina,New Rochelle,Trek Fuel EX 8 29 - 2016,Mountain Bikes,Trek,2,2899.99,0.05,Baldwin Bikes,Marcelene Boyer,5509.981,2017,2
717,2017-02-15,Tereasa Bird,Ronkonkoma,Trek Domane SLR 6 Disc - 2017,Road Bikes,Trek,2,5499.99,0.05,Baldwin Bikes,Marcelene Boyer,10449.981,2017,2
717,2017-02-15,Tereasa Bird,Ronkonkoma,Haro Shredder 20 Girls - 2017,Children Bicycles,Haro,1,209.99,0.2,Baldwin Bikes,Marcelene Boyer,167.99200000000002,2017,2
718,2017-02-16,Zelma Browning,Astoria,Haro Shredder 20 - 2017,Children Bicycles,Haro,2,209.99,0.07,Baldwin Bikes,Venita Daniel,390.5814,2017,2
718,2017-02-16,Zelma Browning,Astoria,Trek Fuel EX 9.8 29 - 2017,Mountain Bikes,Trek,2,4999.99,0.07,Baldwin Bikes,Venita Daniel,9299.981399999999,2017,2
718,2017-02-16,Zelma Browning,Astoria,Electra Townie Original 7D - 2017,Cruisers Bicycles,Electra,2,489.99,0.1,Baldwin Bikes,Venita Daniel,881.9820000000001,2017,2
719,2017-02-16,Ashely Holmes,Farmingdale,Electra Townie 3i EQ (20-inch) - Boys' - 2017,Children Bicycles,Electra,1,489.99,0.2,Baldwin Bikes,Marcelene Boyer,391.992,2017,2
720,2017-02-16,Collin Webster,Howard Beach,Sun Bicycles Drifter 7 - Women's - 2017,Comfort Bicycles,Sun Bicycles,1,470.99,0.07,Baldwin Bikes,Marcelene Boyer,438.0207,2017,2
720,2017-02-16,Collin Webster,Howard Beach,Surly Ice Cream Truck Frameset - 2016,Mountain Bikes,Surly,1,469.99,0.1,Baldwin Bikes,Marcelene Boyer,422.99100000000004,2017,2
721,2017-02-16,Donnetta Henson,Webster,Haro SR 1.2 - 2017,Mountain Bikes,Haro,2,869.99,0.07,Baldwin Bikes,Venita Daniel,1618.1814,2017,2
721,2017-02-16,Donnetta Henson,Webster,Electra Townie Original 7D - 2017,Comfort Bicycles,Electra,1,489.99,0.1,Baldwin Bikes,Venita Daniel,440.99100000000004,2017,2
721,2017-02-16,Donnetta Henson,Webster,Sun Bicycles Brickell Tandem 7 - 2017,Cruisers Bicycles,Sun Bicycles,2,749.99,0.05,Baldwin Bikes,Venita Daniel,1424.981,2017,2
721,2017-02-16,Donnetta Henson,Webster,Surly Wednesday Frameset - 2017,Mountain Bikes,Surly,1,469.99,0.2,Baldwin Bikes,Venita Daniel,375.992,2017,2
722,2017-02-18,Angelika Perry,Canandaigua,Electra Girl's Hawaii 1 (16-inch) - 2015/2016,Children Bicycles,Electra,2,269.99,0.07,Baldwin Bikes,Venita Daniel,502.1814,2017,2
722,2017-02-18,Angelika Perry,Canandaigua,Surly Wednesday Frameset - 2016,Mountain Bikes,Surly,1,999.99,0.05,Baldwin Bikes,Venita Daniel,949.9905,2017,2
722,2017-02-18,Angelika Perry,Canandaigua,Sun Bicycles Streamway - 2017,Comfort Bicycles,Sun Bicycles,2,481.99,0.1,Baldwin Bikes,Venita Daniel,867.582,2017,2
723,2017-02-19,Kathyrn Bush,Bronx,Electra Townie Original 21D - 2016,Comfort Bicycles,Electra,2,549.99,0.07,Baldwin Bikes,Marcelene Boyer,1022.9813999999999,2017,2
723,2017-02-19,Kathyrn Bush,Bronx,Electra Townie Original 7D EQ - 2016,Cruisers Bicycles,Electra,1,599.99,0.05,Baldwin Bikes,Marcelene Boyer,569.9905,2017,2
723,2017-02-19,Kathyrn Bush,Bronx,Sun Bicycles Cruz 3 - Women's - 2017,Comfort Bicycles,Sun Bicycles,1,449.99,0.07,Baldwin Bikes,Marcelene Boyer,418.4907,2017,2
724,2017-02-19,Lore Sykes,Buffalo,Electra Girl's Hawaii 1 (20-inch) - 2015/2016,Children Bicycles,Electra,1,299.99,0.05,Baldwin Bikes,Marcelene Boyer,284.9905,2017,2
724,2017-02-19,Lore Sykes,Buffalo,Electra Cruiser Lux Fat Tire 1 Ladies - 2017,Cruisers Bicycles,Electra,1,599.99,0.2,Baldwin Bikes,Marcelene Boyer,479.992,2017,2
724,2017-02-19,Lore Sykes,Buffalo,Electra Townie Original 7D - 2017,Comfort Bicycles,Electra,1,489.99,0.05,Baldwin Bikes,Marcelene Boyer,465.4905,2017,2
724,2017-02-19,Lore Sykes,Buffalo,Trek Domane S 6 - 2017,Road Bikes,Trek,1,2699.99,0.2,Baldwin Bikes,Marcelene Boyer,2159.9919999999997,2017,2
725,2017-02-19,Dwain Carlson,Smithtown,Trek Precaliber 16 Girls - 2017,Children Bicycles,Trek,1,209.99,0.1,Baldwin Bikes,Venita Daniel,188.991,2017,2
725,2017-02-19,Dwain Carlson,Smithtown,Trek Precaliber 24 (21-Speed) - Girls - 2017,Children Bicycles,Trek,1,349.99,0.05,Baldwin Bikes,Venita Daniel,332.4905,2017,2
725,2017-02-19,Dwain Carlson,Smithtown,Electra Glam Punk 3i Ladies' - 2017,Cruisers Bicycles,Electra,2,799.99,0.07,Baldwin Bikes,Venita Daniel,1487.9814,2017,2
725,2017-02-19,Dwain Carlson,Smithtown,Trek Boone 7 - 2017,Cyclocross Bicycles,Trek,2,3499.99,0.1,Baldwin Bikes,Venita Daniel,6299.982,2017,2
726,2017-02-19,Jennell Solis,Rochester,Electra Townie Original 7D - 2017,Cruisers Bicycles,Electra,1,489.99,0.2,Baldwin Bikes,Marcelene Boyer,391.992,2017,2
727,2017-02-19,Maple Griffin,Copperas Cove,Sun Bicycles Biscayne Tandem CB - 2017,Cruisers Bicycles,Sun Bicycles,1,647.99,0.07,Rowlett Bikes,Layla Terrell,602.6306999999999,2017,2
727,2017-02-19,Maple Griffin,Copperas Cove,Electra Amsterdam Original 3i Ladies' - 2017,Cruisers Bicycles,Electra,2,659.99,0.05,Rowlett Bikes,Layla Terrell,1253.981,2017,2
728,2017-02-20,Hubert Stone,Ridgecrest,Electra Amsterdam Original 3i - 2015/2017,Cruisers Bicycles,Electra,1,659.99,0.05,Santa Cruz Bikes,Genna Serrano,626.9905,2017,2
728,2017-02-20,Hubert Stone,Ridgecrest,Trek Domane SLR 6 Disc - 2017,Road Bikes,Trek,1,5499.99,0.1,Santa Cruz Bikes,Genna Serrano,4949.991,2017,2
728,2017-02-20,Hubert Stone,Ridgecrest,Trek Precaliber 24 (21-Speed) - Girls - 2017,Children Bicycles,Trek,1,349.99,0.1,Santa Cruz Bikes,Genna Serrano,314.99100000000004,2017,2
728,2017-02-20,Hubert Stone,Ridgecrest,Trek Madone 9.2 - 2017,Road Bikes,Trek,1,4999.99,0.07,Santa Cruz Bikes,Genna Serrano,4649.990699999999,2017,2
729,2017-02-20,Bettyann Acosta,Lancaster,Electra Townie 7D (20-inch) - Boys' - 2017,Children Bicycles,Electra,2,339.99,0.1,Baldwin Bikes,Venita Daniel,611.9820000000001,2017,2
730,2017-02-21,Moira Lester,Jackson Heights,Trek Domane S 5 Disc - 2017,Road Bikes,Trek,2,2599.99,0.05,Baldwin Bikes,Marcelene Boyer,4939.981,2017,2
730,2017-02-21,Moira Lester,Jackson Heights,Sun Bicycles Boardwalk (24-inch Wheels) - 2017,Cruisers Bicycles,Sun Bicycles,1,402.99,0.1,Baldwin Bikes,Marcelene Boyer,362.69100000000003,2017,2
730,2017-02-21,Moira Lester,Jackson Heights,Electra Moto 3i (20-inch) - Boy's - 2017,Children Bicycles,Electra,2,349.99,0.07,Baldwin Bikes,Marcelene Boyer,650.9814,2017,2
730,2017-02-21,Moira Lester,Jackson Heights,Electra Cruiser 1 (24-Inch) - 2016,Cruisers Bicycles,Electra,1,269.99,0.1,Baldwin Bikes,Marcelene Boyer,242.991,2017,2
731,2017-02-25,Elenore William,Mcallen,Trek Precaliber 24 (21-Speed) - Girls - 2017,Children Bicycles,Trek,1,349.99,0.05,Rowlett Bikes,Layla Terrell,332.4905,2017,2
731,2017-02-25,Elenore William,Mcallen,Trek Domane SL 6 - 2017,Road Bikes,Trek,1,3499.99,0.2,Rowlett Bikes,Layla Terrell,2799.992,2017,2
731,2017-02-25,Elenore William,Mcallen,Sun Bicycles Revolutions 24 - Girl's - 2017,Cruisers Bicycles,Sun Bicycles,2,250.99,0.2,Rowlett Bikes,Layla Terrell,401.58400000000006,2017,2
731,2017-02-25,Elenore William,Mcallen,Trek X-Caliber 8 - 2017,Mountain Bikes,Trek,1,999.99,0.2,Rowlett Bikes,Layla Terrell,799.9920000000001,2017,2
732,2017-02-26,Bernetta Marquez,Smithtown,Trek Remedy 9.8 - 2017,Mountain Bikes,Trek,1,5299.99,0.07,Baldwin Bikes,Venita Daniel,4928.990699999999,2017,2
732,2017-02-26,Bernetta Marquez,Smithtown,Trek Fuel EX 8 29 - 2016,Mountain Bikes,Trek,2,2899.99,0.07,Baldwin Bikes,Venita Daniel,5393.9814,2017,2
733,2017-02-26,Pamala Fowler,Ballston Spa,Sun Bicycles Lil Kitt'n - 2017,Children Bicycles,Sun Bicycles,1,109.99,0.05,Baldwin Bikes,Venita Daniel,104.4905,2017,2
733,2017-02-26,Pamala Fowler,Ballston Spa,Trek Domane S 6 - 2017,Road Bikes,Trek,1,2699.99,0.2,Baldwin Bikes,Venita Daniel,2159.9919999999997,2017,2
733,2017-02-26,Pamala Fowler,Ballston Spa,Electra Townie Original 7D - 2017,Comfort Bicycles,Electra,2,489.99,0.1,Baldwin Bikes,Venita Daniel,881.9820000000001,2017,2
734,2017-02-26,Maximina Hutchinson,Corpus Christi,Electra Townie Original 7D EQ - 2016,Comfort Bicycles,Electra,1,599.99,0.2,Rowlett Bikes,Layla Terrell,479.992,2017,2
734,2017-02-26,Maximina Hutchinson,Corpus Christi,Surly Wednesday Frameset - 2016,Mountain Bikes,Surly,1,999.99,0.05,Rowlett Bikes,Layla Terrell,949.9905,2017,2
734,2017-02-26,Maximina Hutchinson,Corpus Christi,Sun Bicycles Lil Kitt'n - 2017,Children Bicycles,Sun Bicycles,2,109.99,0.2,Rowlett Bikes,Layla Terrell,175.984,2017,2
734,2017-02-26,Maximina Hutchinson,Corpus Christi,Sun Bicycles Lil Bolt Type-R - 2017,Cruisers Bicycles,Sun Bicycles,2,346.99,0.1,Rowlett Bikes,Layla Terrell,624.582,2017,2
735,2017-02-27,Aleta Shepard,Sugar Land,Sun Bicycles Atlas X-Type - 2017,Cruisers Bicycles,Sun Bicycles,2,416.99,0.1,Rowlett Bikes,Layla Terrell,750.582,2017,2
735,2017-02-27,Aleta Shepard,Sugar Land,Surly Straggler - 2016,Cyclocross Bicycles,Surly,2,1549.0,0.07,Rowlett Bikes,Layla Terrell,2881.14,2017,2
736,2017-02-27,Klara Stanley,Webster,Trek Domane SLR 6 Disc - 2017,Road Bikes,Trek,2,5499.99,0.05,Baldwin Bikes,Venita Daniel,10449.981,2017,2
736,2017-02-27,Klara Stanley,Webster,Pure Cycles Vine 8-Speed - 2016,Cruisers Bicycles,Pure Cycles,1,429.0,0.1,Baldwin Bikes,Venita Daniel,386.1,2017,2
736,2017-02-27,Klara Stanley,Webster,Trek Boone 7 - 2017,Cyclocross Bicycles,Trek,2,3499.99,0.2,Baldwin Bikes,Venita Daniel,5599.984,2017,2
737,2017-02-27,Lanie Dunn,North Tonawanda,Surly Steamroller - 2017,Road Bikes,Surly,1,875.99,0.05,Baldwin Bikes,Marcelene Boyer,832.1904999999999,2017,2
737,2017-02-27,Lanie Dunn,North Tonawanda,Pure Cycles William 3-Speed - 2016,Cruisers Bicycles,Pure Cycles,2,449.0,0.07,Baldwin Bikes,Marcelene Boyer,835.14,2017,2
737,2017-02-27,Lanie Dunn,North Tonawanda,Electra Glam Punk 3i Ladies' - 2017,Cruisers Bicycles,Electra,2,799.99,0.07,Baldwin Bikes,Marcelene Boyer,1487.9814,2017,2
737,2017-02-27,Lanie Dunn,North Tonawanda,Trek Session DH 27.5 Carbon Frameset - 2017,Mountain Bikes,Trek,1,469.99,0.2,Baldwin Bikes,Marcelene Boyer,375.992,2017,2
738,2017-02-28,Jeni Booker,South El Monte,Electra Amsterdam Original 3i Ladies' - 2017,Cruisers Bicycles,Electra,2,659.99,0.07,Santa Cruz Bikes,Mireya Copeland,1227.5814,2017,2
738,2017-02-28,Jeni Booker,South El Monte,Haro Flightline Two 26 Plus - 2017,Mountain Bikes,Haro,2,549.99,0.2,Santa Cruz Bikes,Mireya Copeland,879.984,2017,2
738,2017-02-28,Jeni Booker,South El Monte,Electra Townie Original 7D - 2015/2016,Comfort Bicycles,Electra,1,499.99,0.1,Santa Cruz Bikes,Mireya Copeland,449.99100000000004,2017,2
738,2017-02-28,Jeni Booker,South El Monte,Trek Boone Race Shop Limited - 2017,Cyclocross Bicycles,Trek,1,3499.99,0.07,Santa Cruz Bikes,Mireya Copeland,3254.9906999999994,2017,2
739,2017-02-28,Caroll Hays,Fairport,Surly Wednesday Frameset - 2016,Mountain Bikes,Surly,1,999.99,0.2,Baldwin Bikes,Marcelene Boyer,799.9920000000001,2017,2
740,2017-02-28,Kendra Harrington,Jamestown,Electra Amsterdam Fashion 7i Ladies' - 2017,Cruisers Bicycles,Electra,1,1099.99,0.05,Baldwin Bikes,Marcelene Boyer,1044.9904999999999,2017,2
740,2017-02-28,Kendra Harrington,Jamestown,Haro Shredder Pro 20 - 2017,Children Bicycles,Haro,2,249.99,0.2,Baldwin Bikes,Marcelene Boyer,399.98400000000004,2017,2
740,2017-02-28,Kendra Harrington,Jamestown,Surly Straggler 650b - 2016,Cyclocross Bicycles,Surly,1,1680.99,0.2,Baldwin Bikes,Marcelene Boyer,1344.7920000000001,2017,2
740,2017-02-28,Kendra Harrington,Jamestown,Pure Cycles William 3-Speed - 2016,Cruisers Bicycles,Pure Cycles,1,449.0,0.2,Baldwin Bikes,Marcelene Boyer,359.20000000000005,2017,2
740,2017-02-28,Kendra Harrington,Jamestown,Electra Townie Original 21D - 2016,Cruisers Bicycles,Electra,2,549.99,0.07,Baldwin Bikes,Marcelene Boyer,1022.9813999999999,2017,2
741,2017-02-28,Thalia Dillard,San Angelo,Trek Madone 9.2 - 2017,Road Bikes,Trek,1,4999.99,0.05,Rowlett Bikes,Kali Vargas,4749.9905,2017,2
741,2017-02-28,Thalia Dillard,San Angelo,"Electra Girl's Hawaii 1 16"" - 2017",Cruisers Bicycles,Electra,1,299.99,0.07,Rowlett Bikes,Kali Vargas,278.9907,2017,2
741,2017-02-28,Thalia Dillard,San Angelo,Electra Cruiser 1 (24-Inch) - 2016,Children Bicycles,Electra,2,269.99,0.07,Rowlett Bikes,Kali Vargas,502.1814,2017,2
741,2017-02-28,Thalia Dillard,San Angelo,Trek Domane SLR 6 Disc - 2017,Road Bikes,Trek,2,5499.99,0.05,Rowlett Bikes,Kali Vargas,10449.981,2017,2
742,2017-02-28,Holly Nieves,Longview,Sun Bicycles Cruz 7 - 2017,Comfort Bicycles,Sun Bicycles,2,416.99,0.05,Rowlett Bikes,Layla Terrell,792.281,2017,2
742,2017-02-28,Holly Nieves,Longview,Haro SR 1.2 - 2017,Mountain Bikes,Haro,1,869.99,0.07,Rowlett Bikes,Layla Terrell,809.0907,2017,2
743,2017-03-01,Shonta Mercer,Massapequa,Sun Bicycles Brickell Tandem CB - 2017,Cruisers Bicycles,Sun Bicycles,1,761.99,0.05,Baldwin Bikes,Marcelene Boyer,723.8905,2017,3
744,2017-03-01,Lena Mills,Woodhaven,Surly Wednesday Frameset - 2017,Mountain Bikes,Surly,2,469.99,0.2,Baldwin Bikes,Venita Daniel,751.984,2017,3
745,2017-03-01,Charleen Joyner,Corona,"Electra Girl's Hawaii 1 16"" - 2017",Children Bicycles,Electra,2,299.99,0.05,Baldwin Bikes,Venita Daniel,569.981,2017,3
745,2017-03-01,Charleen Joyner,Corona,Electra Girl's Hawaii 1 (16-inch) - 2015/2016,Children Bicycles,Electra,2,269.99,0.2,Baldwin Bikes,Venita Daniel,431.98400000000004,2017,3
745,2017-03-01,Charleen Joyner,Corona,Sun Bicycles Biscayne Tandem CB - 2017,Cruisers Bicycles,Sun Bicycles,1,647.99,0.1,Baldwin Bikes,Venita Daniel,583.191,2017,3
746,2017-03-02,Vernita Ball,Los Banos,Electra Sugar Skulls 1 (20-inch) - Girl's - 2017,Children Bicycles,Electra,1,299.99,0.1,Santa Cruz Bikes,Genna Serrano,269.99100000000004,2017,3
747,2017-03-03,Yan Mcgowan,Duarte,Sun Bicycles Drifter 7 - 2017,Comfort Bicycles,Sun Bicycles,1,470.99,0.07,Santa Cruz Bikes,Genna Serrano,438.0207,2017,3
747,2017-03-03,Yan Mcgowan,Duarte,Trek Girl's Kickster - 2017,Children Bicycles,Trek,1,149.99,0.2,Santa Cruz Bikes,Genna Serrano,119.99200000000002,2017,3
747,2017-03-03,Yan Mcgowan,Duarte,Surly Wednesday Frameset - 2017,Mountain Bikes,Surly,2,469.99,0.1,Santa Cruz Bikes,Genna Serrano,845.9820000000001,2017,3
747,2017-03-03,Yan Mcgowan,Duarte,Electra Amsterdam Fashion 7i Ladies' - 2017,Cruisers Bicycles,Electra,1,1099.99,0.07,Santa Cruz Bikes,Genna Serrano,1022.9907,2017,3
748,2017-03-03,Maryalice Henry,Richardson,Electra Townie Original 7D EQ - 2016,Cruisers Bicycles,Electra,2,599.99,0.1,Rowlett Bikes,Kali Vargas,1079.982,2017,3
748,2017-03-03,Maryalice Henry,Richardson,Trek Boy's Kickster - 2015/2017,Children Bicycles,Trek,2,149.99,0.05,Rowlett Bikes,Kali Vargas,284.981,2017,3
748,2017-03-03,Maryalice Henry,Richardson,Haro Shift R3 - 2017,Mountain Bikes,Haro,1,1469.99,0.07,Rowlett Bikes,Kali Vargas,1367.0907,2017,3
748,2017-03-03,Maryalice Henry,Richardson,Sun Bicycles Spider 3i - 2017,Mountain Bikes,Sun Bicycles,2,832.99,0.2,Rowlett Bikes,Kali Vargas,1332.784,2017,3
749,2017-03-04,Flossie Holder,Massapequa Park,Trek Conduit+ - 2016,Electric Bikes,Trek,1,2999.99,0.2,Baldwin Bikes,Venita Daniel,2399.9919999999997,2017,3
749,2017-03-04,Flossie Holder,Massapequa Park,Surly Karate Monkey 27.5+ Frameset - 2017,Mountain Bikes,Surly,1,2499.99,0.05,Baldwin Bikes,Venita Daniel,2374.9905,2017,3
749,2017-03-04,Flossie Holder,Massapequa Park,Sun Bicycles Boardwalk (24-inch Wheels) - 2017,Cruisers Bicycles,Sun Bicycles,1,402.99,0.2,Baldwin Bikes,Venita Daniel,322.39200000000005,2017,3
749,2017-03-04,Flossie Holder,Massapequa Park,Electra Townie Original 21D - 2016,Comfort Bicycles,Electra,1,549.99,0.05,Baldwin Bikes,Venita Daniel,522.4905,2017,3
749,2017-03-04,Flossie Holder,Massapequa Park,Trek Fuel EX 9.8 29 - 2017,Mountain Bikes,Trek,1,4999.99,0.07,Baldwin Bikes,Venita Daniel,4649.990699999999,2017,3
750,2017-03-04,Freddie Mathis,Euless,Sun Bicycles Biscayne Tandem 7 - 2017,Cruisers Bicycles,Sun Bicycles,1,619.99,0.05,Rowlett Bikes,Kali Vargas,588.9905,2017,3
750,2017-03-04,Freddie Mathis,Euless,Sun Bicycles Biscayne Tandem CB - 2017,Cruisers Bicycles,Sun Bicycles,2,647.99,0.1,Rowlett Bikes,Kali Vargas,1166.382,2017,3
751,2017-03-05,Hilary Savage,Oxnard,Haro SR 1.2 - 2017,Mountain Bikes,Haro,2,869.99,0.05,Santa Cruz Bikes,Genna Serrano,1652.981,2017,3
752,2017-03-05,Scarlet Reed,Bronx,Electra Townie Original 21D - 2016,Cruisers Bicycles,Electra,2,549.99,0.05,Baldwin Bikes,Marcelene Boyer,1044.981,2017,3
752,2017-03-05,Scarlet Reed,Bronx,Surly Wednesday - 2017,Mountain Bikes,Surly,2,1632.99,0.05,Baldwin Bikes,Marcelene Boyer,3102.681,2017,3
753,2017-03-05,Nita Guy,Port Chester,Sun Bicycles Streamway 7 - 2017,Comfort Bicycles,Sun Bicycles,2,533.99,0.07,Baldwin Bikes,Venita Daniel,993.2213999999999,2017,3
753,2017-03-05,Nita Guy,Port Chester,Trek Slash 8 27.5 - 2016,Mountain Bikes,Trek,2,3999.99,0.2,Baldwin Bikes,Venita Daniel,6399.984,2017,3
753,2017-03-05,Nita Guy,Port Chester,Surly Troll Frameset - 2017,Mountain Bikes,Surly,2,832.99,0.1,Baldwin Bikes,Venita Daniel,1499.382,2017,3
753,2017-03-05,Nita Guy,Port Chester,"Electra Girl's Hawaii 1 16"" - 2017",Children Bicycles,Electra,1,299.99,0.07,Baldwin Bikes,Venita Daniel,278.9907,2017,3
753,2017-03-05,Nita Guy,Port Chester,Sun Bicycles Revolutions 24 - 2017,Cruisers Bicycles,Sun Bicycles,1,250.99,0.2,Baldwin Bikes,Venita Daniel,200.79200000000003,2017,3
754,2017-03-06,Ann Heath,South El Monte,Electra Cruiser Lux 1 - 2017,Cruisers Bicycles,Electra,2,439.99,0.07,Santa Cruz Bikes,Mireya Copeland,818.3814,2017,3
754,2017-03-06,Ann Heath,South El Monte,Electra Townie Original 21D - 2016,Cruisers Bicycles,Electra,2,549.99,0.07,Santa Cruz Bikes,Mireya Copeland,1022.9813999999999,2017,3
754,2017-03-06,Ann Heath,South El Monte,Surly Wednesday Frameset - 2016,Mountain Bikes,Surly,1,999.99,0.05,Santa Cruz Bikes,Mireya Copeland,949.9905,2017,3
754,2017-03-06,Ann Heath,South El Monte,Sun Bicycles Revolutions 24 - Girl's - 2017,Cruisers Bicycles,Sun Bicycles,2,250.99,0.05,Santa Cruz Bikes,Mireya Copeland,476.881,2017,3
754,2017-03-06,Ann Heath,South El Monte,Trek Slash 8 27.5 - 2016,Mountain Bikes,Trek,1,3999.99,0.2,Santa Cruz Bikes,Mireya Copeland,3199.992,2017,3
755,2017-03-06,Kimberely Bowen,Troy,Sun Bicycles Brickell Tandem CB - 2017,Cruisers Bicycles,Sun Bicycles,2,761.99,0.07,Baldwin Bikes,Marcelene Boyer,1417.3013999999998,2017,3
755,2017-03-06,Kimberely Bowen,Troy,Trek Fuel EX 9.8 27.5 Plus - 2017,Mountain Bikes,Trek,2,5299.99,0.05,Baldwin Bikes,Marcelene Boyer,10069.981,2017,3
755,2017-03-06,Kimberely Bowen,Troy,Trek Emonda S 5 - 2017,Road Bikes,Trek,2,1999.99,0.1,Baldwin Bikes,Marcelene Boyer,3599.982,2017,3
756,2017-03-06,Sommer Hopkins,Tonawanda,Electra Townie Original 7D - 2017,Cruisers Bicycles,Electra,1,489.99,0.1,Baldwin Bikes,Marcelene Boyer,440.99100000000004,2017,3
756,2017-03-06,Sommer Hopkins,Tonawanda,Pure Cycles Vine 8-Speed - 2016,Cruisers Bicycles,Pure Cycles,2,429.0,0.05,Baldwin Bikes,Marcelene Boyer,815.0999999999999,2017,3
757,2017-03-06,Joe Melton,New Windsor,"Electra Girl's Hawaii 1 16"" - 2017",Children Bicycles,Electra,1,299.99,0.1,Baldwin Bikes,Venita Daniel,269.99100000000004,2017,3
758,2017-03-06,Kattie Stevenson,Helotes,Electra Girl's Hawaii 1 (16-inch) - 2015/2016,Children Bicycles,Electra,2,269.99,0.07,Rowlett Bikes,Layla Terrell,502.1814,2017,3
758,2017-03-06,Kattie Stevenson,Helotes,Electra Sugar Skulls 1 (20-inch) - Girl's - 2017,Children Bicycles,Electra,1,299.99,0.1,Rowlett Bikes,Layla Terrell,269.99100000000004,2017,3
758,2017-03-06,Kattie Stevenson,Helotes,Surly Big Dummy Frameset - 2017,Mountain Bikes,Surly,1,999.99,0.07,Rowlett Bikes,Layla Terrell,929.9907,2017,3
758,2017-03-06,Kattie Stevenson,Helotes,Sun Bicycles Lil Bolt Type-R - 2017,Cruisers Bicycles,Sun Bicycles,2,346.99,0.07,Rowlett Bikes,Layla Terrell,645.4014,2017,3
758,2017-03-06,Kattie Stevenson,Helotes,Sun Bicycles Cruz 7 - Women's - 2017,Comfort Bicycles,Sun Bicycles,1,416.99,0.2,Rowlett Bikes,Layla Terrell,333.59200000000004,2017,3
759,2017-03-07,Susann Bass,Commack,Haro Shredder 20 Girls - 2017,Children Bicycles,Haro,2,209.99,0.05,Baldwin Bikes,Venita Daniel,398.981,2017,3
759,2017-03-07,Susann Bass,Commack,Sun Bicycles Biscayne Tandem CB - 2017,Cruisers Bicycles,Sun Bicycles,1,647.99,0.07,Baldwin Bikes,Venita Daniel,602.6306999999999,2017,3
760,2017-03-07,Khalilah Robertson,Spring Valley,Electra Cruiser 1 (24-Inch) - 2016,Children Bicycles,Electra,2,269.99,0.07,Baldwin Bikes,Marcelene Boyer,502.1814,2017,3
760,2017-03-07,Khalilah Robertson,Spring Valley,Trek X-Caliber 8 - 2017,Mountain Bikes,Trek,2,999.99,0.07,Baldwin Bikes,Marcelene Boyer,1859.9814,2017,3
761,2017-03-07,Shiloh Bates,Monsey,Trek Fuel EX 9.8 27.5 Plus - 2017,Mountain Bikes,Trek,1,5299.99,0.07,Baldwin Bikes,Venita Daniel,4928.990699999999,2017,3
761,2017-03-07,Shiloh Bates,Monsey,Surly Steamroller - 2017,Road Bikes,Surly,2,875.99,0.2,Baldwin Bikes,Venita Daniel,1401.584,2017,3
762,2017-03-08,Wm Pope,Auburn,Electra Townie Original 7D - 2017,Comfort Bicycles,Electra,2,489.99,0.05,Baldwin Bikes,Marcelene Boyer,930.981,2017,3
763,2017-03-08,Giselle Robles,San Angelo,Trek Precaliber 16 Girls - 2017,Children Bicycles,Trek,1,209.99,0.07,Rowlett Bikes,Layla Terrell,195.2907,2017,3
763,2017-03-08,Giselle Robles,San Angelo,Sun Bicycles Streamway 3 - 2017,Comfort Bicycles,Sun Bicycles,1,551.99,0.1,Rowlett Bikes,Layla Terrell,496.791,2017,3
764,2017-03-09,Alysia Nicholson,Oxnard,Trek Domane S 6 - 2017,Road Bikes,Trek,1,2699.99,0.07,Santa Cruz Bikes,Mireya Copeland,2510.9907,2017,3
764,2017-03-09,Alysia Nicholson,Oxnard,"Electra Girl's Hawaii 1 16"" - 2017",Children Bicycles,Electra,2,299.99,0.05,Santa Cruz Bikes,Mireya Copeland,569.981,2017,3
764,2017-03-09,Alysia Nicholson,Oxnard,Electra Amsterdam Fashion 7i Ladies' - 2017,Cruisers Bicycles,Electra,2,1099.99,0.07,Santa Cruz Bikes,Mireya Copeland,2045.9814,2017,3
765,2017-03-09,Tuyet Rosa,South El Monte,Surly Karate Monkey 27.5+ Frameset - 2017,Mountain Bikes,Surly,2,2499.99,0.2,Santa Cruz Bikes,Mireya Copeland,3999.984,2017,3
765,2017-03-09,Tuyet Rosa,South El Monte,Electra Townie Original 21D - 2016,Cruisers Bicycles,Electra,1,549.99,0.07,Santa Cruz Bikes,Mireya Copeland,511.49069999999995,2017,3
765,2017-03-09,Tuyet Rosa,South El Monte,Electra Townie Original 7D - 2015/2016,Comfort Bicycles,Electra,1,499.99,0.2,Santa Cruz Bikes,Mireya Copeland,399.992,2017,3
765,2017-03-09,Tuyet Rosa,South El Monte,Surly Ogre Frameset - 2017,Road Bikes,Surly,1,749.99,0.2,Santa Cruz Bikes,Mireya Copeland,599.9920000000001,2017,3
765,2017-03-09,Tuyet Rosa,South El Monte,Sun Bicycles Lil Bolt Type-R - 2017,Cruisers Bicycles,Sun Bicycles,1,346.99,0.05,Santa Cruz Bikes,Mireya Copeland,329.6405,2017,3
766,2017-03-09,Ramiro Byers,Saint Albans,Sun Bicycles Drifter 7 - Women's - 2017,Comfort Bicycles,Sun Bicycles,1,470.99,0.2,Baldwin Bikes,Marcelene Boyer,376.79200000000003,2017,3
767,2017-03-09,Bettie Pierce,Farmingdale,Trek Boone Race Shop Limited - 2017,Cyclocross Bicycles,Trek,1,3499.99,0.1,Baldwin Bikes,Venita Daniel,3149.991,2017,3
767,2017-03-09,Bettie Pierce,Farmingdale,Trek X-Caliber 8 - 2017,Mountain Bikes,Trek,1,999.99,0.07,Baldwin Bikes,Venita Daniel,929.9907,2017,3
767,2017-03-09,Bettie Pierce,Farmingdale,Haro Shift R3 - 2017,Mountain Bikes,Haro,2,1469.99,0.05,Baldwin Bikes,Venita Daniel,2792.9809999999998,2017,3
767,2017-03-09,Bettie Pierce,Farmingdale,Electra Glam Punk 3i Ladies' - 2017,Cruisers Bicycles,Electra,2,799.99,0.05,Baldwin Bikes,Venita Daniel,1519.981,2017,3
768,2017-03-09,Manie Maxwell,Ronkonkoma,Surly Wednesday - 2017,Mountain Bikes,Surly,1,1632.99,0.2,Baldwin Bikes,Venita Daniel,1306.392,2017,3
768,2017-03-09,Manie Maxwell,Ronkonkoma,"Electra Girl's Hawaii 1 16"" - 2017",Cruisers Bicycles,Electra,1,299.99,0.2,Baldwin Bikes,Venita Daniel,239.99200000000002,2017,3
769,2017-03-09,Angella Bridges,Pittsford,Trek Remedy 29 Carbon Frameset - 2016,Mountain Bikes,Trek,1,1799.99,0.1,Baldwin Bikes,Marcelene Boyer,1619.991,2017,3
769,2017-03-09,Angella Bridges,Pittsford,Surly Ice Cream Truck Frameset - 2016,Mountain Bikes,Surly,2,469.99,0.05,Baldwin Bikes,Marcelene Boyer,892.981,2017,3
769,2017-03-09,Angella Bridges,Pittsford,Surly Troll Frameset - 2017,Mountain Bikes,Surly,2,832.99,0.07,Baldwin Bikes,Marcelene Boyer,1549.3614,2017,3
770,2017-03-09,Dorthey Jackson,Houston,Sun Bicycles Drifter 7 - 2017,Comfort Bicycles,Sun Bicycles,1,470.99,0.05,Rowlett Bikes,Layla Terrell,447.4405,2017,3
770,2017-03-09,Dorthey Jackson,Houston,Trek Fuel EX 5 27.5 Plus - 2017,Mountain Bikes,Trek,1,2299.99,0.2,Rowlett Bikes,Layla Terrell,1839.992,2017,3
770,2017-03-09,Dorthey Jackson,Houston,Sun Bicycles Streamway 3 - 2017,Comfort Bicycles,Sun Bicycles,1,551.99,0.2,Rowlett Bikes,Layla Terrell,441.59200000000004,2017,3
770,2017-03-09,Dorthey Jackson,Houston,Surly Straggler 650b - 2016,Cyclocross Bicycles,Surly,2,1680.99,0.05,Rowlett Bikes,Layla Terrell,3193.881,2017,3
771,2017-03-11,Jennette Baker,Banning,Electra Cruiser 1 (24-Inch) - 2016,Cruisers Bicycles,Electra,2,269.99,0.2,Santa Cruz Bikes,Genna Serrano,431.98400000000004,2017,3
771,2017-03-11,Jennette Baker,Banning,Trek Precaliber 12 Girls - 2017,Children Bicycles,Trek,1,189.99,0.2,Santa Cruz Bikes,Genna Serrano,151.99200000000002,2017,3
772,2017-03-11,Janella Bright,Rochester,Sun Bicycles Streamway 3 - 2017,Comfort Bicycles,Sun Bicycles,1,551.99,0.07,Baldwin Bikes,Venita Daniel,513.3507,2017,3
773,2017-03-11,Kenton Hughes,Canandaigua,Haro Shredder 20 - 2017,Children Bicycles,Haro,1,209.99,0.1,Baldwin Bikes,Marcelene Boyer,188.991,2017,3
773,2017-03-11,Kenton Hughes,Canandaigua,Electra Girl's Hawaii 1 (16-inch) - 2015/2016,Cruisers Bicycles,Electra,1,269.99,0.05,Baldwin Bikes,Marcelene Boyer,256.4905,2017,3
773,2017-03-11,Kenton Hughes,Canandaigua,Pure Cycles Vine 8-Speed - 2016,Cruisers Bicycles,Pure Cycles,2,429.0,0.2,Baldwin Bikes,Marcelene Boyer,686.4000000000001,2017,3
773,2017-03-11,Kenton Hughes,Canandaigua,Surly Wednesday Frameset - 2017,Mountain Bikes,Surly,2,469.99,0.07,Baldwin Bikes,Marcelene Boyer,874.1813999999999,2017,3
774,2017-03-12,Yevette Elliott,Jackson Heights,Sun Bicycles Lil Bolt Type-R - 2017,Cruisers Bicycles,Sun Bicycles,1,346.99,0.05,Baldwin Bikes,Marcelene Boyer,329.6405,2017,3
774,2017-03-12,Yevette Elliott,Jackson Heights,Surly Troll Frameset - 2017,Mountain Bikes,Surly,2,832.99,0.05,Baldwin Bikes,Marcelene Boyer,1582.681,2017,3
774,2017-03-12,Yevette Elliott,Jackson Heights,Electra Townie Original 7D EQ - Women's - 2016,Cruisers Bicycles,Electra,1,599.99,0.2,Baldwin Bikes,Marcelene Boyer,479.992,2017,3
774,2017-03-12,Yevette Elliott,Jackson Heights,Sun Bicycles Brickell Tandem 7 - 2017,Cruisers Bicycles,Sun Bicycles,1,749.99,0.05,Baldwin Bikes,Marcelene Boyer,712.4905,2017,3
774,2017-03-12,Yevette Elliott,Jackson Heights,Trek Madone 9.2 - 2017,Road Bikes,Trek,2,4999.99,0.1,Baldwin Bikes,Marcelene Boyer,8999.982,2017,3
775,2017-03-12,Jonna Brown,Mahopac,Trek Stache 5 - 2017,Mountain Bikes,Trek,1,1499.99,0.07,Baldwin Bikes,Marcelene Boyer,1394.9906999999998,2017,3
776,2017-03-13,Yu Mcdonald,Ossining,Surly Karate Monkey 27.5+ Frameset - 2017,Mountain Bikes,Surly,1,2499.99,0.2,Baldwin Bikes,Marcelene Boyer,1999.992,2017,3
776,2017-03-13,Yu Mcdonald,Ossining,Trek Fuel EX 5 27.5 Plus - 2017,Mountain Bikes,Trek,2,2299.99,0.2,Baldwin Bikes,Marcelene Boyer,3679.984,2017,3
776,2017-03-13,Yu Mcdonald,Ossining,Sun Bicycles Atlas X-Type - 2017,Cruisers Bicycles,Sun Bicycles,1,416.99,0.1,Baldwin Bikes,Marcelene Boyer,375.291,2017,3
776,2017-03-13,Yu Mcdonald,Ossining,Sun Bicycles Spider 3i - 2017,Mountain Bikes,Sun Bicycles,1,832.99,0.1,Baldwin Bikes,Marcelene Boyer,749.691,2017,3
777,2017-03-13,Shu Mays,Astoria,Heller Shagamaw Frame - 2016,Mountain Bikes,Heller,1,1320.99,0.2,Baldwin Bikes,Marcelene Boyer,1056.7920000000001,2017,3
777,2017-03-13,Shu Mays,Astoria,Trek Slash 8 27.5 - 2016,Mountain Bikes,Trek,2,3999.99,0.2,Baldwin Bikes,Marcelene Boyer,6399.984,2017,3
777,2017-03-13,Shu Mays,Astoria,Ritchey Timberwolf Frameset - 2016,Mountain Bikes,Ritchey,1,749.99,0.2,Baldwin Bikes,Marcelene Boyer,599.9920000000001,2017,3
778,2017-03-15,Lolita Mosley,Houston,Electra Townie Original 7D - 2017,Cruisers Bicycles,Electra,1,489.99,0.1,Rowlett Bikes,Layla Terrell,440.99100000000004,2017,3
778,2017-03-15,Lolita Mosley,Houston,Haro Downtown 16 - 2017,Children Bicycles,Haro,1,329.99,0.05,Rowlett Bikes,Layla Terrell,313.4905,2017,3
779,2017-03-15,Blanca Hooper,Ozone Park,Electra Townie 7D (20-inch) - Boys' - 2017,Children Bicycles,Electra,1,339.99,0.05,Baldwin Bikes,Marcelene Boyer,322.9905,2017,3
779,2017-03-15,Blanca Hooper,Ozone Park,Trek Precaliber 16 Girls - 2017,Children Bicycles,Trek,2,209.99,0.2,Baldwin Bikes,Marcelene Boyer,335.98400000000004,2017,3
779,2017-03-15,Blanca Hooper,Ozone Park,Trek Remedy 9.8 - 2017,Mountain Bikes,Trek,1,5299.99,0.2,Baldwin Bikes,Marcelene Boyer,4239.992,2017,3
779,2017-03-15,Blanca Hooper,Ozone Park,Trek Remedy 29 Carbon Frameset - 2016,Mountain Bikes,Trek,1,1799.99,0.2,Baldwin Bikes,Marcelene Boyer,1439.9920000000002,2017,3
779,2017-03-15,Blanca Hooper,Ozone Park,Haro Downtown 16 - 2017,Children Bicycles,Haro,1,329.99,0.2,Baldwin Bikes,Marcelene Boyer,263.992,2017,3
780,2017-03-15,Joni Lee,Centereach,Trek Farley Alloy Frameset - 2017,Mountain Bikes,Trek,1,469.99,0.1,Baldwin Bikes,Marcelene Boyer,422.99100000000004,2017,3
781,2017-03-15,Carita Salinas,Maspeth,Sun Bicycles Cruz 7 - Women's - 2017,Comfort Bicycles,Sun Bicycles,2,416.99,0.05,Baldwin Bikes,Marcelene Boyer,792.281,2017,3
781,2017-03-15,Carita Salinas,Maspeth,Trek Slash 8 27.5 - 2016,Mountain Bikes,Trek,2,3999.99,0.2,Baldwin Bikes,Marcelene Boyer,6399.984,2017,3
781,2017-03-15,Carita Salinas,Maspeth,Trek Emonda S 5 - 2017,Road Bikes,Trek,2,1999.99,0.1,Baldwin Bikes,Marcelene Boyer,3599.982,2017,3
782,2017-03-15,Trudy Riddle,Schenectady,Electra Townie Original 7D EQ - Women's - 2016,Cruisers Bicycles,Electra,2,599.99,0.07,Baldwin Bikes,Venita Daniel,1115.9814,2017,3
782,2017-03-15,Trudy Riddle,Schenectady,Trek Emonda S 5 - 2017,Road Bikes,Trek,1,1999.99,0.07,Baldwin Bikes,Venita Daniel,1859.9906999999998,2017,3
782,2017-03-15,Trudy Riddle,Schenectady,Electra Sugar Skulls 1 (20-inch) - Girl's - 2017,Children Bicycles,Electra,1,299.99,0.07,Baldwin Bikes,Venita Daniel,278.9907,2017,3
782,2017-03-15,Trudy Riddle,Schenectady,Electra Townie Original 7D EQ - 2016,Cruisers Bicycles,Electra,2,599.99,0.2,Baldwin Bikes,Venita Daniel,959.984,2017,3
783,2017-03-16,Jama Rodriquez,Upland,Haro Shredder 20 - 2017,Children Bicycles,Haro,1,209.99,0.2,Santa Cruz Bikes,Mireya Copeland,167.99200000000002,2017,3
783,2017-03-16,Jama Rodriquez,Upland,Electra Girl's Hawaii 1 (16-inch) - 2015/2016,Children Bicycles,Electra,2,269.99,0.05,Santa Cruz Bikes,Mireya Copeland,512.981,2017,3
783,2017-03-16,Jama Rodriquez,Upland,Haro Shredder Pro 20 - 2017,Children Bicycles,Haro,1,249.99,0.05,Santa Cruz Bikes,Mireya Copeland,237.4905,2017,3
783,2017-03-16,Jama Rodriquez,Upland,Trek X-Caliber 8 - 2017,Mountain Bikes,Trek,1,999.99,0.1,Santa Cruz Bikes,Mireya Copeland,899.991,2017,3
784,2017-03-16,Kandi Mcneil,Massapequa Park,Electra Girl's Hawaii 1 (16-inch) - 2015/2016,Children Bicycles,Electra,1,269.99,0.07,Baldwin Bikes,Venita Daniel,251.0907,2017,3
784,2017-03-16,Kandi Mcneil,Massapequa Park,Sun Bicycles Biscayne Tandem 7 - 2017,Cruisers Bicycles,Sun Bicycles,2,619.99,0.1,Baldwin Bikes,Venita Daniel,1115.982,2017,3
784,2017-03-16,Kandi Mcneil,Massapequa Park,Electra Townie Original 7D EQ - 2016,Cruisers Bicycles,Electra,1,599.99,0.2,Baldwin Bikes,Venita Daniel,479.992,2017,3
785,2017-03-18,Donette Mccarthy,Redondo Beach,Trek Domane S 5 Disc - 2017,Road Bikes,Trek,2,2599.99,0.2,Santa Cruz Bikes,Mireya Copeland,4159.9839999999995,2017,3
785,2017-03-18,Donette Mccarthy,Redondo Beach,Trek Fuel EX 9.8 29 - 2017,Mountain Bikes,Trek,1,4999.99,0.07,Santa Cruz Bikes,Mireya Copeland,4649.990699999999,2017,3
785,2017-03-18,Donette Mccarthy,Redondo Beach,Electra Townie Original 7D - 2015/2016,Comfort Bicycles,Electra,1,499.99,0.07,Santa Cruz Bikes,Mireya Copeland,464.9907,2017,3
786,2017-03-18,Magda Eaton,Ossining,Sun Bicycles Brickell Tandem CB - 2017,Cruisers Bicycles,Sun Bicycles,1,761.99,0.05,Baldwin Bikes,Marcelene Boyer,723.8905,2017,3
787,2017-03-18,Collene Knox,Corpus Christi,Trek Silque SLR 8 Women's - 2017,Road Bikes,Trek,2,6499.99,0.07,Rowlett Bikes,Layla Terrell,12089.981399999999,2017,3
787,2017-03-18,Collene Knox,Corpus Christi,Sun Bicycles Revolutions 24 - 2017,Cruisers Bicycles,Sun Bicycles,2,250.99,0.1,Rowlett Bikes,Layla Terrell,451.78200000000004,2017,3
788,2017-03-18,Nestor Haynes,Houston,Trek Emonda S 4 - 2017,Road Bikes,Trek,1,1499.99,0.2,Rowlett Bikes,Layla Terrell,1199.992,2017,3
788,2017-03-18,Nestor Haynes,Houston,Pure Cycles William 3-Speed - 2016,Cruisers Bicycles,Pure Cycles,1,449.0,0.1,Rowlett Bikes,Layla Terrell,404.1,2017,3
788,2017-03-18,Nestor Haynes,Houston,Electra Cruiser 1 (24-Inch) - 2016,Cruisers Bicycles,Electra,1,269.99,0.05,Rowlett Bikes,Layla Terrell,256.4905,2017,3
789,2017-03-19,Latricia Lindsey,Yorktown Heights,Electra Townie 3i EQ (20-inch) - Boys' - 2017,Children Bicycles,Electra,2,489.99,0.2,Baldwin Bikes,Marcelene Boyer,783.984,2017,3
789,2017-03-19,Latricia Lindsey,Yorktown Heights,Haro Shredder 20 Girls - 2017,Children Bicycles,Haro,2,209.99,0.07,Baldwin Bikes,Marcelene Boyer,390.5814,2017,3
790,2017-03-19,Nichelle Rosario,Garden City,Trek Boone 7 - 2017,Cyclocross Bicycles,Trek,2,3499.99,0.07,Baldwin Bikes,Venita Daniel,6509.981399999999,2017,3
790,2017-03-19,Nichelle Rosario,Garden City,Trek Precaliber 24 (21-Speed) - Girls - 2017,Children Bicycles,Trek,1,349.99,0.1,Baldwin Bikes,Venita Daniel,314.99100000000004,2017,3
791,2017-03-20,Julius Holt,East Meadow,Trek Domane SL Disc Frameset - 2017,Road Bikes,Trek,1,3199.99,0.2,Baldwin Bikes,Marcelene Boyer,2559.992,2017,3
791,2017-03-20,Julius Holt,East Meadow,Electra Townie Original 7D - 2015/2016,Comfort Bicycles,Electra,2,499.99,0.07,Baldwin Bikes,Marcelene Boyer,929.9814,2017,3
792,2017-03-22,Gertha Mejia,Flushing,Electra Townie Original 7D EQ - 2016,Cruisers Bicycles,Electra,2,599.99,0.2,Baldwin Bikes,Marcelene Boyer,959.984,2017,3
792,2017-03-22,Gertha Mejia,Flushing,Trek Stache 5 - 2017,Mountain Bikes,Trek,1,1499.99,0.2,Baldwin Bikes,Marcelene Boyer,1199.992,2017,3
792,2017-03-22,Gertha Mejia,Flushing,Trek Domane SLR 6 Disc - 2017,Road Bikes,Trek,1,5499.99,0.2,Baldwin Bikes,Marcelene Boyer,4399.992,2017,3
792,2017-03-22,Gertha Mejia,Flushing,Surly Ice Cream Truck Frameset - 2017,Mountain Bikes,Surly,1,999.99,0.05,Baldwin Bikes,Marcelene Boyer,949.9905,2017,3
792,2017-03-22,Gertha Mejia,Flushing,Ritchey Timberwolf Frameset - 2016,Mountain Bikes,Ritchey,1,749.99,0.2,Baldwin Bikes,Marcelene Boyer,599.9920000000001,2017,3
793,2017-03-23,Florencio Davenport,Jamestown,Sun Bicycles ElectroLite - 2017,Electric Bikes,Sun Bicycles,1,1559.99,0.05,Baldwin Bikes,Marcelene Boyer,1481.9904999999999,2017,3
793,2017-03-23,Florencio Davenport,Jamestown,"Electra Girl's Hawaii 1 16"" - 2017",Children Bicycles,Electra,2,299.99,0.05,Baldwin Bikes,Marcelene Boyer,569.981,2017,3
793,2017-03-23,Florencio Davenport,Jamestown,Electra Cruiser Lux Fat Tire 1 Ladies - 2017,Cruisers Bicycles,Electra,2,599.99,0.05,Baldwin Bikes,Marcelene Boyer,1139.981,2017,3
794,2017-03-23,Shonta Preston,Utica,Haro Shift R3 - 2017,Mountain Bikes,Haro,2,1469.99,0.05,Baldwin Bikes,Venita Daniel,2792.9809999999998,2017,3
794,2017-03-23,Shonta Preston,Utica,Sun Bicycles Cruz 3 - 2017,Cruisers Bicycles,Sun Bicycles,1,449.99,0.2,Baldwin Bikes,Venita Daniel,359.992,2017,3
794,2017-03-23,Shonta Preston,Utica,Pure Cycles Vine 8-Speed - 2016,Cruisers Bicycles,Pure Cycles,1,429.0,0.07,Baldwin Bikes,Venita Daniel,398.96999999999997,2017,3
794,2017-03-23,Shonta Preston,Utica,Surly Karate Monkey 27.5+ Frameset - 2017,Mountain Bikes,Surly,1,2499.99,0.1,Baldwin Bikes,Venita Daniel,2249.991,2017,3
795,2017-03-23,Chere Alston,Patchogue,"Electra Girl's Hawaii 1 16"" - 2017",Children Bicycles,Electra,2,299.99,0.05,Baldwin Bikes,Venita Daniel,569.981,2017,3
795,2017-03-23,Chere Alston,Patchogue,Electra Sugar Skulls 1 (20-inch) - Girl's - 2017,Children Bicycles,Electra,2,299.99,0.05,Baldwin Bikes,Venita Daniel,569.981,2017,3
796,2017-03-23,Jenise Preston,Helotes,Surly Ice Cream Truck Frameset - 2016,Mountain Bikes,Surly,2,469.99,0.2,Rowlett Bikes,Layla Terrell,751.984,2017,3
797,2017-03-24,Candelaria Coffey,Merrick,Surly Straggler 650b - 2016,Cyclocross Bicycles,Surly,1,1680.99,0.07,Baldwin Bikes,Venita Daniel,1563.3207,2017,3
797,2017-03-24,Candelaria Coffey,Merrick,Sun Bicycles Cruz 7 - 2017,Cruisers Bicycles,Sun Bicycles,1,416.99,0.05,Baldwin Bikes,Venita Daniel,396.1405,2017,3
797,2017-03-24,Candelaria Coffey,Merrick,Electra Cruiser Lux 1 - 2017,Cruisers Bicycles,Electra,1,439.99,0.1,Baldwin Bikes,Venita Daniel,395.99100000000004,2017,3
797,2017-03-24,Candelaria Coffey,Merrick,Trek Domane SL Disc Frameset - 2017,Road Bikes,Trek,2,3199.99,0.05,Baldwin Bikes,Venita Daniel,6079.980999999999,2017,3
797,2017-03-24,Candelaria Coffey,Merrick,Trek Boone 7 - 2017,Cyclocross Bicycles,Trek,2,3499.99,0.1,Baldwin Bikes,Venita Daniel,6299.982,2017,3
798,2017-03-26,Ana Palmer,Anaheim,Electra Girl's Hawaii 1 (20-inch) - 2015/2016,Children Bicycles,Electra,1,299.99,0.1,Santa Cruz Bikes,Genna Serrano,269.99100000000004,2017,3
798,2017-03-26,Ana Palmer,Anaheim,Trek Precaliber 16 Girls - 2017,Children Bicycles,Trek,1,209.99,0.05,Santa Cruz Bikes,Genna Serrano,199.4905,2017,3
798,2017-03-26,Ana Palmer,Anaheim,Trek Precaliber 24 (21-Speed) - Girls - 2017,Children Bicycles,Trek,2,349.99,0.07,Santa Cruz Bikes,Genna Serrano,650.9814,2017,3
798,2017-03-26,Ana Palmer,Anaheim,Trek Fuel EX 5 27.5 Plus - 2017,Mountain Bikes,Trek,1,2299.99,0.2,Santa Cruz Bikes,Genna Serrano,1839.992,2017,3
798,2017-03-26,Ana Palmer,Anaheim,Electra Townie Original 7D EQ - 2016,Comfort Bicycles,Electra,2,599.99,0.05,Santa Cruz Bikes,Genna Serrano,1139.981,2017,3
799,2017-03-27,Paul Lester,Vista,Heller Shagamaw Frame - 2016,Mountain Bikes,Heller,2,1320.99,0.1,Santa Cruz Bikes,Genna Serrano,2377.782,2017,3
799,2017-03-27,Paul Lester,Vista,Trek Session DH 27.5 Carbon Frameset - 2017,Mountain Bikes,Trek,2,469.99,0.05,Santa Cruz Bikes,Genna Serrano,892.981,2017,3
799,2017-03-27,Paul Lester,Vista,Trek X-Caliber 8 - 2017,Mountain Bikes,Trek,2,999.99,0.07,Santa Cruz Bikes,Genna Serrano,1859.9814,2017,3
799,2017-03-27,Paul Lester,Vista,Trek Boone Race Shop Limited - 2017,Cyclocross Bicycles,Trek,1,3499.99,0.1,Santa Cruz Bikes,Genna Serrano,3149.991,2017,3
799,2017-03-27,Paul Lester,Vista,Trek Madone 9.2 - 2017,Road Bikes,Trek,2,4999.99,0.07,Santa Cruz Bikes,Genna Serrano,9299.981399999999,2017,3
800,2017-03-27,Conchita Boone,Mount Vernon,Sun Bicycles Lil Bolt Type-R - 2017,Cruisers Bicycles,Sun Bicycles,2,346.99,0.1,Baldwin Bikes,Marcelene Boyer,624.582,2017,3
800,2017-03-27,Conchita Boone,Mount Vernon,Trek Domane SL Disc Frameset - 2017,Road Bikes,Trek,1,3199.99,0.07,Baldwin Bikes,Marcelene Boyer,2975.9906999999994,2017,3
800,2017-03-27,Conchita Boone,Mount Vernon,Surly Ice Cream Truck Frameset - 2016,Mountain Bikes,Surly,2,469.99,0.05,Baldwin Bikes,Marcelene Boyer,892.981,2017,3
800,2017-03-27,Conchita Boone,Mount Vernon,Surly Steamroller - 2017,Road Bikes,Surly,1,875.99,0.1,Baldwin Bikes,Marcelene Boyer,788.3910000000001,2017,3
800,2017-03-27,Conchita Boone,Mount Vernon,"Electra Girl's Hawaii 1 16"" - 2017",Children Bicycles,Electra,2,299.99,0.05,Baldwin Bikes,Marcelene Boyer,569.981,2017,3
801,2017-03-28,Chi Goff,Palos Verdes Peninsula,Electra Townie 7D (20-inch) - Boys' - 2017,Children Bicycles,Electra,1,339.99,0.07,Santa Cruz Bikes,Mireya Copeland,316.1907,2017,3
802,2017-03-28,Yanira Bradshaw,Smithtown,Surly Ice Cream Truck Frameset - 2017,Mountain Bikes,Surly,1,999.99,0.05,Baldwin Bikes,Marcelene Boyer,949.9905,2017,3
802,2017-03-28,Yanira Bradshaw,Smithtown,Surly Troll Frameset - 2017,Mountain Bikes,Surly,2,832.99,0.2,Baldwin Bikes,Marcelene Boyer,1332.784,2017,3
802,2017-03-28,Yanira Bradshaw,Smithtown,Trek Fuel EX 9.8 29 - 2017,Mountain Bikes,Trek,1,4999.99,0.1,Baldwin Bikes,Marcelene Boyer,4499.991,2017,3
802,2017-03-28,Yanira Bradshaw,Smithtown,Surly Karate Monkey 27.5+ Frameset - 2017,Mountain Bikes,Surly,1,2499.99,0.05,Baldwin Bikes,Marcelene Boyer,2374.9905,2017,3
803,2017-03-28,Armando Black,Richardson,Sun Bicycles Drifter 7 - Women's - 2017,Comfort Bicycles,Sun Bicycles,1,470.99,0.07,Rowlett Bikes,Kali Vargas,438.0207,2017,3
803,2017-03-28,Armando Black,Richardson,Surly Steamroller - 2017,Road Bikes,Surly,2,875.99,0.05,Rowlett Bikes,Kali Vargas,1664.3809999999999,2017,3
803,2017-03-28,Armando Black,Richardson,Electra Townie Original 7D - 2017,Comfort Bicycles,Electra,1,489.99,0.07,Rowlett Bikes,Kali Vargas,455.6907,2017,3
803,2017-03-28,Armando Black,Richardson,Trek Boy's Kickster - 2015/2017,Children Bicycles,Trek,2,149.99,0.05,Rowlett Bikes,Kali Vargas,284.981,2017,3
804,2017-03-29,Letitia Franco,Saratoga Springs,Trek Precaliber 16 Boys - 2017,Children Bicycles,Trek,2,209.99,0.2,Baldwin Bikes,Marcelene Boyer,335.98400000000004,2017,3
804,2017-03-29,Letitia Franco,Saratoga Springs,Surly Ogre Frameset - 2017,Road Bikes,Surly,1,749.99,0.07,Baldwin Bikes,Marcelene Boyer,697.4907,2017,3
804,2017-03-29,Letitia Franco,Saratoga Springs,Trek Silque SLR 7 Women's - 2017,Road Bikes,Trek,2,5999.99,0.05,Baldwin Bikes,Marcelene Boyer,11399.981,2017,3
805,2017-03-29,Vince Schneider,Merrick,Electra Townie Original 21D - 2016,Comfort Bicycles,Electra,1,549.99,0.05,Baldwin Bikes,Marcelene Boyer,522.4905,2017,3
805,2017-03-29,Vince Schneider,Merrick,Surly Wednesday Frameset - 2017,Mountain Bikes,Surly,2,469.99,0.2,Baldwin Bikes,Marcelene Boyer,751.984,2017,3
805,2017-03-29,Vince Schneider,Merrick,Trek Boone 7 - 2017,Cyclocross Bicycles,Trek,2,3499.99,0.2,Baldwin Bikes,Marcelene Boyer,5599.984,2017,3
805,2017-03-29,Vince Schneider,Merrick,Trek Farley Alloy Frameset - 2017,Mountain Bikes,Trek,1,469.99,0.07,Baldwin Bikes,Marcelene Boyer,437.09069999999997,2017,3
805,2017-03-29,Vince Schneider,Merrick,Surly Ice Cream Truck Frameset - 2016,Mountain Bikes,Surly,2,469.99,0.05,Baldwin Bikes,Marcelene Boyer,892.981,2017,3
806,2017-03-30,Winfred Harris,East Meadow,Haro Shredder 20 Girls - 2017,Children Bicycles,Haro,2,209.99,0.1,Baldwin Bikes,Venita Daniel,377.982,2017,3
806,2017-03-30,Winfred Harris,East Meadow,Electra Savannah 3i (20-inch) - Girl's - 2017,Children Bicycles,Electra,1,349.99,0.2,Baldwin Bikes,Venita Daniel,279.992,2017,3
806,2017-03-30,Winfred Harris,East Meadow,Electra Glam Punk 3i Ladies' - 2017,Cruisers Bicycles,Electra,2,799.99,0.1,Baldwin Bikes,Venita Daniel,1439.982,2017,3
806,2017-03-30,Winfred Harris,East Meadow,Electra Amsterdam Original 3i Ladies' - 2017,Cruisers Bicycles,Electra,2,659.99,0.2,Baldwin Bikes,Venita Daniel,1055.9840000000002,2017,3
806,2017-03-30,Winfred Harris,East Meadow,Trek Precaliber 24 (21-Speed) - Girls - 2017,Children Bicycles,Trek,2,349.99,0.07,Baldwin Bikes,Venita Daniel,650.9814,2017,3
807,2017-03-30,Lenore Valdez,Spring Valley,Electra Cruiser 1 (24-Inch) - 2016,Children Bicycles,Electra,2,269.99,0.2,Baldwin Bikes,Marcelene Boyer,431.98400000000004,2017,3
807,2017-03-30,Lenore Valdez,Spring Valley,Surly Ice Cream Truck Frameset - 2016,Mountain Bikes,Surly,1,469.99,0.07,Baldwin Bikes,Marcelene Boyer,437.09069999999997,2017,3
807,2017-03-30,Lenore Valdez,Spring Valley,Surly Wednesday Frameset - 2016,Mountain Bikes,Surly,2,999.99,0.07,Baldwin Bikes,Marcelene Boyer,1859.9814,2017,3
807,2017-03-30,Lenore Valdez,Spring Valley,Trek Conduit+ - 2016,Electric Bikes,Trek,2,2999.99,0.2,Baldwin Bikes,Marcelene Boyer,4799.9839999999995,2017,3
807,2017-03-30,Lenore Valdez,Spring Valley,Electra Townie Original 7D EQ - 2016,Cruisers Bicycles,Electra,1,599.99,0.2,Baldwin Bikes,Marcelene Boyer,479.992,2017,3
808,2017-03-31,Justina Jenkins,Baldwin,Electra Moto 3i (20-inch) - Boy's - 2017,Children Bicycles,Electra,2,349.99,0.05,Baldwin Bikes,Marcelene Boyer,664.981,2017,3
808,2017-03-31,Justina Jenkins,Baldwin,Pure Cycles Western 3-Speed - Women's - 2015/2016,Cruisers Bicycles,Pure Cycles,1,449.0,0.05,Baldwin Bikes,Marcelene Boyer,426.54999999999995,2017,3
808,2017-03-31,Justina Jenkins,Baldwin,Haro Downtown 16 - 2017,Children Bicycles,Haro,1,329.99,0.05,Baldwin Bikes,Marcelene Boyer,313.4905,2017,3
808,2017-03-31,Justina Jenkins,Baldwin,Pure Cycles William 3-Speed - 2016,Cruisers Bicycles,Pure Cycles,2,449.0,0.05,Baldwin Bikes,Marcelene Boyer,853.0999999999999,2017,3
809,2017-03-31,Geraldine O'donnell,Flushing,Sun Bicycles Biscayne Tandem CB - 2017,Cruisers Bicycles,Sun Bicycles,1,647.99,0.1,Baldwin Bikes,Venita Daniel,583.191,2017,3
809,2017-03-31,Geraldine O'donnell,Flushing,Electra Townie Original 7D EQ - 2016,Comfort Bicycles,Electra,1,599.99,0.2,Baldwin Bikes,Venita Daniel,479.992,2017,3
809,2017-03-31,Geraldine O'donnell,Flushing,Haro Shredder 20 - 2017,Children Bicycles,Haro,2,209.99,0.1,Baldwin Bikes,Venita Daniel,377.982,2017,3
810,2017-04-01,Laraine Robbins,San Angelo,Sun Bicycles Streamway 3 - 2017,Comfort Bicycles,Sun Bicycles,2,551.99,0.05,Rowlett Bikes,Kali Vargas,1048.781,2017,4
810,2017-04-01,Laraine Robbins,San Angelo,Electra Townie 3i EQ (20-inch) - Boys' - 2017,Children Bicycles,Electra,1,489.99,0.2,Rowlett Bikes,Kali Vargas,391.992,2017,4
810,2017-04-01,Laraine Robbins,San Angelo,Trek Domane SLR 6 Disc - 2017,Road Bikes,Trek,1,5499.99,0.05,Rowlett Bikes,Kali Vargas,5224.9905,2017,4
810,2017-04-01,Laraine Robbins,San Angelo,Electra Girl's Hawaii 1 (16-inch) - 2015/2016,Children Bicycles,Electra,1,269.99,0.2,Rowlett Bikes,Kali Vargas,215.99200000000002,2017,4
811,2017-04-01,Larraine Horn,Utica,Haro SR 1.2 - 2017,Mountain Bikes,Haro,2,869.99,0.07,Baldwin Bikes,Venita Daniel,1618.1814,2017,4
811,2017-04-01,Larraine Horn,Utica,Trek Domane SL Disc Frameset - 2017,Road Bikes,Trek,1,3199.99,0.2,Baldwin Bikes,Venita Daniel,2559.992,2017,4
811,2017-04-01,Larraine Horn,Utica,Electra Amsterdam Original 3i - 2015/2017,Cruisers Bicycles,Electra,1,659.99,0.07,Baldwin Bikes,Venita Daniel,613.7907,2017,4
811,2017-04-01,Larraine Horn,Utica,Sun Bicycles Revolutions 24 - 2017,Cruisers Bicycles,Sun Bicycles,1,250.99,0.1,Baldwin Bikes,Venita Daniel,225.89100000000002,2017,4
812,2017-04-01,Patrina Tanner,Scarsdale,"Electra Girl's Hawaii 1 16"" - 2017",Cruisers Bicycles,Electra,2,299.99,0.1,Baldwin Bikes,Venita Daniel,539.9820000000001,2017,4
812,2017-04-01,Patrina Tanner,Scarsdale,Trek Fuel EX 9.8 29 - 2017,Mountain Bikes,Trek,1,4999.99,0.2,Baldwin Bikes,Venita Daniel,3999.992,2017,4
813,2017-04-01,Georgeann Rojas,Desoto,Electra Moto 3i (20-inch) - Boy's - 2017,Children Bicycles,Electra,2,349.99,0.1,Rowlett Bikes,Layla Terrell,629.9820000000001,2017,4
813,2017-04-01,Georgeann Rojas,Desoto,Haro Downtown 16 - 2017,Children Bicycles,Haro,2,329.99,0.2,Rowlett Bikes,Layla Terrell,527.984,2017,4
813,2017-04-01,Georgeann Rojas,Desoto,Surly Wednesday Frameset - 2017,Mountain Bikes,Surly,2,469.99,0.2,Rowlett Bikes,Layla Terrell,751.984,2017,4
813,2017-04-01,Georgeann Rojas,Desoto,Electra Townie Original 7D EQ - 2016,Comfort Bicycles,Electra,2,599.99,0.07,Rowlett Bikes,Layla Terrell,1115.9814,2017,4
813,2017-04-01,Georgeann Rojas,Desoto,Sun Bicycles Atlas X-Type - 2017,Cruisers Bicycles,Sun Bicycles,2,416.99,0.05,Rowlett Bikes,Layla Terrell,792.281,2017,4
814,2017-04-02,Evelina Byrd,Buffalo,Sun Bicycles Cruz 7 - 2017,Cruisers Bicycles,Sun Bicycles,2,416.99,0.1,Baldwin Bikes,Venita Daniel,750.582,2017,4
814,2017-04-02,Evelina Byrd,Buffalo,Electra Townie 3i EQ (20-inch) - Boys' - 2017,Children Bicycles,Electra,1,489.99,0.1,Baldwin Bikes,Venita Daniel,440.99100000000004,2017,4
814,2017-04-02,Evelina Byrd,Buffalo,Sun Bicycles Lil Bolt Type-R - 2017,Cruisers Bicycles,Sun Bicycles,1,346.99,0.2,Baldwin Bikes,Venita Daniel,277.59200000000004,2017,4
814,2017-04-02,Evelina Byrd,Buffalo,Trek Boy's Kickster - 2015/2017,Children Bicycles,Trek,2,149.99,0.05,Baldwin Bikes,Venita Daniel,284.981,2017,4
815,2017-04-03,Nanette Roman,Glendora,Sun Bicycles Streamway 7 - 2017,Comfort Bicycles,Sun Bicycles,2,533.99,0.2,Santa Cruz Bikes,Genna Serrano,854.384,2017,4
815,2017-04-03,Nanette Roman,Glendora,Electra Townie Original 7D - 2017,Comfort Bicycles,Electra,2,489.99,0.2,Santa Cruz Bikes,Genna Serrano,783.984,2017,4
815,2017-04-03,Nanette Roman,Glendora,Trek Precaliber 12 Boys - 2017,Children Bicycles,Trek,2,189.99,0.1,Santa Cruz Bikes,Genna Serrano,341.982,2017,4
815,2017-04-03,Nanette Roman,Glendora,Electra Girl's Hawaii 1 (20-inch) - 2015/2016,Children Bicycles,Electra,1,299.99,0.07,Santa Cruz Bikes,Genna Serrano,278.9907,2017,4
816,2017-04-03,Shanti Johnston,Staten Island,Electra Cruiser Lux Fat Tire 1 Ladies - 2017,Cruisers Bicycles,Electra,2,599.99,0.1,Baldwin Bikes,Marcelene Boyer,1079.982,2017,4
816,2017-04-03,Shanti Johnston,Staten Island,Electra Townie Original 7D - 2017,Cruisers Bicycles,Electra,2,489.99,0.2,Baldwin Bikes,Marcelene Boyer,783.984,2017,4
817,2017-04-04,Annett Garrett,Scarsdale,Haro Downtown 16 - 2017,Children Bicycles,Haro,1,329.99,0.05,Baldwin Bikes,Venita Daniel,313.4905,2017,4
817,2017-04-04,Annett Garrett,Scarsdale,Sun Bicycles Streamway 7 - 2017,Comfort Bicycles,Sun Bicycles,2,533.99,0.07,Baldwin Bikes,Venita Daniel,993.2213999999999,2017,4
817,2017-04-04,Annett Garrett,Scarsdale,Trek Emonda S 4 - 2017,Road Bikes,Trek,2,1499.99,0.05,Baldwin Bikes,Venita Daniel,2849.9809999999998,2017,4
818,2017-04-04,Claris Santiago,Newburgh,Sun Bicycles Streamway 3 - 2017,Comfort Bicycles,Sun Bicycles,1,551.99,0.05,Baldwin Bikes,Marcelene Boyer,524.3905,2017,4
818,2017-04-04,Claris Santiago,Newburgh,Haro SR 1.1 - 2017,Mountain Bikes,Haro,2,539.99,0.07,Baldwin Bikes,Marcelene Boyer,1004.3814,2017,4
818,2017-04-04,Claris Santiago,Newburgh,Pure Cycles William 3-Speed - 2016,Cruisers Bicycles,Pure Cycles,2,449.0,0.05,Baldwin Bikes,Marcelene Boyer,853.0999999999999,2017,4
818,2017-04-04,Claris Santiago,Newburgh,Trek Emonda S 4 - 2017,Road Bikes,Trek,2,1499.99,0.05,Baldwin Bikes,Marcelene Boyer,2849.9809999999998,2017,4
819,2017-04-04,Clementine Mooney,Mcallen,Haro Shredder Pro 20 - 2017,Children Bicycles,Haro,1,249.99,0.2,Rowlett Bikes,Layla Terrell,199.99200000000002,2017,4
820,2017-04-05,Carola Mcpherson,Rego Park,Sun Bicycles Cruz 7 - 2017,Comfort Bicycles,Sun Bicycles,1,416.99,0.05,Baldwin Bikes,Venita Daniel,396.1405,2017,4
821,2017-04-05,Agustina Lawrence,Brooklyn,Electra Townie Original 7D - 2017,Comfort Bicycles,Electra,1,489.99,0.07,Baldwin Bikes,Venita Daniel,455.6907,2017,4
821,2017-04-05,Agustina Lawrence,Brooklyn,Electra Amsterdam Original 3i - 2015/2017,Cruisers Bicycles,Electra,2,659.99,0.2,Baldwin Bikes,Venita Daniel,1055.9840000000002,2017,4
821,2017-04-05,Agustina Lawrence,Brooklyn,Surly Ice Cream Truck Frameset - 2016,Mountain Bikes,Surly,1,469.99,0.2,Baldwin Bikes,Venita Daniel,375.992,2017,4
821,2017-04-05,Agustina Lawrence,Brooklyn,Sun Bicycles Cruz 7 - 2017,Comfort Bicycles,Sun Bicycles,1,416.99,0.05,Baldwin Bikes,Venita Daniel,396.1405,2017,4
822,2017-04-06,Clementina Sargent,Rome,Surly Ogre Frameset - 2017,Road Bikes,Surly,1,749.99,0.05,Baldwin Bikes,Venita Daniel,712.4905,2017,4
822,2017-04-06,Clementina Sargent,Rome,Sun Bicycles Biscayne Tandem 7 - 2017,Cruisers Bicycles,Sun Bicycles,1,619.99,0.2,Baldwin Bikes,Venita Daniel,495.992,2017,4
823,2017-04-06,Gwendolyn Miller,Harlingen,Trek Domane SLR 6 Disc - 2017,Road Bikes,Trek,2,5499.99,0.07,Rowlett Bikes,Kali Vargas,10229.981399999999,2017,4
823,2017-04-06,Gwendolyn Miller,Harlingen,Trek Girl's Kickster - 2017,Children Bicycles,Trek,2,149.99,0.2,Rowlett Bikes,Kali Vargas,239.98400000000004,2017,4
823,2017-04-06,Gwendolyn Miller,Harlingen,Electra Amsterdam Fashion 7i Ladies' - 2017,Cruisers Bicycles,Electra,1,1099.99,0.2,Rowlett Bikes,Kali Vargas,879.9920000000001,2017,4
824,2017-04-07,Giovanna Jefferson,Ridgecrest,Haro Shredder 20 - 2017,Children Bicycles,Haro,2,209.99,0.1,Santa Cruz Bikes,Mireya Copeland,377.982,2017,4
825,2017-04-07,Pamelia Newman,Monroe,Pure Cycles William 3-Speed - 2016,Cruisers Bicycles,Pure Cycles,1,449.0,0.1,Baldwin Bikes,Venita Daniel,404.1,2017,4
825,2017-04-07,Pamelia Newman,Monroe,Surly Ice Cream Truck Frameset - 2017,Mountain Bikes,Surly,2,999.99,0.2,Baldwin Bikes,Venita Daniel,1599.9840000000002,2017,4
826,2017-04-07,Bennett Armstrong,Bethpage,Haro SR 1.2 - 2017,Mountain Bikes,Haro,2,869.99,0.2,Baldwin Bikes,Marcelene Boyer,1391.9840000000002,2017,4
826,2017-04-07,Bennett Armstrong,Bethpage,Surly Troll Frameset - 2017,Mountain Bikes,Surly,1,832.99,0.1,Baldwin Bikes,Marcelene Boyer,749.691,2017,4
827,2017-04-07,Brittni Green,Floral Park,Trek Fuel EX 9.8 27.5 Plus - 2017,Mountain Bikes,Trek,1,5299.99,0.05,Baldwin Bikes,Venita Daniel,5034.9905,2017,4
827,2017-04-07,Brittni Green,Floral Park,Haro Shift R3 - 2017,Mountain Bikes,Haro,1,1469.99,0.2,Baldwin Bikes,Venita Daniel,1175.992,2017,4
827,2017-04-07,Brittni Green,Floral Park,Surly Karate Monkey 27.5+ Frameset - 2017,Mountain Bikes,Surly,1,2499.99,0.2,Baldwin Bikes,Venita Daniel,1999.992,2017,4
827,2017-04-07,Brittni Green,Floral Park,Sun Bicycles Cruz 3 - Women's - 2017,Comfort Bicycles,Sun Bicycles,1,449.99,0.2,Baldwin Bikes,Venita Daniel,359.992,2017,4
828,2017-04-09,Dionne Norris,Niagara Falls,Electra Townie Original 7D - 2015/2016,Comfort Bicycles,Electra,2,499.99,0.2,Baldwin Bikes,Marcelene Boyer,799.984,2017,4
828,2017-04-09,Dionne Norris,Niagara Falls,Electra Townie Original 21D - 2016,Comfort Bicycles,Electra,1,549.99,0.2,Baldwin Bikes,Marcelene Boyer,439.992,2017,4
828,2017-04-09,Dionne Norris,Niagara Falls,Trek Domane S 6 - 2017,Road Bikes,Trek,2,2699.99,0.07,Baldwin Bikes,Marcelene Boyer,5021.9814,2017,4
829,2017-04-09,Ira Moore,Saratoga Springs,Sun Bicycles Streamway 3 - 2017,Comfort Bicycles,Sun Bicycles,1,551.99,0.2,Baldwin Bikes,Venita Daniel,441.59200000000004,2017,4
829,2017-04-09,Ira Moore,Saratoga Springs,Sun Bicycles Streamway 7 - 2017,Comfort Bicycles,Sun Bicycles,2,533.99,0.1,Baldwin Bikes,Venita Daniel,961.182,2017,4
830,2017-04-11,Luciano Marsh,Bellmore,Haro Downtown 16 - 2017,Children Bicycles,Haro,2,329.99,0.2,Baldwin Bikes,Marcelene Boyer,527.984,2017,4
830,2017-04-11,Luciano Marsh,Bellmore,Electra Townie 3i EQ (20-inch) - Boys' - 2017,Children Bicycles,Electra,2,489.99,0.07,Baldwin Bikes,Marcelene Boyer,911.3814,2017,4
830,2017-04-11,Luciano Marsh,Bellmore,Electra Moto 3i (20-inch) - Boy's - 2017,Children Bicycles,Electra,2,349.99,0.2,Baldwin Bikes,Marcelene Boyer,559.984,2017,4
831,2017-04-11,Shiloh Reeves,West Babylon,Sun Bicycles Revolutions 24 - Girl's - 2017,Cruisers Bicycles,Sun Bicycles,1,250.99,0.2,Baldwin Bikes,Venita Daniel,200.79200000000003,2017,4
831,2017-04-11,Shiloh Reeves,West Babylon,Surly Straggler 650b - 2016,Cyclocross Bicycles,Surly,1,1680.99,0.2,Baldwin Bikes,Venita Daniel,1344.7920000000001,2017,4
831,2017-04-11,Shiloh Reeves,West Babylon,Sun Bicycles Cruz 3 - 2017,Cruisers Bicycles,Sun Bicycles,1,449.99,0.1,Baldwin Bikes,Venita Daniel,404.99100000000004,2017,4
832,2017-04-11,Karl Stephens,Rockville Centre,Trek Domane SL Disc Frameset - 2017,Road Bikes,Trek,1,3199.99,0.05,Baldwin Bikes,Venita Daniel,3039.9904999999994,2017,4
832,2017-04-11,Karl Stephens,Rockville Centre,Haro SR 1.2 - 2017,Mountain Bikes,Haro,1,869.99,0.2,Baldwin Bikes,Venita Daniel,695.9920000000001,2017,4
832,2017-04-11,Karl Stephens,Rockville Centre,Surly Big Dummy Frameset - 2017,Mountain Bikes,Surly,1,999.99,0.07,Baldwin Bikes,Venita Daniel,929.9907,2017,4
832,2017-04-11,Karl Stephens,Rockville Centre,Electra Townie Original 7D EQ - 2016,Cruisers Bicycles,Electra,2,599.99,0.1,Baldwin Bikes,Venita Daniel,1079.982,2017,4
833,2017-04-12,Kerrie O'neill,Shirley,Electra Townie Original 7D EQ - Women's - 2016,Cruisers Bicycles,Electra,2,599.99,0.05,Baldwin Bikes,Venita Daniel,1139.981,2017,4
834,2017-04-12,Rosanne George,Ossining,Trek Domane SL Disc Frameset - 2017,Road Bikes,Trek,1,3199.99,0.07,Baldwin Bikes,Marcelene Boyer,2975.9906999999994,2017,4
834,2017-04-12,Rosanne George,Ossining,Electra Cruiser 1 (24-Inch) - 2016,Children Bicycles,Electra,1,269.99,0.05,Baldwin Bikes,Marcelene Boyer,256.4905,2017,4
834,2017-04-12,Rosanne George,Ossining,Sun Bicycles Biscayne Tandem CB - 2017,Cruisers Bicycles,Sun Bicycles,1,647.99,0.2,Baldwin Bikes,Marcelene Boyer,518.392,2017,4
835,2017-04-13,Marina Hinton,Encino,Sun Bicycles Lil Bolt Type-R - 2017,Cruisers Bicycles,Sun Bicycles,2,346.99,0.07,Santa Cruz Bikes,Mireya Copeland,645.4014,2017,4
835,2017-04-13,Marina Hinton,Encino,Electra Amsterdam Original 3i Ladies' - 2017,Cruisers Bicycles,Electra,1,659.99,0.2,Santa Cruz Bikes,Mireya Copeland,527.9920000000001,2017,4
835,2017-04-13,Marina Hinton,Encino,Ritchey Timberwolf Frameset - 2016,Mountain Bikes,Ritchey,1,749.99,0.05,Santa Cruz Bikes,Mireya Copeland,712.4905,2017,4
836,2017-04-13,Sherita Cherry,Liverpool,Sun Bicycles Cruz 3 - Women's - 2017,Comfort Bicycles,Sun Bicycles,2,449.99,0.2,Baldwin Bikes,Marcelene Boyer,719.984,2017,4
837,2017-04-13,Siobhan Lang,Levittown,Trek Silque SLR 8 Women's - 2017,Road Bikes,Trek,1,6499.99,0.05,Baldwin Bikes,Venita Daniel,6174.9905,2017,4
837,2017-04-13,Siobhan Lang,Levittown,Electra Savannah 3i (20-inch) - Girl's - 2017,Children Bicycles,Electra,1,349.99,0.1,Baldwin Bikes,Venita Daniel,314.99100000000004,2017,4
837,2017-04-13,Siobhan Lang,Levittown,Trek Precaliber 12 Boys - 2017,Children Bicycles,Trek,2,189.99,0.2,Baldwin Bikes,Venita Daniel,303.98400000000004,2017,4
838,2017-04-14,Eliseo Knight,Woodhaven,Surly Karate Monkey 27.5+ Frameset - 2017,Mountain Bikes,Surly,1,2499.99,0.1,Baldwin Bikes,Venita Daniel,2249.991,2017,4
838,2017-04-14,Eliseo Knight,Woodhaven,Surly Straggler - 2016,Cyclocross Bicycles,Surly,1,1549.0,0.1,Baldwin Bikes,Venita Daniel,1394.1000000000001,2017,4
838,2017-04-14,Eliseo Knight,Woodhaven,Electra Townie 3i EQ (20-inch) - Boys' - 2017,Children Bicycles,Electra,2,489.99,0.05,Baldwin Bikes,Venita Daniel,930.981,2017,4
838,2017-04-14,Eliseo Knight,Woodhaven,Sun Bicycles Lil Bolt Type-R - 2017,Cruisers Bicycles,Sun Bicycles,2,346.99,0.07,Baldwin Bikes,Venita Daniel,645.4014,2017,4
839,2017-04-15,Novella Ross,Glendora,Trek Domane S 6 - 2017,Road Bikes,Trek,1,2699.99,0.07,Santa Cruz Bikes,Genna Serrano,2510.9907,2017,4
839,2017-04-15,Novella Ross,Glendora,Haro Downtown 16 - 2017,Children Bicycles,Haro,1,329.99,0.1,Santa Cruz Bikes,Genna Serrano,296.99100000000004,2017,4
839,2017-04-15,Novella Ross,Glendora,Trek Madone 9.2 - 2017,Road Bikes,Trek,2,4999.99,0.05,Santa Cruz Bikes,Genna Serrano,9499.981,2017,4
840,2017-04-15,Collene Roman,Wappingers Falls,Surly Big Dummy Frameset - 2017,Mountain Bikes,Surly,1,999.99,0.07,Baldwin Bikes,Marcelene Boyer,929.9907,2017,4
840,2017-04-15,Collene Roman,Wappingers Falls,Trek Fuel EX 9.8 27.5 Plus - 2017,Mountain Bikes,Trek,1,5299.99,0.07,Baldwin Bikes,Marcelene Boyer,4928.990699999999,2017,4
840,2017-04-15,Collene Roman,Wappingers Falls,Sun Bicycles Cruz 3 - 2017,Comfort Bicycles,Sun Bicycles,2,449.99,0.2,Baldwin Bikes,Marcelene Boyer,719.984,2017,4
841,2017-04-15,Hipolito Padilla,New Rochelle,Electra Girl's Hawaii 1 (16-inch) - 2015/2016,Children Bicycles,Electra,2,269.99,0.1,Baldwin Bikes,Venita Daniel,485.982,2017,4
841,2017-04-15,Hipolito Padilla,New Rochelle,Trek Conduit+ - 2016,Electric Bikes,Trek,1,2999.99,0.2,Baldwin Bikes,Venita Daniel,2399.9919999999997,2017,4
841,2017-04-15,Hipolito Padilla,New Rochelle,Surly Straggler 650b - 2016,Cyclocross Bicycles,Surly,1,1680.99,0.2,Baldwin Bikes,Venita Daniel,1344.7920000000001,2017,4
841,2017-04-15,Hipolito Padilla,New Rochelle,Trek Precaliber 16 Girls - 2017,Children Bicycles,Trek,2,209.99,0.07,Baldwin Bikes,Venita Daniel,390.5814,2017,4
841,2017-04-15,Hipolito Padilla,New Rochelle,Electra Townie 3i EQ (20-inch) - Boys' - 2017,Children Bicycles,Electra,1,489.99,0.1,Baldwin Bikes,Venita Daniel,440.99100000000004,2017,4
842,2017-04-15,Dung King,West Islip,Electra Amsterdam Fashion 7i Ladies' - 2017,Cruisers Bicycles,Electra,2,1099.99,0.07,Baldwin Bikes,Marcelene Boyer,2045.9814,2017,4
842,2017-04-15,Dung King,West Islip,Trek Fuel EX 5 27.5 Plus - 2017,Mountain Bikes,Trek,1,2299.99,0.1,Baldwin Bikes,Marcelene Boyer,2069.991,2017,4
843,2017-04-16,Season Harvey,East Northport,Sun Bicycles Biscayne Tandem 7 - 2017,Cruisers Bicycles,Sun Bicycles,1,619.99,0.1,Baldwin Bikes,Venita Daniel,557.991,2017,4
843,2017-04-16,Season Harvey,East Northport,Electra Cruiser Lux Fat Tire 1 Ladies - 2017,Cruisers Bicycles,Electra,2,599.99,0.1,Baldwin Bikes,Venita Daniel,1079.982,2017,4
843,2017-04-16,Season Harvey,East Northport,Electra Amsterdam Fashion 7i Ladies' - 2017,Cruisers Bicycles,Electra,1,1099.99,0.1,Baldwin Bikes,Venita Daniel,989.991,2017,4
843,2017-04-16,Season Harvey,East Northport,Electra Girl's Hawaii 1 (20-inch) - 2015/2016,Children Bicycles,Electra,2,299.99,0.07,Baldwin Bikes,Venita Daniel,557.9814,2017,4
844,2017-04-16,Macie Ayers,Bellmore,Sun Bicycles Boardwalk (24-inch Wheels) - 2017,Cruisers Bicycles,Sun Bicycles,2,402.99,0.07,Baldwin Bikes,Marcelene Boyer,749.5613999999999,2017,4
844,2017-04-16,Macie Ayers,Bellmore,Electra Townie Original 21D - 2016,Cruisers Bicycles,Electra,1,549.99,0.1,Baldwin Bikes,Marcelene Boyer,494.99100000000004,2017,4
844,2017-04-16,Macie Ayers,Bellmore,Trek Boy's Kickster - 2015/2017,Children Bicycles,Trek,2,149.99,0.2,Baldwin Bikes,Marcelene Boyer,239.98400000000004,2017,4
844,2017-04-16,Macie Ayers,Bellmore,Trek Emonda S 4 - 2017,Road Bikes,Trek,1,1499.99,0.2,Baldwin Bikes,Marcelene Boyer,1199.992,2017,4
844,2017-04-16,Macie Ayers,Bellmore,Trek Boone Race Shop Limited - 2017,Cyclocross Bicycles,Trek,2,3499.99,0.05,Baldwin Bikes,Marcelene Boyer,6649.980999999999,2017,4
845,2017-04-17,Loraine Sykes,Scarsdale,Electra Townie Original 7D EQ - 2016,Cruisers Bicycles,Electra,2,599.99,0.2,Baldwin Bikes,Venita Daniel,959.984,2017,4
845,2017-04-17,Loraine Sykes,Scarsdale,Electra Cruiser Lux Fat Tire 1 Ladies - 2017,Cruisers Bicycles,Electra,1,599.99,0.2,Baldwin Bikes,Venita Daniel,479.992,2017,4
845,2017-04-17,Loraine Sykes,Scarsdale,Electra Townie Original 7D EQ - 2016,Comfort Bicycles,Electra,2,599.99,0.05,Baldwin Bikes,Venita Daniel,1139.981,2017,4
845,2017-04-17,Loraine Sykes,Scarsdale,Sun Bicycles Brickell Tandem 7 - 2017,Cruisers Bicycles,Sun Bicycles,2,749.99,0.2,Baldwin Bikes,Venita Daniel,1199.9840000000002,2017,4
845,2017-04-17,Loraine Sykes,Scarsdale,Trek Precaliber 12 Girls - 2017,Children Bicycles,Trek,1,189.99,0.05,Baldwin Bikes,Venita Daniel,180.4905,2017,4
846,2017-04-17,Larae Carney,Sunnyside,Haro SR 1.3 - 2017,Mountain Bikes,Haro,2,1409.99,0.05,Baldwin Bikes,Marcelene Boyer,2678.9809999999998,2017,4
846,2017-04-17,Larae Carney,Sunnyside,Trek Remedy 9.8 - 2017,Mountain Bikes,Trek,1,5299.99,0.07,Baldwin Bikes,Marcelene Boyer,4928.990699999999,2017,4
846,2017-04-17,Larae Carney,Sunnyside,Sun Bicycles Atlas X-Type - 2017,Cruisers Bicycles,Sun Bicycles,1,416.99,0.1,Baldwin Bikes,Marcelene Boyer,375.291,2017,4
846,2017-04-17,Larae Carney,Sunnyside,Sun Bicycles Biscayne Tandem 7 - 2017,Cruisers Bicycles,Sun Bicycles,2,619.99,0.05,Baldwin Bikes,Marcelene Boyer,1177.981,2017,4
846,2017-04-17,Larae Carney,Sunnyside,Sun Bicycles Streamway 3 - 2017,Comfort Bicycles,Sun Bicycles,2,551.99,0.07,Baldwin Bikes,Marcelene Boyer,1026.7014,2017,4
847,2017-04-18,Marilyn Frank,Port Chester,Trek Powerfly 8 FS Plus - 2017,Electric Bikes,Trek,2,4999.99,0.05,Baldwin Bikes,Venita Daniel,9499.981,2017,4
848,2017-04-18,Rudolf Moran,Maspeth,Haro Shredder 20 Girls - 2017,Children Bicycles,Haro,1,209.99,0.07,Baldwin Bikes,Venita Daniel,195.2907,2017,4
848,2017-04-18,Rudolf Moran,Maspeth,Electra Townie 3i EQ (20-inch) - Boys' - 2017,Children Bicycles,Electra,2,489.99,0.2,Baldwin Bikes,Venita Daniel,783.984,2017,4
848,2017-04-18,Rudolf Moran,Maspeth,Trek Precaliber 12 Girls - 2017,Children Bicycles,Trek,2,189.99,0.2,Baldwin Bikes,Venita Daniel,303.98400000000004,2017,4
848,2017-04-18,Rudolf Moran,Maspeth,Haro Shift R3 - 2017,Mountain Bikes,Haro,2,1469.99,0.07,Baldwin Bikes,Venita Daniel,2734.1814,2017,4
849,2017-04-19,Angelique Merrill,South El Monte,Sun Bicycles Cruz 7 - Women's - 2017,Comfort Bicycles,Sun Bicycles,1,416.99,0.2,Santa Cruz Bikes,Mireya Copeland,333.59200000000004,2017,4
850,2017-04-19,Sanora Webster,Los Angeles,Electra Townie 7D (20-inch) - Boys' - 2017,Children Bicycles,Electra,2,339.99,0.07,Santa Cruz Bikes,Genna Serrano,632.3814,2017,4
850,2017-04-19,Sanora Webster,Los Angeles,Heller Shagamaw Frame - 2016,Mountain Bikes,Heller,2,1320.99,0.07,Santa Cruz Bikes,Genna Serrano,2457.0414,2017,4
850,2017-04-19,Sanora Webster,Los Angeles,Haro Flightline One ST - 2017,Mountain Bikes,Haro,1,379.99,0.07,Santa Cruz Bikes,Genna Serrano,353.3907,2017,4
851,2017-04-20,Gabriella Jones,Mount Vernon,Surly Ice Cream Truck Frameset - 2017,Mountain Bikes,Surly,1,999.99,0.2,Baldwin Bikes,Marcelene Boyer,799.9920000000001,2017,4
851,2017-04-20,Gabriella Jones,Mount Vernon,Haro Shredder 20 Girls - 2017,Children Bicycles,Haro,1,209.99,0.05,Baldwin Bikes,Marcelene Boyer,199.4905,2017,4
852,2017-04-21,Lashawn Ortiz,Longview,Haro SR 1.3 - 2017,Mountain Bikes,Haro,2,1409.99,0.07,Rowlett Bikes,Layla Terrell,2622.5814,2017,4
853,2017-04-21,Gilberte Duke,El Paso,Electra Sugar Skulls 1 (20-inch) - Girl's - 2017,Children Bicycles,Electra,1,299.99,0.05,Rowlett Bikes,Kali Vargas,284.9905,2017,4
853,2017-04-21,Gilberte Duke,El Paso,Trek Madone 9.2 - 2017,Road Bikes,Trek,2,4999.99,0.2,Rowlett Bikes,Kali Vargas,7999.984,2017,4
853,2017-04-21,Gilberte Duke,El Paso,Trek Fuel EX 5 27.5 Plus - 2017,Mountain Bikes,Trek,2,2299.99,0.2,Rowlett Bikes,Kali Vargas,3679.984,2017,4
853,2017-04-21,Gilberte Duke,El Paso,Haro SR 1.2 - 2017,Mountain Bikes,Haro,1,869.99,0.2,Rowlett Bikes,Kali Vargas,695.9920000000001,2017,4
853,2017-04-21,Gilberte Duke,El Paso,Surly Ice Cream Truck Frameset - 2016,Mountain Bikes,Surly,1,469.99,0.05,Rowlett Bikes,Kali Vargas,446.4905,2017,4
854,2017-04-22,Carissa Foreman,Maspeth,Trek Precaliber 12 Boys - 2017,Children Bicycles,Trek,1,189.99,0.1,Baldwin Bikes,Marcelene Boyer,170.991,2017,4
855,2017-04-22,Kermit Hyde,Patchogue,Pure Cycles Western 3-Speed - Women's - 2015/2016,Cruisers Bicycles,Pure Cycles,1,449.0,0.1,Baldwin Bikes,Marcelene Boyer,404.1,2017,4
855,2017-04-22,Kermit Hyde,Patchogue,Haro Shredder 20 Girls - 2017,Children Bicycles,Haro,2,209.99,0.2,Baldwin Bikes,Marcelene Boyer,335.98400000000004,2017,4
855,2017-04-22,Kermit Hyde,Patchogue,Trek Precaliber 16 Boys - 2017,Children Bicycles,Trek,1,209.99,0.2,Baldwin Bikes,Marcelene Boyer,167.99200000000002,2017,4
856,2017-04-23,Arminda Weber,Bellmore,Haro Flightline Two 26 Plus - 2017,Mountain Bikes,Haro,2,549.99,0.05,Baldwin Bikes,Marcelene Boyer,1044.981,2017,4
857,2017-04-24,Sandee Alvarado,Depew,Trek X-Caliber 8 - 2017,Mountain Bikes,Trek,1,999.99,0.2,Baldwin Bikes,Venita Daniel,799.9920000000001,2017,4
858,2017-04-25,Kam Wilder,Newburgh,Haro SR 1.2 - 2017,Mountain Bikes,Haro,2,869.99,0.2,Baldwin Bikes,Marcelene Boyer,1391.9840000000002,2017,4
858,2017-04-25,Kam Wilder,Newburgh,Heller Shagamaw Frame - 2016,Mountain Bikes,Heller,1,1320.99,0.2,Baldwin Bikes,Marcelene Boyer,1056.7920000000001,2017,4
858,2017-04-25,Kam Wilder,Newburgh,Electra Girl's Hawaii 1 (16-inch) - 2015/2016,Cruisers Bicycles,Electra,1,269.99,0.07,Baldwin Bikes,Marcelene Boyer,251.0907,2017,4
858,2017-04-25,Kam Wilder,Newburgh,Sun Bicycles Brickell Tandem 7 - 2017,Cruisers Bicycles,Sun Bicycles,2,749.99,0.07,Baldwin Bikes,Marcelene Boyer,1394.9814,2017,4
859,2017-04-25,Valentin Mclaughlin,Lindenhurst,Haro Flightline Two 26 Plus - 2017,Mountain Bikes,Haro,2,549.99,0.07,Baldwin Bikes,Marcelene Boyer,1022.9813999999999,2017,4
859,2017-04-25,Valentin Mclaughlin,Lindenhurst,Electra Cruiser 1 (24-Inch) - 2016,Cruisers Bicycles,Electra,1,269.99,0.1,Baldwin Bikes,Marcelene Boyer,242.991,2017,4
859,2017-04-25,Valentin Mclaughlin,Lindenhurst,Electra Girl's Hawaii 1 (16-inch) - 2015/2016,Cruisers Bicycles,Electra,2,269.99,0.1,Baldwin Bikes,Marcelene Boyer,485.982,2017,4
859,2017-04-25,Valentin Mclaughlin,Lindenhurst,Sun Bicycles Atlas X-Type - 2017,Cruisers Bicycles,Sun Bicycles,2,416.99,0.1,Baldwin Bikes,Marcelene Boyer,750.582,2017,4
859,2017-04-25,Valentin Mclaughlin,Lindenhurst,Surly Troll Frameset - 2017,Mountain Bikes,Surly,2,832.99,0.1,Baldwin Bikes,Marcelene Boyer,1499.382,2017,4
860,2017-04-27,Lashawna Richardson,Baldwin,Surly Ice Cream Truck Frameset - 2016,Mountain Bikes,Surly,1,469.99,0.05,Baldwin Bikes,Venita Daniel,446.4905,2017,4
860,2017-04-27,Lashawna Richardson,Baldwin,Electra Townie Original 21D - 2016,Comfort Bicycles,Electra,2,549.99,0.2,Baldwin Bikes,Venita Daniel,879.984,2017,4
860,2017-04-27,Lashawna Richardson,Baldwin,Electra Townie Original 7D - 2015/2016,Comfort Bicycles,Electra,1,499.99,0.2,Baldwin Bikes,Venita Daniel,399.992,2017,4
860,2017-04-27,Lashawna Richardson,Baldwin,Trek Madone 9.2 - 2017,Road Bikes,Trek,2,4999.99,0.07,Baldwin Bikes,Venita Daniel,9299.981399999999,2017,4
860,2017-04-27,Lashawna Richardson,Baldwin,"Electra Girl's Hawaii 1 16"" - 2017",Children Bicycles,Electra,2,299.99,0.05,Baldwin Bikes,Venita Daniel,569.981,2017,4
861,2017-04-27,Charlesetta Soto,Poughkeepsie,Electra Girl's Hawaii 1 (16-inch) - 2015/2016,Cruisers Bicycles,Electra,2,269.99,0.07,Baldwin Bikes,Venita Daniel,502.1814,2017,4
861,2017-04-27,Charlesetta Soto,Poughkeepsie,Trek Boone 7 - 2017,Cyclocross Bicycles,Trek,1,3499.99,0.2,Baldwin Bikes,Venita Daniel,2799.992,2017,4
862,2017-04-27,Jesus Burch,Desoto,Haro Downtown 16 - 2017,Children Bicycles,Haro,1,329.99,0.05,Rowlett Bikes,Kali Vargas,313.4905,2017,4
862,2017-04-27,Jesus Burch,Desoto,Electra Sugar Skulls 1 (20-inch) - Girl's - 2017,Children Bicycles,Electra,1,299.99,0.2,Rowlett Bikes,Kali Vargas,239.99200000000002,2017,4
862,2017-04-27,Jesus Burch,Desoto,Trek Domane SL 6 - 2017,Road Bikes,Trek,2,3499.99,0.07,Rowlett Bikes,Kali Vargas,6509.981399999999,2017,4
863,2017-04-28,Nathanael Bradley,Amsterdam,Haro Shredder 20 Girls - 2017,Children Bicycles,Haro,2,209.99,0.1,Baldwin Bikes,Venita Daniel,377.982,2017,4
864,2017-04-28,Elease Dejesus,Oswego,Haro Flightline One ST - 2017,Mountain Bikes,Haro,1,379.99,0.1,Baldwin Bikes,Marcelene Boyer,341.99100000000004,2017,4
864,2017-04-28,Elease Dejesus,Oswego,Sun Bicycles Lil Bolt Type-R - 2017,Cruisers Bicycles,Sun Bicycles,2,346.99,0.05,Baldwin Bikes,Marcelene Boyer,659.281,2017,4
864,2017-04-28,Elease Dejesus,Oswego,Electra Cruiser 1 (24-Inch) - 2016,Cruisers Bicycles,Electra,1,269.99,0.2,Baldwin Bikes,Marcelene Boyer,215.99200000000002,2017,4
865,2017-04-29,Marcell Barrett,Astoria,Sun Bicycles Cruz 7 - Women's - 2017,Comfort Bicycles,Sun Bicycles,2,416.99,0.1,Baldwin Bikes,Marcelene Boyer,750.582,2017,4
865,2017-04-29,Marcell Barrett,Astoria,Trek Session DH 27.5 Carbon Frameset - 2017,Mountain Bikes,Trek,1,469.99,0.05,Baldwin Bikes,Marcelene Boyer,446.4905,2017,4
866,2017-04-29,Lurlene Finch,Yonkers,Trek Precaliber 12 Girls - 2017,Children Bicycles,Trek,1,189.99,0.2,Baldwin Bikes,Marcelene Boyer,151.99200000000002,2017,4
866,2017-04-29,Lurlene Finch,Yonkers,Sun Bicycles Revolutions 24 - Girl's - 2017,Cruisers Bicycles,Sun Bicycles,2,250.99,0.07,Baldwin Bikes,Marcelene Boyer,466.84139999999996,2017,4
866,2017-04-29,Lurlene Finch,Yonkers,Sun Bicycles Brickell Tandem CB - 2017,Cruisers Bicycles,Sun Bicycles,1,761.99,0.07,Baldwin Bikes,Marcelene Boyer,708.6506999999999,2017,4
866,2017-04-29,Lurlene Finch,Yonkers,Electra Cruiser 1 (24-Inch) - 2016,Cruisers Bicycles,Electra,2,269.99,0.07,Baldwin Bikes,Marcelene Boyer,502.1814,2017,4
867,2017-05-01,Louanne Martin,Yuba City,Electra Townie 7D (20-inch) - Boys' - 2017,Children Bicycles,Electra,1,339.99,0.05,Santa Cruz Bikes,Genna Serrano,322.9905,2017,5
868,2017-05-01,Domingo Casey,San Jose,Haro SR 1.3 - 2017,Mountain Bikes,Haro,1,1409.99,0.07,Santa Cruz Bikes,Genna Serrano,1311.2907,2017,5
869,2017-05-01,Felica Munoz,South Ozone Park,Trek Slash 8 27.5 - 2016,Mountain Bikes,Trek,1,3999.99,0.2,Baldwin Bikes,Venita Daniel,3199.992,2017,5
869,2017-05-01,Felica Munoz,South Ozone Park,Sun Bicycles Cruz 3 - 2017,Comfort Bicycles,Sun Bicycles,2,449.99,0.05,Baldwin Bikes,Venita Daniel,854.981,2017,5
869,2017-05-01,Felica Munoz,South Ozone Park,Surly Wednesday Frameset - 2017,Mountain Bikes,Surly,1,469.99,0.05,Baldwin Bikes,Venita Daniel,446.4905,2017,5
869,2017-05-01,Felica Munoz,South Ozone Park,Trek Domane S 6 - 2017,Road Bikes,Trek,2,2699.99,0.05,Baldwin Bikes,Venita Daniel,5129.981,2017,5
869,2017-05-01,Felica Munoz,South Ozone Park,Sun Bicycles Lil Bolt Type-R - 2017,Cruisers Bicycles,Sun Bicycles,2,346.99,0.2,Baldwin Bikes,Venita Daniel,555.1840000000001,2017,5
870,2017-05-01,Miranda Kennedy,Astoria,Trek Boone Race Shop Limited - 2017,Cyclocross Bicycles,Trek,1,3499.99,0.07,Baldwin Bikes,Marcelene Boyer,3254.9906999999994,2017,5
871,2017-05-02,Kandace Giles,Wantagh,Sun Bicycles Cruz 3 - 2017,Comfort Bicycles,Sun Bicycles,1,449.99,0.2,Baldwin Bikes,Venita Daniel,359.992,2017,5
871,2017-05-02,Kandace Giles,Wantagh,Haro Flightline Two 26 Plus - 2017,Mountain Bikes,Haro,1,549.99,0.1,Baldwin Bikes,Venita Daniel,494.99100000000004,2017,5
871,2017-05-02,Kandace Giles,Wantagh,Surly Ice Cream Truck Frameset - 2017,Mountain Bikes,Surly,2,999.99,0.2,Baldwin Bikes,Venita Daniel,1599.9840000000002,2017,5
871,2017-05-02,Kandace Giles,Wantagh,Sun Bicycles Cruz 7 - 2017,Comfort Bicycles,Sun Bicycles,2,416.99,0.05,Baldwin Bikes,Venita Daniel,792.281,2017,5
872,2017-05-03,Virgen Clemons,South El Monte,Trek Boone 7 - 2017,Cyclocross Bicycles,Trek,2,3499.99,0.07,Santa Cruz Bikes,Genna Serrano,6509.981399999999,2017,5
872,2017-05-03,Virgen Clemons,South El Monte,Surly Ogre Frameset - 2017,Road Bikes,Surly,1,749.99,0.1,Santa Cruz Bikes,Genna Serrano,674.991,2017,5
873,2017-05-03,Marcy Rodriguez,Lockport,Trek Farley Alloy Frameset - 2017,Mountain Bikes,Trek,2,469.99,0.1,Baldwin Bikes,Venita Daniel,845.9820000000001,2017,5
874,2017-05-04,Trena Hudson,Monroe,Trek Domane SLR 6 Disc - 2017,Road Bikes,Trek,1,5499.99,0.05,Baldwin Bikes,Venita Daniel,5224.9905,2017,5
874,2017-05-04,Trena Hudson,Monroe,Surly Big Dummy Frameset - 2017,Mountain Bikes,Surly,2,999.99,0.05,Baldwin Bikes,Venita Daniel,1899.981,2017,5
874,2017-05-04,Trena Hudson,Monroe,Sun Bicycles Brickell Tandem 7 - 2017,Cruisers Bicycles,Sun Bicycles,1,749.99,0.1,Baldwin Bikes,Venita Daniel,674.991,2017,5
874,2017-05-04,Trena Hudson,Monroe,Electra Glam Punk 3i Ladies' - 2017,Cruisers Bicycles,Electra,2,799.99,0.07,Baldwin Bikes,Venita Daniel,1487.9814,2017,5
875,2017-05-05,Nelle Beck,Upland,Heller Shagamaw Frame - 2016,Mountain Bikes,Heller,2,1320.99,0.1,Santa Cruz Bikes,Genna Serrano,2377.782,2017,5
875,2017-05-05,Nelle Beck,Upland,Electra Moto 1 - 2016,Cruisers Bicycles,Electra,2,529.99,0.05,Santa Cruz Bikes,Genna Serrano,1006.981,2017,5
875,2017-05-05,Nelle Beck,Upland,Electra Girl's Hawaii 1 (16-inch) - 2015/2016,Cruisers Bicycles,Electra,1,269.99,0.07,Santa Cruz Bikes,Genna Serrano,251.0907,2017,5
875,2017-05-05,Nelle Beck,Upland,Sun Bicycles Drifter 7 - Women's - 2017,Comfort Bicycles,Sun Bicycles,1,470.99,0.2,Santa Cruz Bikes,Genna Serrano,376.79200000000003,2017,5
876,2017-05-05,Dane Mcdaniel,Canandaigua,Pure Cycles Vine 8-Speed - 2016,Cruisers Bicycles,Pure Cycles,2,429.0,0.2,Baldwin Bikes,Venita Daniel,686.4000000000001,2017,5
876,2017-05-05,Dane Mcdaniel,Canandaigua,Sun Bicycles Revolutions 24 - 2017,Cruisers Bicycles,Sun Bicycles,2,250.99,0.2,Baldwin Bikes,Venita Daniel,401.58400000000006,2017,5
876,2017-05-05,Dane Mcdaniel,Canandaigua,Electra Moto 3i (20-inch) - Boy's - 2017,Children Bicycles,Electra,1,349.99,0.07,Baldwin Bikes,Venita Daniel,325.4907,2017,5
876,2017-05-05,Dane Mcdaniel,Canandaigua,Sun Bicycles Cruz 7 - 2017,Comfort Bicycles,Sun Bicycles,2,416.99,0.05,Baldwin Bikes,Venita Daniel,792.281,2017,5
877,2017-05-06,Debbra Jacobson,Ballston Spa,Sun Bicycles Brickell Tandem 7 - 2017,Cruisers Bicycles,Sun Bicycles,1,749.99,0.07,Baldwin Bikes,Marcelene Boyer,697.4907,2017,5
877,2017-05-06,Debbra Jacobson,Ballston Spa,Sun Bicycles Streamway 3 - 2017,Comfort Bicycles,Sun Bicycles,1,551.99,0.1,Baldwin Bikes,Marcelene Boyer,496.791,2017,5
878,2017-05-07,Moses Pope,Lawndale,Sun Bicycles Streamway 3 - 2017,Comfort Bicycles,Sun Bicycles,1,551.99,0.2,Santa Cruz Bikes,Genna Serrano,441.59200000000004,2017,5
878,2017-05-07,Moses Pope,Lawndale,Electra Cruiser 1 (24-Inch) - 2016,Cruisers Bicycles,Electra,1,269.99,0.1,Santa Cruz Bikes,Genna Serrano,242.991,2017,5
878,2017-05-07,Moses Pope,Lawndale,Surly Ice Cream Truck Frameset - 2016,Mountain Bikes,Surly,2,469.99,0.2,Santa Cruz Bikes,Genna Serrano,751.984,2017,5
878,2017-05-07,Moses Pope,Lawndale,Pure Cycles Western 3-Speed - Women's - 2015/2016,Cruisers Bicycles,Pure Cycles,2,449.0,0.05,Santa Cruz Bikes,Genna Serrano,853.0999999999999,2017,5
879,2017-05-08,Ross Pugh,North Tonawanda,Electra Townie 3i EQ (20-inch) - Boys' - 2017,Children Bicycles,Electra,2,489.99,0.2,Baldwin Bikes,Venita Daniel,783.984,2017,5
879,2017-05-08,Ross Pugh,North Tonawanda,Ritchey Timberwolf Frameset - 2016,Mountain Bikes,Ritchey,2,749.99,0.07,Baldwin Bikes,Venita Daniel,1394.9814,2017,5
879,2017-05-08,Ross Pugh,North Tonawanda,Trek Boy's Kickster - 2015/2017,Children Bicycles,Trek,2,149.99,0.2,Baldwin Bikes,Venita Daniel,239.98400000000004,2017,5
879,2017-05-08,Ross Pugh,North Tonawanda,Electra Amsterdam Original 3i Ladies' - 2017,Cruisers Bicycles,Electra,1,659.99,0.07,Baldwin Bikes,Venita Daniel,613.7907,2017,5
880,2017-05-08,Mercy Brown,Hollis,Surly Karate Monkey 27.5+ Frameset - 2017,Mountain Bikes,Surly,2,2499.99,0.2,Baldwin Bikes,Marcelene Boyer,3999.984,2017,5
880,2017-05-08,Mercy Brown,Hollis,"Electra Girl's Hawaii 1 16"" - 2017",Children Bicycles,Electra,1,299.99,0.1,Baldwin Bikes,Marcelene Boyer,269.99100000000004,2017,5
880,2017-05-08,Mercy Brown,Hollis,Heller Shagamaw Frame - 2016,Mountain Bikes,Heller,1,1320.99,0.07,Baldwin Bikes,Marcelene Boyer,1228.5207,2017,5
880,2017-05-08,Mercy Brown,Hollis,Electra Townie Original 7D EQ - 2016,Comfort Bicycles,Electra,1,599.99,0.1,Baldwin Bikes,Marcelene Boyer,539.991,2017,5
880,2017-05-08,Mercy Brown,Hollis,Sun Bicycles Revolutions 24 - 2017,Cruisers Bicycles,Sun Bicycles,1,250.99,0.2,Baldwin Bikes,Marcelene Boyer,200.79200000000003,2017,5
881,2017-05-08,Coleman Boyd,El Paso,Electra Straight 8 3i (20-inch) - Boy's - 2017,Children Bicycles,Electra,1,489.99,0.07,Rowlett Bikes,Layla Terrell,455.6907,2017,5
881,2017-05-08,Coleman Boyd,El Paso,Trek Silque SLR 7 Women's - 2017,Road Bikes,Trek,1,5999.99,0.2,Rowlett Bikes,Layla Terrell,4799.992,2017,5
881,2017-05-08,Coleman Boyd,El Paso,Electra Townie Original 7D - 2017,Cruisers Bicycles,Electra,2,489.99,0.05,Rowlett Bikes,Layla Terrell,930.981,2017,5
881,2017-05-08,Coleman Boyd,El Paso,Sun Bicycles Revolutions 24 - Girl's - 2017,Cruisers Bicycles,Sun Bicycles,1,250.99,0.1,Rowlett Bikes,Layla Terrell,225.89100000000002,2017,5
882,2017-05-09,Edythe Valencia,North Tonawanda,Trek Boone Race Shop Limited - 2017,Cyclocross Bicycles,Trek,2,3499.99,0.07,Baldwin Bikes,Marcelene Boyer,6509.981399999999,2017,5
882,2017-05-09,Edythe Valencia,North Tonawanda,Sun Bicycles Cruz 3 - Women's - 2017,Comfort Bicycles,Sun Bicycles,2,449.99,0.2,Baldwin Bikes,Marcelene Boyer,719.984,2017,5
882,2017-05-09,Edythe Valencia,North Tonawanda,Trek Emonda S 5 - 2017,Road Bikes,Trek,2,1999.99,0.07,Baldwin Bikes,Marcelene Boyer,3719.9813999999997,2017,5
883,2017-05-11,Sheree Pena,Staten Island,Haro SR 1.1 - 2017,Mountain Bikes,Haro,1,539.99,0.05,Baldwin Bikes,Marcelene Boyer,512.9905,2017,5
883,2017-05-11,Sheree Pena,Staten Island,Heller Shagamaw Frame - 2016,Mountain Bikes,Heller,2,1320.99,0.05,Baldwin Bikes,Marcelene Boyer,2509.881,2017,5
884,2017-05-11,Erlinda Humphrey,New Windsor,Trek Domane SL 6 - 2017,Road Bikes,Trek,2,3499.99,0.05,Baldwin Bikes,Venita Daniel,6649.980999999999,2017,5
884,2017-05-11,Erlinda Humphrey,New Windsor,Sun Bicycles Cruz 7 - 2017,Cruisers Bicycles,Sun Bicycles,2,416.99,0.07,Baldwin Bikes,Venita Daniel,775.6014,2017,5
884,2017-05-11,Erlinda Humphrey,New Windsor,Haro SR 1.3 - 2017,Mountain Bikes,Haro,2,1409.99,0.2,Baldwin Bikes,Venita Daniel,2255.984,2017,5
884,2017-05-11,Erlinda Humphrey,New Windsor,Surly Straggler - 2016,Cyclocross Bicycles,Surly,1,1549.0,0.1,Baldwin Bikes,Venita Daniel,1394.1000000000001,2017,5
884,2017-05-11,Erlinda Humphrey,New Windsor,Electra Cruiser 1 (24-Inch) - 2016,Children Bicycles,Electra,2,269.99,0.05,Baldwin Bikes,Venita Daniel,512.981,2017,5
885,2017-05-13,Lorrie Becker,Garland,Sun Bicycles Cruz 3 - 2017,Comfort Bicycles,Sun Bicycles,1,449.99,0.07,Rowlett Bikes,Kali Vargas,418.4907,2017,5
885,2017-05-13,Lorrie Becker,Garland,Trek Fuel EX 9.8 27.5 Plus - 2017,Mountain Bikes,Trek,1,5299.99,0.1,Rowlett Bikes,Kali Vargas,4769.991,2017,5
886,2017-05-13,Delma Bailey,Anaheim,Trek Remedy 9.8 - 2017,Mountain Bikes,Trek,1,5299.99,0.05,Santa Cruz Bikes,Mireya Copeland,5034.9905,2017,5
886,2017-05-13,Delma Bailey,Anaheim,Surly Ice Cream Truck Frameset - 2017,Mountain Bikes,Surly,1,999.99,0.05,Santa Cruz Bikes,Mireya Copeland,949.9905,2017,5
887,2017-05-13,Chantell Bridges,Buffalo,Trek Silque SLR 7 Women's - 2017,Road Bikes,Trek,2,5999.99,0.05,Baldwin Bikes,Marcelene Boyer,11399.981,2017,5
887,2017-05-13,Chantell Bridges,Buffalo,Electra Amsterdam Original 3i - 2015/2017,Cruisers Bicycles,Electra,1,659.99,0.1,Baldwin Bikes,Marcelene Boyer,593.991,2017,5
888,2017-05-14,Garry Juarez,Forest Hills,Surly Wednesday Frameset - 2017,Mountain Bikes,Surly,2,469.99,0.1,Baldwin Bikes,Venita Daniel,845.9820000000001,2017,5
888,2017-05-14,Garry Juarez,Forest Hills,Electra Townie Original 7D EQ - 2016,Comfort Bicycles,Electra,2,599.99,0.2,Baldwin Bikes,Venita Daniel,959.984,2017,5
889,2017-05-14,Edmund Gaines,Copperas Cove,Electra Townie Original 21D - 2016,Cruisers Bicycles,Electra,2,549.99,0.1,Rowlett Bikes,Kali Vargas,989.9820000000001,2017,5
890,2017-05-15,Miriam Baker,Uniondale,Electra Townie Original 7D EQ - 2016,Cruisers Bicycles,Electra,2,599.99,0.1,Baldwin Bikes,Marcelene Boyer,1079.982,2017,5
890,2017-05-15,Miriam Baker,Uniondale,Sun Bicycles Streamway 7 - 2017,Comfort Bicycles,Sun Bicycles,2,533.99,0.1,Baldwin Bikes,Marcelene Boyer,961.182,2017,5
890,2017-05-15,Miriam Baker,Uniondale,Surly Steamroller - 2017,Road Bikes,Surly,1,875.99,0.05,Baldwin Bikes,Marcelene Boyer,832.1904999999999,2017,5
890,2017-05-15,Miriam Baker,Uniondale,Sun Bicycles Revolutions 24 - Girl's - 2017,Cruisers Bicycles,Sun Bicycles,1,250.99,0.1,Baldwin Bikes,Marcelene Boyer,225.89100000000002,2017,5
890,2017-05-15,Miriam Baker,Uniondale,Sun Bicycles Lil Bolt Type-R - 2017,Cruisers Bicycles,Sun Bicycles,2,346.99,0.1,Baldwin Bikes,Marcelene Boyer,624.582,2017,5
891,2017-05-15,Aimee Merritt,Flushing,Sun Bicycles Cruz 7 - 2017,Comfort Bicycles,Sun Bicycles,2,416.99,0.1,Baldwin Bikes,Marcelene Boyer,750.582,2017,5
891,2017-05-15,Aimee Merritt,Flushing,Trek Farley Alloy Frameset - 2017,Mountain Bikes,Trek,1,469.99,0.05,Baldwin Bikes,Marcelene Boyer,446.4905,2017,5
891,2017-05-15,Aimee Merritt,Flushing,Sun Bicycles Spider 3i - 2017,Mountain Bikes,Sun Bicycles,2,832.99,0.1,Baldwin Bikes,Marcelene Boyer,1499.382,2017,5
891,2017-05-15,Aimee Merritt,Flushing,Trek Silque SLR 7 Women's - 2017,Road Bikes,Trek,1,5999.99,0.1,Baldwin Bikes,Marcelene Boyer,5399.991,2017,5
892,2017-05-15,Laure Pena,Wappingers Falls,Surly Troll Frameset - 2017,Mountain Bikes,Surly,1,832.99,0.1,Baldwin Bikes,Venita Daniel,749.691,2017,5
892,2017-05-15,Laure Pena,Wappingers Falls,Trek Conduit+ - 2016,Electric Bikes,Trek,2,2999.99,0.2,Baldwin Bikes,Venita Daniel,4799.9839999999995,2017,5
892,2017-05-15,Laure Pena,Wappingers Falls,Trek Silque SLR 7 Women's - 2017,Road Bikes,Trek,2,5999.99,0.07,Baldwin Bikes,Venita Daniel,11159.981399999999,2017,5
892,2017-05-15,Laure Pena,Wappingers Falls,Trek Precaliber 12 Girls - 2017,Children Bicycles,Trek,1,189.99,0.05,Baldwin Bikes,Venita Daniel,180.4905,2017,5
893,2017-05-16,Sally Kinney,Floral Park,Sun Bicycles Revolutions 24 - Girl's - 2017,Cruisers Bicycles,Sun Bicycles,2,250.99,0.05,Baldwin Bikes,Venita Daniel,476.881,2017,5
893,2017-05-16,Sally Kinney,Floral Park,Haro SR 1.2 - 2017,Mountain Bikes,Haro,1,869.99,0.07,Baldwin Bikes,Venita Daniel,809.0907,2017,5
894,2017-05-16,Obdulia Barber,Newburgh,Electra Townie 7D (20-inch) - Boys' - 2017,Children Bicycles,Electra,2,339.99,0.2,Baldwin Bikes,Marcelene Boyer,543.984,2017,5
895,2017-05-18,Inga Koch,New Windsor,Sun Bicycles Cruz 3 - 2017,Comfort Bicycles,Sun Bicycles,1,449.99,0.07,Baldwin Bikes,Marcelene Boyer,418.4907,2017,5
896,2017-05-19,Elanor Patrick,Victoria,Trek Precaliber 24 (21-Speed) - Girls - 2017,Children Bicycles,Trek,2,349.99,0.05,Rowlett Bikes,Layla Terrell,664.981,2017,5
896,2017-05-19,Elanor Patrick,Victoria,Surly Straggler - 2016,Cyclocross Bicycles,Surly,1,1549.0,0.05,Rowlett Bikes,Layla Terrell,1471.55,2017,5
897,2017-05-20,Bridgette Guerra,San Lorenzo,Sun Bicycles Streamway 7 - 2017,Comfort Bicycles,Sun Bicycles,1,533.99,0.05,Santa Cruz Bikes,Mireya Copeland,507.2905,2017,5
897,2017-05-20,Bridgette Guerra,San Lorenzo,Electra Moto 3i (20-inch) - Boy's - 2017,Children Bicycles,Electra,1,349.99,0.05,Santa Cruz Bikes,Mireya Copeland,332.4905,2017,5
898,2017-05-20,Josef Greer,Jamaica,Haro SR 1.2 - 2017,Mountain Bikes,Haro,2,869.99,0.2,Baldwin Bikes,Marcelene Boyer,1391.9840000000002,2017,5
898,2017-05-20,Josef Greer,Jamaica,Electra Townie Original 7D EQ - 2016,Cruisers Bicycles,Electra,1,599.99,0.07,Baldwin Bikes,Marcelene Boyer,557.9907,2017,5
898,2017-05-20,Josef Greer,Jamaica,Trek Emonda S 5 - 2017,Road Bikes,Trek,2,1999.99,0.2,Baldwin Bikes,Marcelene Boyer,3199.9840000000004,2017,5
898,2017-05-20,Josef Greer,Jamaica,Sun Bicycles Cruz 7 - 2017,Cruisers Bicycles,Sun Bicycles,2,416.99,0.07,Baldwin Bikes,Marcelene Boyer,775.6014,2017,5
899,2017-05-20,Renita Henry,New Rochelle,Trek Domane S 5 Disc - 2017,Road Bikes,Trek,2,2599.99,0.1,Baldwin Bikes,Venita Daniel,4679.982,2017,5
899,2017-05-20,Renita Henry,New Rochelle,Pure Cycles Vine 8-Speed - 2016,Cruisers Bicycles,Pure Cycles,1,429.0,0.1,Baldwin Bikes,Venita Daniel,386.1,2017,5
899,2017-05-20,Renita Henry,New Rochelle,Surly Ice Cream Truck Frameset - 2016,Mountain Bikes,Surly,1,469.99,0.2,Baldwin Bikes,Venita Daniel,375.992,2017,5
900,2017-05-20,Samual Warner,Brentwood,Electra Townie Original 7D EQ - 2016,Comfort Bicycles,Electra,2,599.99,0.05,Baldwin Bikes,Marcelene Boyer,1139.981,2017,5
900,2017-05-20,Samual Warner,Brentwood,Sun Bicycles Cruz 3 - Women's - 2017,Comfort Bicycles,Sun Bicycles,1,449.99,0.07,Baldwin Bikes,Marcelene Boyer,418.4907,2017,5
900,2017-05-20,Samual Warner,Brentwood,Trek Precaliber 16 Boys - 2017,Children Bicycles,Trek,1,209.99,0.2,Baldwin Bikes,Marcelene Boyer,167.99200000000002,2017,5
900,2017-05-20,Samual Warner,Brentwood,Trek Powerfly 8 FS Plus - 2017,Electric Bikes,Trek,2,4999.99,0.05,Baldwin Bikes,Marcelene Boyer,9499.981,2017,5
900,2017-05-20,Samual Warner,Brentwood,Surly Karate Monkey 27.5+ Frameset - 2017,Mountain Bikes,Surly,2,2499.99,0.07,Baldwin Bikes,Marcelene Boyer,4649.9814,2017,5
901,2017-05-21,Mi Gray,Albany,Trek Silque SLR 7 Women's - 2017,Road Bikes,Trek,1,5999.99,0.2,Baldwin Bikes,Venita Daniel,4799.992,2017,5
901,2017-05-21,Mi Gray,Albany,Trek Fuel EX 9.8 27.5 Plus - 2017,Mountain Bikes,Trek,1,5299.99,0.07,Baldwin Bikes,Venita Daniel,4928.990699999999,2017,5
902,2017-05-21,Loan Graham,Jackson Heights,Haro Flightline Two 26 Plus - 2017,Mountain Bikes,Haro,2,549.99,0.07,Baldwin Bikes,Marcelene Boyer,1022.9813999999999,2017,5
902,2017-05-21,Loan Graham,Jackson Heights,Haro Shredder 20 - 2017,Children Bicycles,Haro,1,209.99,0.07,Baldwin Bikes,Marcelene Boyer,195.2907,2017,5
902,2017-05-21,Loan Graham,Jackson Heights,Electra Townie Original 21D - 2016,Cruisers Bicycles,Electra,1,549.99,0.2,Baldwin Bikes,Marcelene Boyer,439.992,2017,5
902,2017-05-21,Loan Graham,Jackson Heights,"Electra Girl's Hawaii 1 16"" - 2017",Cruisers Bicycles,Electra,2,299.99,0.05,Baldwin Bikes,Marcelene Boyer,569.981,2017,5
903,2017-05-22,Deane Sears,Pittsford,Surly Wednesday - 2017,Mountain Bikes,Surly,2,1632.99,0.07,Baldwin Bikes,Venita Daniel,3037.3614,2017,5
903,2017-05-22,Deane Sears,Pittsford,Trek Emonda S 4 - 2017,Road Bikes,Trek,2,1499.99,0.05,Baldwin Bikes,Venita Daniel,2849.9809999999998,2017,5
904,2017-05-23,Lorraine Marks,San Carlos,Surly Troll Frameset - 2017,Mountain Bikes,Surly,2,832.99,0.1,Santa Cruz Bikes,Mireya Copeland,1499.382,2017,5
904,2017-05-23,Lorraine Marks,San Carlos,Trek Silque SLR 8 Women's - 2017,Road Bikes,Trek,2,6499.99,0.07,Santa Cruz Bikes,Mireya Copeland,12089.981399999999,2017,5
904,2017-05-23,Lorraine Marks,San Carlos,Haro Shredder 20 - 2017,Children Bicycles,Haro,2,209.99,0.2,Santa Cruz Bikes,Mireya Copeland,335.98400000000004,2017,5
904,2017-05-23,Lorraine Marks,San Carlos,Electra Cruiser 1 (24-Inch) - 2016,Cruisers Bicycles,Electra,1,269.99,0.2,Santa Cruz Bikes,Mireya Copeland,215.99200000000002,2017,5
905,2017-05-23,Eliana Reese,Woodhaven,Sun Bicycles Revolutions 24 - Girl's - 2017,Cruisers Bicycles,Sun Bicycles,1,250.99,0.1,Baldwin Bikes,Marcelene Boyer,225.89100000000002,2017,5
905,2017-05-23,Eliana Reese,Woodhaven,Trek Boone 7 - 2017,Cyclocross Bicycles,Trek,2,3499.99,0.05,Baldwin Bikes,Marcelene Boyer,6649.980999999999,2017,5
905,2017-05-23,Eliana Reese,Woodhaven,Trek Fuel EX 5 27.5 Plus - 2017,Mountain Bikes,Trek,2,2299.99,0.2,Baldwin Bikes,Marcelene Boyer,3679.984,2017,5
905,2017-05-23,Eliana Reese,Woodhaven,Electra Townie Original 7D EQ - Women's - 2016,Cruisers Bicycles,Electra,1,599.99,0.2,Baldwin Bikes,Marcelene Boyer,479.992,2017,5
906,2017-05-23,Janine Manning,Howard Beach,Electra Girl's Hawaii 1 (20-inch) - 2015/2016,Children Bicycles,Electra,2,299.99,0.2,Baldwin Bikes,Venita Daniel,479.98400000000004,2017,5
906,2017-05-23,Janine Manning,Howard Beach,Surly Karate Monkey 27.5+ Frameset - 2017,Mountain Bikes,Surly,2,2499.99,0.07,Baldwin Bikes,Venita Daniel,4649.9814,2017,5
906,2017-05-23,Janine Manning,Howard Beach,Haro SR 1.3 - 2017,Mountain Bikes,Haro,1,1409.99,0.05,Baldwin Bikes,Venita Daniel,1339.4904999999999,2017,5
906,2017-05-23,Janine Manning,Howard Beach,Electra Townie Original 7D - 2017,Comfort Bicycles,Electra,2,489.99,0.1,Baldwin Bikes,Venita Daniel,881.9820000000001,2017,5
906,2017-05-23,Janine Manning,Howard Beach,Electra Girl's Hawaii 1 (16-inch) - 2015/2016,Children Bicycles,Electra,2,269.99,0.2,Baldwin Bikes,Venita Daniel,431.98400000000004,2017,5
907,2017-05-24,Luz House,Fresno,Sun Bicycles Lil Kitt'n - 2017,Children Bicycles,Sun Bicycles,2,109.99,0.07,Santa Cruz Bikes,Mireya Copeland,204.58139999999997,2017,5
907,2017-05-24,Luz House,Fresno,Sun Bicycles Lil Bolt Type-R - 2017,Cruisers Bicycles,Sun Bicycles,1,346.99,0.07,Santa Cruz Bikes,Mireya Copeland,322.7007,2017,5
908,2017-05-25,Kerrie Morton,Pittsford,Haro Shift R3 - 2017,Mountain Bikes,Haro,1,1469.99,0.2,Baldwin Bikes,Venita Daniel,1175.992,2017,5
908,2017-05-25,Kerrie Morton,Pittsford,Haro Shredder Pro 20 - 2017,Children Bicycles,Haro,1,249.99,0.1,Baldwin Bikes,Venita Daniel,224.991,2017,5
908,2017-05-25,Kerrie Morton,Pittsford,Electra Townie Original 7D - 2017,Comfort Bicycles,Electra,2,489.99,0.1,Baldwin Bikes,Venita Daniel,881.9820000000001,2017,5
909,2017-05-26,Sharla Flynn,Oxnard,Heller Shagamaw Frame - 2016,Mountain Bikes,Heller,1,1320.99,0.2,Santa Cruz Bikes,Mireya Copeland,1056.7920000000001,2017,5
910,2017-05-26,Cassondra Pruitt,Merrick,Electra Girl's Hawaii 1 (20-inch) - 2015/2016,Children Bicycles,Electra,1,299.99,0.1,Baldwin Bikes,Venita Daniel,269.99100000000004,2017,5
911,2017-05-26,Graig Cannon,Syosset,Sun Bicycles Revolutions 24 - 2017,Cruisers Bicycles,Sun Bicycles,2,250.99,0.05,Baldwin Bikes,Marcelene Boyer,476.881,2017,5
911,2017-05-26,Graig Cannon,Syosset,Sun Bicycles Cruz 3 - 2017,Comfort Bicycles,Sun Bicycles,1,449.99,0.05,Baldwin Bikes,Marcelene Boyer,427.4905,2017,5
911,2017-05-26,Graig Cannon,Syosset,Trek Precaliber 24 (21-Speed) - Girls - 2017,Children Bicycles,Trek,2,349.99,0.05,Baldwin Bikes,Marcelene Boyer,664.981,2017,5
911,2017-05-26,Graig Cannon,Syosset,Trek Domane SL 6 - 2017,Road Bikes,Trek,1,3499.99,0.2,Baldwin Bikes,Marcelene Boyer,2799.992,2017,5
912,2017-05-27,Rudolf Gilliam,Palos Verdes Peninsula,Electra Girl's Hawaii 1 (16-inch) - 2015/2016,Children Bicycles,Electra,2,269.99,0.2,Santa Cruz Bikes,Mireya Copeland,431.98400000000004,2017,5
912,2017-05-27,Rudolf Gilliam,Palos Verdes Peninsula,Sun Bicycles Atlas X-Type - 2017,Cruisers Bicycles,Sun Bicycles,2,416.99,0.05,Santa Cruz Bikes,Mireya Copeland,792.281,2017,5
912,2017-05-27,Rudolf Gilliam,Palos Verdes Peninsula,Electra Townie 7D (20-inch) - Boys' - 2017,Children Bicycles,Electra,1,339.99,0.05,Santa Cruz Bikes,Mireya Copeland,322.9905,2017,5
912,2017-05-27,Rudolf Gilliam,Palos Verdes Peninsula,Ritchey Timberwolf Frameset - 2016,Mountain Bikes,Ritchey,2,749.99,0.2,Santa Cruz Bikes,Mireya Copeland,1199.9840000000002,2017,5
913,2017-05-27,Zella Fernandez,Rockville Centre,Trek Precaliber 16 Girls - 2017,Children Bicycles,Trek,2,209.99,0.1,Baldwin Bikes,Marcelene Boyer,377.982,2017,5
913,2017-05-27,Zella Fernandez,Rockville Centre,Electra Townie Original 21D - 2016,Comfort Bicycles,Electra,2,549.99,0.05,Baldwin Bikes,Marcelene Boyer,1044.981,2017,5
914,2017-05-28,Doris Kaufman,Duarte,Haro Flightline Two 26 Plus - 2017,Mountain Bikes,Haro,1,549.99,0.07,Santa Cruz Bikes,Mireya Copeland,511.49069999999995,2017,5
914,2017-05-28,Doris Kaufman,Duarte,Electra Townie Original 7D EQ - Women's - 2016,Cruisers Bicycles,Electra,2,599.99,0.2,Santa Cruz Bikes,Mireya Copeland,959.984,2017,5
914,2017-05-28,Doris Kaufman,Duarte,Sun Bicycles Cruz 3 - 2017,Comfort Bicycles,Sun Bicycles,1,449.99,0.05,Santa Cruz Bikes,Mireya Copeland,427.4905,2017,5
914,2017-05-28,Doris Kaufman,Duarte,Haro SR 1.3 - 2017,Mountain Bikes,Haro,1,1409.99,0.1,Santa Cruz Bikes,Mireya Copeland,1268.991,2017,5
915,2017-05-28,Judith Finley,Whitestone,Electra Townie Original 7D - 2017,Cruisers Bicycles,Electra,1,489.99,0.05,Baldwin Bikes,Marcelene Boyer,465.4905,2017,5
915,2017-05-28,Judith Finley,Whitestone,Trek Emonda S 4 - 2017,Road Bikes,Trek,1,1499.99,0.07,Baldwin Bikes,Marcelene Boyer,1394.9906999999998,2017,5
915,2017-05-28,Judith Finley,Whitestone,Trek Fuel EX 5 27.5 Plus - 2017,Mountain Bikes,Trek,1,2299.99,0.2,Baldwin Bikes,Marcelene Boyer,1839.992,2017,5
915,2017-05-28,Judith Finley,Whitestone,Ritchey Timberwolf Frameset - 2016,Mountain Bikes,Ritchey,1,749.99,0.07,Baldwin Bikes,Marcelene Boyer,697.4907,2017,5
916,2017-05-28,Luciana Mcgee,Selden,Haro Shredder 20 - 2017,Children Bicycles,Haro,1,209.99,0.2,Baldwin Bikes,Marcelene Boyer,167.99200000000002,2017,5
917,2017-05-29,Chloe Patel,Santa Monica,Haro Shift R3 - 2017,Mountain Bikes,Haro,1,1469.99,0.07,Santa Cruz Bikes,Mireya Copeland,1367.0907,2017,5
918,2017-05-30,Rutha Howell,Canyon Country,Trek Precaliber 24 (21-Speed) - Girls - 2017,Children Bicycles,Trek,1,349.99,0.2,Santa Cruz Bikes,Genna Serrano,279.992,2017,5
918,2017-05-30,Rutha Howell,Canyon Country,Surly Wednesday - 2017,Mountain Bikes,Surly,1,1632.99,0.1,Santa Cruz Bikes,Genna Serrano,1469.691,2017,5
918,2017-05-30,Rutha Howell,Canyon Country,Trek Fuel EX 8 29 - 2016,Mountain Bikes,Trek,2,2899.99,0.07,Santa Cruz Bikes,Genna Serrano,5393.9814,2017,5
919,2017-05-30,Tajuana Riddle,Bayside,Trek Slash 8 27.5 - 2016,Mountain Bikes,Trek,1,3999.99,0.07,Baldwin Bikes,Venita Daniel,3719.9906999999994,2017,5
919,2017-05-30,Tajuana Riddle,Bayside,Haro SR 1.1 - 2017,Mountain Bikes,Haro,1,539.99,0.1,Baldwin Bikes,Venita Daniel,485.99100000000004,2017,5
920,2017-05-30,Novella Patel,Glen Cove,"Electra Girl's Hawaii 1 16"" - 2017",Cruisers Bicycles,Electra,1,299.99,0.05,Baldwin Bikes,Venita Daniel,284.9905,2017,5
920,2017-05-30,Novella Patel,Glen Cove,Trek Stache 5 - 2017,Mountain Bikes,Trek,2,1499.99,0.07,Baldwin Bikes,Venita Daniel,2789.9813999999997,2017,5
920,2017-05-30,Novella Patel,Glen Cove,Sun Bicycles Biscayne Tandem CB - 2017,Cruisers Bicycles,Sun Bicycles,1,647.99,0.05,Baldwin Bikes,Venita Daniel,615.5905,2017,5
920,2017-05-30,Novella Patel,Glen Cove,Sun Bicycles Brickell Tandem CB - 2017,Cruisers Bicycles,Sun Bicycles,2,761.99,0.07,Baldwin Bikes,Venita Daniel,1417.3013999999998,2017,5
921,2017-05-31,Ehtel Cobb,Lockport,Electra Glam Punk 3i Ladies' - 2017,Cruisers Bicycles,Electra,1,799.99,0.2,Baldwin Bikes,Marcelene Boyer,639.9920000000001,2017,5
921,2017-05-31,Ehtel Cobb,Lockport,Electra Cruiser Lux Fat Tire 1 Ladies - 2017,Cruisers Bicycles,Electra,2,599.99,0.07,Baldwin Bikes,Marcelene Boyer,1115.9814,2017,5
921,2017-05-31,Ehtel Cobb,Lockport,Trek Emonda S 4 - 2017,Road Bikes,Trek,1,1499.99,0.1,Baldwin Bikes,Marcelene Boyer,1349.991,2017,5
922,2017-05-31,Romana Barnes,Floral Park,Sun Bicycles Cruz 3 - 2017,Cruisers Bicycles,Sun Bicycles,1,449.99,0.2,Baldwin Bikes,Marcelene Boyer,359.992,2017,5
922,2017-05-31,Romana Barnes,Floral Park,Sun Bicycles Brickell Tandem 7 - 2017,Cruisers Bicycles,Sun Bicycles,1,749.99,0.2,Baldwin Bikes,Marcelene Boyer,599.9920000000001,2017,5
922,2017-05-31,Romana Barnes,Floral Park,Trek Girl's Kickster - 2017,Children Bicycles,Trek,1,149.99,0.1,Baldwin Bikes,Marcelene Boyer,134.991,2017,5
923,2017-05-31,Agatha Melton,Springfield Gardens,Electra Cruiser Lux 1 - 2017,Cruisers Bicycles,Electra,2,439.99,0.05,Baldwin Bikes,Venita Daniel,835.981,2017,5
923,2017-05-31,Agatha Melton,Springfield Gardens,Surly Ice Cream Truck Frameset - 2016,Mountain Bikes,Surly,1,469.99,0.1,Baldwin Bikes,Venita Daniel,422.99100000000004,2017,5
924,2017-06-02,Jayne Kirkland,Rowlett,Electra Savannah 3i (20-inch) - Girl's - 2017,Children Bicycles,Electra,2,349.99,0.2,Rowlett Bikes,Kali Vargas,559.984,2017,6
924,2017-06-02,Jayne Kirkland,Rowlett,Surly Troll Frameset - 2017,Mountain Bikes,Surly,1,832.99,0.2,Rowlett Bikes,Kali Vargas,666.392,2017,6
925,2017-06-02,Conrad Mueller,Massapequa,Electra Savannah 3i (20-inch) - Girl's - 2017,Children Bicycles,Electra,1,349.99,0.07,Baldwin Bikes,Venita Daniel,325.4907,2017,6
925,2017-06-02,Conrad Mueller,Massapequa,Trek Boone 7 - 2017,Cyclocross Bicycles,Trek,2,3499.99,0.2,Baldwin Bikes,Venita Daniel,5599.984,2017,6
926,2017-06-03,Mariana Strong,Santa Clara,Haro Flightline One ST - 2017,Mountain Bikes,Haro,2,379.99,0.2,Santa Cruz Bikes,Mireya Copeland,607.984,2017,6
927,2017-06-03,Lee Dunn,San Jose,Electra Cruiser Lux 1 - 2017,Cruisers Bicycles,Electra,2,439.99,0.1,Santa Cruz Bikes,Mireya Copeland,791.9820000000001,2017,6
927,2017-06-03,Lee Dunn,San Jose,Electra Townie Original 7D EQ - 2016,Cruisers Bicycles,Electra,2,599.99,0.2,Santa Cruz Bikes,Mireya Copeland,959.984,2017,6
927,2017-06-03,Lee Dunn,San Jose,Trek Silque SLR 7 Women's - 2017,Road Bikes,Trek,1,5999.99,0.1,Santa Cruz Bikes,Mireya Copeland,5399.991,2017,6
927,2017-06-03,Lee Dunn,San Jose,Surly Wednesday Frameset - 2016,Mountain Bikes,Surly,1,999.99,0.1,Santa Cruz Bikes,Mireya Copeland,899.991,2017,6
927,2017-06-03,Lee Dunn,San Jose,Trek Fuel EX 9.8 27.5 Plus - 2017,Mountain Bikes,Trek,1,5299.99,0.07,Santa Cruz Bikes,Mireya Copeland,4928.990699999999,2017,6
928,2017-06-05,Stephen Vega,Anaheim,Sun Bicycles Atlas X-Type - 2017,Cruisers Bicycles,Sun Bicycles,2,416.99,0.05,Santa Cruz Bikes,Genna Serrano,792.281,2017,6
928,2017-06-05,Stephen Vega,Anaheim,Trek Boy's Kickster - 2015/2017,Children Bicycles,Trek,1,149.99,0.2,Santa Cruz Bikes,Genna Serrano,119.99200000000002,2017,6
929,2017-06-05,Myron Ruiz,Amityville,Electra Amsterdam Original 3i Ladies' - 2017,Cruisers Bicycles,Electra,1,659.99,0.2,Baldwin Bikes,Marcelene Boyer,527.9920000000001,2017,6
929,2017-06-05,Myron Ruiz,Amityville,Trek Boone Race Shop Limited - 2017,Cyclocross Bicycles,Trek,2,3499.99,0.1,Baldwin Bikes,Marcelene Boyer,6299.982,2017,6
929,2017-06-05,Myron Ruiz,Amityville,Electra Townie Original 21D - 2016,Comfort Bicycles,Electra,1,549.99,0.05,Baldwin Bikes,Marcelene Boyer,522.4905,2017,6
930,2017-06-05,Abram Copeland,Harlingen,Trek Domane SLR 6 Disc - 2017,Road Bikes,Trek,2,5499.99,0.07,Rowlett Bikes,Layla Terrell,10229.981399999999,2017,6
930,2017-06-05,Abram Copeland,Harlingen,Electra Amsterdam Original 3i Ladies' - 2017,Cruisers Bicycles,Electra,1,659.99,0.07,Rowlett Bikes,Layla Terrell,613.7907,2017,6
930,2017-06-05,Abram Copeland,Harlingen,Sun Bicycles ElectroLite - 2017,Electric Bikes,Sun Bicycles,1,1559.99,0.1,Rowlett Bikes,Layla Terrell,1403.991,2017,6
930,2017-06-05,Abram Copeland,Harlingen,Sun Bicycles Lil Bolt Type-R - 2017,Cruisers Bicycles,Sun Bicycles,2,346.99,0.05,Rowlett Bikes,Layla Terrell,659.281,2017,6
930,2017-06-05,Abram Copeland,Harlingen,Trek Silque SLR 8 Women's - 2017,Road Bikes,Trek,2,6499.99,0.1,Rowlett Bikes,Layla Terrell,11699.982,2017,6
931,2017-06-07,Tressa Weiss,Ossining,Trek Domane SL 6 - 2017,Road Bikes,Trek,2,3499.99,0.07,Baldwin Bikes,Marcelene Boyer,6509.981399999999,2017,6
931,2017-06-07,Tressa Weiss,Ossining,"Electra Girl's Hawaii 1 16"" - 2017",Cruisers Bicycles,Electra,1,299.99,0.2,Baldwin Bikes,Marcelene Boyer,239.99200000000002,2017,6
932,2017-06-07,Douglas Richards,Valley Stream,Electra Cruiser Lux 1 - 2017,Cruisers Bicycles,Electra,1,439.99,0.05,Baldwin Bikes,Marcelene Boyer,417.9905,2017,6
933,2017-06-07,Alita Salinas,Uniondale,Electra Glam Punk 3i Ladies' - 2017,Cruisers Bicycles,Electra,1,799.99,0.07,Baldwin Bikes,Marcelene Boyer,743.9907,2017,6
933,2017-06-07,Alita Salinas,Uniondale,Electra Cruiser 1 (24-Inch) - 2016,Children Bicycles,Electra,1,269.99,0.2,Baldwin Bikes,Marcelene Boyer,215.99200000000002,2017,6
933,2017-06-07,Alita Salinas,Uniondale,Electra Cruiser Lux Fat Tire 1 Ladies - 2017,Cruisers Bicycles,Electra,2,599.99,0.05,Baldwin Bikes,Marcelene Boyer,1139.981,2017,6
934,2017-06-09,Corrina Sawyer,Troy,Sun Bicycles Spider 3i - 2017,Mountain Bikes,Sun Bicycles,2,832.99,0.05,Baldwin Bikes,Venita Daniel,1582.681,2017,6
934,2017-06-09,Corrina Sawyer,Troy,Trek Emonda S 4 - 2017,Road Bikes,Trek,1,1499.99,0.05,Baldwin Bikes,Venita Daniel,1424.9904999999999,2017,6
934,2017-06-09,Corrina Sawyer,Troy,Pure Cycles Western 3-Speed - Women's - 2015/2016,Cruisers Bicycles,Pure Cycles,1,449.0,0.1,Baldwin Bikes,Venita Daniel,404.1,2017,6
934,2017-06-09,Corrina Sawyer,Troy,Trek Powerfly 8 FS Plus - 2017,Electric Bikes,Trek,1,4999.99,0.07,Baldwin Bikes,Venita Daniel,4649.990699999999,2017,6
934,2017-06-09,Corrina Sawyer,Troy,Trek Domane SLR 6 Disc - 2017,Road Bikes,Trek,2,5499.99,0.2,Baldwin Bikes,Venita Daniel,8799.984,2017,6
935,2017-06-10,Mozelle Carter,Houston,Sun Bicycles Lil Bolt Type-R - 2017,Cruisers Bicycles,Sun Bicycles,2,346.99,0.2,Rowlett Bikes,Kali Vargas,555.1840000000001,2017,6
935,2017-06-10,Mozelle Carter,Houston,"Electra Girl's Hawaii 1 16"" - 2017",Cruisers Bicycles,Electra,2,299.99,0.07,Rowlett Bikes,Kali Vargas,557.9814,2017,6
935,2017-06-10,Mozelle Carter,Houston,Surly Ice Cream Truck Frameset - 2016,Mountain Bikes,Surly,1,469.99,0.07,Rowlett Bikes,Kali Vargas,437.09069999999997,2017,6
935,2017-06-10,Mozelle Carter,Houston,Haro Flightline Two 26 Plus - 2017,Mountain Bikes,Haro,1,549.99,0.07,Rowlett Bikes,Kali Vargas,511.49069999999995,2017,6
936,2017-06-10,Mellisa Farley,Central Islip,Electra Amsterdam Original 3i - 2015/2017,Cruisers Bicycles,Electra,1,659.99,0.1,Baldwin Bikes,Marcelene Boyer,593.991,2017,6
936,2017-06-10,Mellisa Farley,Central Islip,Haro SR 1.1 - 2017,Mountain Bikes,Haro,1,539.99,0.07,Baldwin Bikes,Marcelene Boyer,502.1907,2017,6
937,2017-06-11,Melanie Hayes,Liverpool,Sun Bicycles Cruz 3 - Women's - 2017,Comfort Bicycles,Sun Bicycles,2,449.99,0.1,Baldwin Bikes,Venita Daniel,809.9820000000001,2017,6
937,2017-06-11,Melanie Hayes,Liverpool,Trek Silque SLR 8 Women's - 2017,Road Bikes,Trek,2,6499.99,0.07,Baldwin Bikes,Venita Daniel,12089.981399999999,2017,6
937,2017-06-11,Melanie Hayes,Liverpool,Trek Madone 9.2 - 2017,Road Bikes,Trek,2,4999.99,0.07,Baldwin Bikes,Venita Daniel,9299.981399999999,2017,6
937,2017-06-11,Melanie Hayes,Liverpool,Surly Karate Monkey 27.5+ Frameset - 2017,Mountain Bikes,Surly,2,2499.99,0.07,Baldwin Bikes,Venita Daniel,4649.9814,2017,6
937,2017-06-11,Melanie Hayes,Liverpool,Sun Bicycles Revolutions 24 - 2017,Cruisers Bicycles,Sun Bicycles,1,250.99,0.2,Baldwin Bikes,Venita Daniel,200.79200000000003,2017,6
938,2017-06-11,Walton Dejesus,Lockport,Trek Fuel EX 8 29 - 2016,Mountain Bikes,Trek,1,2899.99,0.05,Baldwin Bikes,Marcelene Boyer,2754.9905,2017,6
938,2017-06-11,Walton Dejesus,Lockport,Electra Cruiser 1 (24-Inch) - 2016,Cruisers Bicycles,Electra,1,269.99,0.05,Baldwin Bikes,Marcelene Boyer,256.4905,2017,6
939,2017-06-11,Hugh Craft,Centereach,Heller Shagamaw Frame - 2016,Mountain Bikes,Heller,1,1320.99,0.1,Baldwin Bikes,Marcelene Boyer,1188.891,2017,6
939,2017-06-11,Hugh Craft,Centereach,Sun Bicycles Cruz 7 - 2017,Comfort Bicycles,Sun Bicycles,2,416.99,0.2,Baldwin Bikes,Marcelene Boyer,667.1840000000001,2017,6
940,2017-06-12,Chasidy Webster,Rocklin,Electra Cruiser Lux Fat Tire 1 Ladies - 2017,Cruisers Bicycles,Electra,2,599.99,0.2,Santa Cruz Bikes,Mireya Copeland,959.984,2017,6
941,2017-06-12,Genny Hensley,Redondo Beach,Electra Townie Original 7D - 2015/2016,Comfort Bicycles,Electra,1,499.99,0.1,Santa Cruz Bikes,Mireya Copeland,449.99100000000004,2017,6
941,2017-06-12,Genny Hensley,Redondo Beach,Electra Townie Original 7D - 2017,Comfort Bicycles,Electra,2,489.99,0.05,Santa Cruz Bikes,Mireya Copeland,930.981,2017,6
941,2017-06-12,Genny Hensley,Redondo Beach,Surly Straggler 650b - 2016,Cyclocross Bicycles,Surly,2,1680.99,0.07,Santa Cruz Bikes,Mireya Copeland,3126.6414,2017,6
942,2017-06-13,Carter Bentley,Carmel,Electra Straight 8 3i (20-inch) - Boy's - 2017,Children Bicycles,Electra,2,489.99,0.05,Baldwin Bikes,Marcelene Boyer,930.981,2017,6
942,2017-06-13,Carter Bentley,Carmel,Sun Bicycles Drifter 7 - 2017,Comfort Bicycles,Sun Bicycles,2,470.99,0.1,Baldwin Bikes,Marcelene Boyer,847.782,2017,6
942,2017-06-13,Carter Bentley,Carmel,Sun Bicycles Spider 3i - 2017,Mountain Bikes,Sun Bicycles,2,832.99,0.07,Baldwin Bikes,Marcelene Boyer,1549.3614,2017,6
942,2017-06-13,Carter Bentley,Carmel,Sun Bicycles Streamway 3 - 2017,Comfort Bicycles,Sun Bicycles,1,551.99,0.05,Baldwin Bikes,Marcelene Boyer,524.3905,2017,6
942,2017-06-13,Carter Bentley,Carmel,Electra Townie 3i EQ (20-inch) - Boys' - 2017,Children Bicycles,Electra,1,489.99,0.05,Baldwin Bikes,Marcelene Boyer,465.4905,2017,6
943,2017-06-13,Daphine Willis,Farmingdale,Electra Townie Original 7D - 2015/2016,Comfort Bicycles,Electra,1,499.99,0.2,Baldwin Bikes,Marcelene Boyer,399.992,2017,6
943,2017-06-13,Daphine Willis,Farmingdale,Electra Amsterdam Original 3i Ladies' - 2017,Cruisers Bicycles,Electra,1,659.99,0.2,Baldwin Bikes,Marcelene Boyer,527.9920000000001,2017,6
944,2017-06-14,Jone Bernard,Anaheim,Trek X-Caliber 8 - 2017,Mountain Bikes,Trek,2,999.99,0.07,Santa Cruz Bikes,Genna Serrano,1859.9814,2017,6
944,2017-06-14,Jone Bernard,Anaheim,Electra Townie Original 7D EQ - 2016,Cruisers Bicycles,Electra,2,599.99,0.1,Santa Cruz Bikes,Genna Serrano,1079.982,2017,6
944,2017-06-14,Jone Bernard,Anaheim,Electra Amsterdam Original 3i - 2015/2017,Cruisers Bicycles,Electra,2,659.99,0.2,Santa Cruz Bikes,Genna Serrano,1055.9840000000002,2017,6
944,2017-06-14,Jone Bernard,Anaheim,Haro Downtown 16 - 2017,Children Bicycles,Haro,2,329.99,0.2,Santa Cruz Bikes,Genna Serrano,527.984,2017,6
944,2017-06-14,Jone Bernard,Anaheim,Sun Bicycles Cruz 7 - 2017,Cruisers Bicycles,Sun Bicycles,2,416.99,0.07,Santa Cruz Bikes,Genna Serrano,775.6014,2017,6
945,2017-06-14,Loreta Johnston,Spring Valley,Sun Bicycles Streamway 7 - 2017,Comfort Bicycles,Sun Bicycles,1,533.99,0.05,Baldwin Bikes,Venita Daniel,507.2905,2017,6
945,2017-06-14,Loreta Johnston,Spring Valley,Haro Shredder Pro 20 - 2017,Children Bicycles,Haro,2,249.99,0.2,Baldwin Bikes,Venita Daniel,399.98400000000004,2017,6
945,2017-06-14,Loreta Johnston,Spring Valley,Trek Session DH 27.5 Carbon Frameset - 2017,Mountain Bikes,Trek,2,469.99,0.05,Baldwin Bikes,Venita Daniel,892.981,2017,6
945,2017-06-14,Loreta Johnston,Spring Valley,Haro SR 1.1 - 2017,Mountain Bikes,Haro,2,539.99,0.1,Baldwin Bikes,Venita Daniel,971.9820000000001,2017,6
945,2017-06-14,Loreta Johnston,Spring Valley,Trek Silque SLR 7 Women's - 2017,Road Bikes,Trek,2,5999.99,0.05,Baldwin Bikes,Venita Daniel,11399.981,2017,6
946,2017-06-14,Andreas Mayer,New Rochelle,Trek Slash 8 27.5 - 2016,Mountain Bikes,Trek,1,3999.99,0.1,Baldwin Bikes,Marcelene Boyer,3599.991,2017,6
946,2017-06-14,Andreas Mayer,New Rochelle,Haro Downtown 16 - 2017,Children Bicycles,Haro,2,329.99,0.2,Baldwin Bikes,Marcelene Boyer,527.984,2017,6
946,2017-06-14,Andreas Mayer,New Rochelle,Trek Boone 7 - 2017,Cyclocross Bicycles,Trek,1,3499.99,0.05,Baldwin Bikes,Marcelene Boyer,3324.9904999999994,2017,6
946,2017-06-14,Andreas Mayer,New Rochelle,Electra Girl's Hawaii 1 (16-inch) - 2015/2016,Children Bicycles,Electra,2,269.99,0.2,Baldwin Bikes,Marcelene Boyer,431.98400000000004,2017,6
946,2017-06-14,Andreas Mayer,New Rochelle,Trek Domane SLR 6 Disc - 2017,Road Bikes,Trek,2,5499.99,0.07,Baldwin Bikes,Marcelene Boyer,10229.981399999999,2017,6
947,2017-06-15,Myesha Burgess,Campbell,Trek Farley Alloy Frameset - 2017,Mountain Bikes,Trek,1,469.99,0.05,Santa Cruz Bikes,Genna Serrano,446.4905,2017,6
947,2017-06-15,Myesha Burgess,Campbell,Trek Fuel EX 5 27.5 Plus - 2017,Mountain Bikes,Trek,2,2299.99,0.07,Santa Cruz Bikes,Genna Serrano,4277.9814,2017,6
947,2017-06-15,Myesha Burgess,Campbell,Haro SR 1.1 - 2017,Mountain Bikes,Haro,1,539.99,0.07,Santa Cruz Bikes,Genna Serrano,502.1907,2017,6
948,2017-06-15,Skye Pope,Richmond Hill,Electra Girl's Hawaii 1 (20-inch) - 2015/2016,Children Bicycles,Electra,2,299.99,0.2,Baldwin Bikes,Marcelene Boyer,479.98400000000004,2017,6
948,2017-06-15,Skye Pope,Richmond Hill,Electra Townie Original 7D EQ - Women's - 2016,Cruisers Bicycles,Electra,2,599.99,0.1,Baldwin Bikes,Marcelene Boyer,1079.982,2017,6
948,2017-06-15,Skye Pope,Richmond Hill,Electra Townie 7D (20-inch) - Boys' - 2017,Children Bicycles,Electra,1,339.99,0.2,Baldwin Bikes,Marcelene Boyer,271.992,2017,6
948,2017-06-15,Skye Pope,Richmond Hill,Haro Shredder 20 - 2017,Children Bicycles,Haro,2,209.99,0.2,Baldwin Bikes,Marcelene Boyer,335.98400000000004,2017,6
948,2017-06-15,Skye Pope,Richmond Hill,Sun Bicycles Biscayne Tandem 7 - 2017,Cruisers Bicycles,Sun Bicycles,2,619.99,0.2,Baldwin Bikes,Marcelene Boyer,991.984,2017,6
949,2017-06-16,Rosalva Hamilton,Campbell,Trek Conduit+ - 2016,Electric Bikes,Trek,2,2999.99,0.1,Santa Cruz Bikes,Genna Serrano,5399.982,2017,6
949,2017-06-16,Rosalva Hamilton,Campbell,Trek Domane S 6 - 2017,Road Bikes,Trek,2,2699.99,0.05,Santa Cruz Bikes,Genna Serrano,5129.981,2017,6
950,2017-06-16,Nicholas Vazquez,West Hempstead,Trek Domane SLR 6 Disc - 2017,Road Bikes,Trek,1,5499.99,0.05,Baldwin Bikes,Marcelene Boyer,5224.9905,2017,6
951,2017-06-16,Tamela Harrell,Central Islip,Trek Domane S 5 Disc - 2017,Road Bikes,Trek,1,2599.99,0.1,Baldwin Bikes,Venita Daniel,2339.991,2017,6
951,2017-06-16,Tamela Harrell,Central Islip,Trek Fuel EX 9.8 27.5 Plus - 2017,Mountain Bikes,Trek,2,5299.99,0.1,Baldwin Bikes,Venita Daniel,9539.982,2017,6
951,2017-06-16,Tamela Harrell,Central Islip,Trek Boone 7 - 2017,Cyclocross Bicycles,Trek,2,3499.99,0.2,Baldwin Bikes,Venita Daniel,5599.984,2017,6
952,2017-06-16,Arvilla Weiss,Bay Shore,Electra Townie Original 7D EQ - Women's - 2016,Cruisers Bicycles,Electra,2,599.99,0.07,Baldwin Bikes,Venita Daniel,1115.9814,2017,6
952,2017-06-16,Arvilla Weiss,Bay Shore,Trek Emonda S 5 - 2017,Road Bikes,Trek,1,1999.99,0.05,Baldwin Bikes,Venita Daniel,1899.9904999999999,2017,6
953,2017-06-16,Nicki Larson,Monsey,Electra Girl's Hawaii 1 (20-inch) - 2015/2016,Children Bicycles,Electra,2,299.99,0.07,Baldwin Bikes,Venita Daniel,557.9814,2017,6
954,2017-06-17,Ashleigh Frank,Levittown,Trek Fuel EX 8 29 - 2016,Mountain Bikes,Trek,2,2899.99,0.1,Baldwin Bikes,Marcelene Boyer,5219.982,2017,6
955,2017-06-17,Phebe Turner,Sunnyside,Trek Fuel EX 9.8 27.5 Plus - 2017,Mountain Bikes,Trek,1,5299.99,0.1,Baldwin Bikes,Marcelene Boyer,4769.991,2017,6
955,2017-06-17,Phebe Turner,Sunnyside,Surly Wednesday - 2017,Mountain Bikes,Surly,2,1632.99,0.07,Baldwin Bikes,Marcelene Boyer,3037.3614,2017,6
955,2017-06-17,Phebe Turner,Sunnyside,Electra Moto 3i (20-inch) - Boy's - 2017,Children Bicycles,Electra,1,349.99,0.05,Baldwin Bikes,Marcelene Boyer,332.4905,2017,6
955,2017-06-17,Phebe Turner,Sunnyside,Trek Boone Race Shop Limited - 2017,Cyclocross Bicycles,Trek,1,3499.99,0.2,Baldwin Bikes,Marcelene Boyer,2799.992,2017,6
955,2017-06-17,Phebe Turner,Sunnyside,Trek Precaliber 12 Girls - 2017,Children Bicycles,Trek,1,189.99,0.05,Baldwin Bikes,Marcelene Boyer,180.4905,2017,6
956,2017-06-17,Annabelle Hebert,Spring Valley,"Electra Girl's Hawaii 1 16"" - 2017",Cruisers Bicycles,Electra,2,299.99,0.1,Baldwin Bikes,Marcelene Boyer,539.9820000000001,2017,6
956,2017-06-17,Annabelle Hebert,Spring Valley,Electra Girl's Hawaii 1 (20-inch) - 2015/2016,Children Bicycles,Electra,1,299.99,0.2,Baldwin Bikes,Marcelene Boyer,239.99200000000002,2017,6
956,2017-06-17,Annabelle Hebert,Spring Valley,Sun Bicycles Brickell Tandem 7 - 2017,Cruisers Bicycles,Sun Bicycles,2,749.99,0.1,Baldwin Bikes,Marcelene Boyer,1349.982,2017,6
956,2017-06-17,Annabelle Hebert,Spring Valley,Electra Cruiser 1 (24-Inch) - 2016,Cruisers Bicycles,Electra,2,269.99,0.2,Baldwin Bikes,Marcelene Boyer,431.98400000000004,2017,6
956,2017-06-17,Annabelle Hebert,Spring Valley,Sun Bicycles Boardwalk (24-inch Wheels) - 2017,Cruisers Bicycles,Sun Bicycles,2,402.99,0.1,Baldwin Bikes,Marcelene Boyer,725.3820000000001,2017,6
957,2017-06-17,Camila Carroll,San Antonio,Sun Bicycles Cruz 3 - Women's - 2017,Comfort Bicycles,Sun Bicycles,2,449.99,0.05,Rowlett Bikes,Layla Terrell,854.981,2017,6
957,2017-06-17,Camila Carroll,San Antonio,Electra Girl's Hawaii 1 (16-inch) - 2015/2016,Cruisers Bicycles,Electra,2,269.99,0.07,Rowlett Bikes,Layla Terrell,502.1814,2017,6
957,2017-06-17,Camila Carroll,San Antonio,Electra Amsterdam Original 3i - 2015/2017,Cruisers Bicycles,Electra,2,659.99,0.05,Rowlett Bikes,Layla Terrell,1253.981,2017,6
957,2017-06-17,Camila Carroll,San Antonio,Sun Bicycles Revolutions 24 - 2017,Cruisers Bicycles,Sun Bicycles,1,250.99,0.07,Rowlett Bikes,Layla Terrell,233.42069999999998,2017,6
957,2017-06-17,Camila Carroll,San Antonio,Sun Bicycles Drifter 7 - Women's - 2017,Comfort Bicycles,Sun Bicycles,1,470.99,0.05,Rowlett Bikes,Layla Terrell,447.4405,2017,6
958,2017-06-18,Shona Mcmillan,Apple Valley,Trek Silque SLR 8 Women's - 2017,Road Bikes,Trek,1,6499.99,0.1,Santa Cruz Bikes,Mireya Copeland,5849.991,2017,6
958,2017-06-18,Shona Mcmillan,Apple Valley,"Electra Girl's Hawaii 1 16"" - 2017",Cruisers Bicycles,Electra,1,299.99,0.2,Santa Cruz Bikes,Mireya Copeland,239.99200000000002,2017,6
959,2017-06-18,Rita Bailey,Ossining,Electra Moto 1 - 2016,Cruisers Bicycles,Electra,1,529.99,0.2,Baldwin Bikes,Venita Daniel,423.992,2017,6
959,2017-06-18,Rita Bailey,Ossining,Sun Bicycles Biscayne Tandem 7 - 2017,Cruisers Bicycles,Sun Bicycles,1,619.99,0.1,Baldwin Bikes,Venita Daniel,557.991,2017,6
959,2017-06-18,Rita Bailey,Ossining,Haro Shift R3 - 2017,Mountain Bikes,Haro,1,1469.99,0.05,Baldwin Bikes,Venita Daniel,1396.4904999999999,2017,6
959,2017-06-18,Rita Bailey,Ossining,Sun Bicycles Lil Bolt Type-R - 2017,Cruisers Bicycles,Sun Bicycles,1,346.99,0.07,Baldwin Bikes,Venita Daniel,322.7007,2017,6
960,2017-06-18,Genoveva Lloyd,Bayside,Sun Bicycles Brickell Tandem 7 - 2017,Cruisers Bicycles,Sun Bicycles,2,749.99,0.05,Baldwin Bikes,Venita Daniel,1424.981,2017,6
960,2017-06-18,Genoveva Lloyd,Bayside,Surly Steamroller - 2017,Road Bikes,Surly,1,875.99,0.1,Baldwin Bikes,Venita Daniel,788.3910000000001,2017,6
960,2017-06-18,Genoveva Lloyd,Bayside,Trek Emonda S 4 - 2017,Road Bikes,Trek,2,1499.99,0.05,Baldwin Bikes,Venita Daniel,2849.9809999999998,2017,6
960,2017-06-18,Genoveva Lloyd,Bayside,Trek Boy's Kickster - 2015/2017,Children Bicycles,Trek,2,149.99,0.1,Baldwin Bikes,Venita Daniel,269.982,2017,6
961,2017-06-19,Lizzie Joyner,Coachella,Sun Bicycles Streamway 7 - 2017,Comfort Bicycles,Sun Bicycles,1,533.99,0.1,Santa Cruz Bikes,Mireya Copeland,480.591,2017,6
961,2017-06-19,Lizzie Joyner,Coachella,Trek Remedy 9.8 - 2017,Mountain Bikes,Trek,2,5299.99,0.2,Santa Cruz Bikes,Mireya Copeland,8479.984,2017,6
961,2017-06-19,Lizzie Joyner,Coachella,Sun Bicycles Lil Bolt Type-R - 2017,Cruisers Bicycles,Sun Bicycles,2,346.99,0.07,Santa Cruz Bikes,Mireya Copeland,645.4014,2017,6
962,2017-06-19,Marissa Summers,Saint Albans,Sun Bicycles Lil Bolt Type-R - 2017,Cruisers Bicycles,Sun Bicycles,2,346.99,0.07,Baldwin Bikes,Venita Daniel,645.4014,2017,6
962,2017-06-19,Marissa Summers,Saint Albans,Electra Townie Original 7D - 2017,Cruisers Bicycles,Electra,2,489.99,0.07,Baldwin Bikes,Venita Daniel,911.3814,2017,6
963,2017-06-19,Zona Cameron,East Northport,Trek Fuel EX 8 29 - 2016,Mountain Bikes,Trek,1,2899.99,0.07,Baldwin Bikes,Marcelene Boyer,2696.9907,2017,6
964,2017-06-20,Augustus Steele,Ballston Spa,Trek Precaliber 16 Girls - 2017,Children Bicycles,Trek,1,209.99,0.2,Baldwin Bikes,Venita Daniel,167.99200000000002,2017,6
964,2017-06-20,Augustus Steele,Ballston Spa,Electra Cruiser Lux 1 - 2017,Cruisers Bicycles,Electra,1,439.99,0.2,Baldwin Bikes,Venita Daniel,351.992,2017,6
965,2017-06-20,Jeni Farley,Richmond Hill,Trek Precaliber 16 Girls - 2017,Children Bicycles,Trek,2,209.99,0.1,Baldwin Bikes,Marcelene Boyer,377.982,2017,6
966,2017-06-20,Leif Short,San Angelo,Trek Precaliber 12 Girls - 2017,Children Bicycles,Trek,1,189.99,0.05,Rowlett Bikes,Kali Vargas,180.4905,2017,6
966,2017-06-20,Leif Short,San Angelo,Sun Bicycles Brickell Tandem 7 - 2017,Cruisers Bicycles,Sun Bicycles,1,749.99,0.07,Rowlett Bikes,Kali Vargas,697.4907,2017,6
967,2017-06-21,Ebony Cotton,West Babylon,Sun Bicycles Revolutions 24 - 2017,Cruisers Bicycles,Sun Bicycles,1,250.99,0.2,Baldwin Bikes,Marcelene Boyer,200.79200000000003,2017,6
967,2017-06-21,Ebony Cotton,West Babylon,Electra Glam Punk 3i Ladies' - 2017,Cruisers Bicycles,Electra,2,799.99,0.05,Baldwin Bikes,Marcelene Boyer,1519.981,2017,6
967,2017-06-21,Ebony Cotton,West Babylon,Trek Precaliber 12 Boys - 2017,Children Bicycles,Trek,1,189.99,0.1,Baldwin Bikes,Marcelene Boyer,170.991,2017,6
967,2017-06-21,Ebony Cotton,West Babylon,Sun Bicycles Streamway 3 - 2017,Comfort Bicycles,Sun Bicycles,1,551.99,0.2,Baldwin Bikes,Marcelene Boyer,441.59200000000004,2017,6
968,2017-06-21,Mila Moody,Troy,Trek Precaliber 12 Boys - 2017,Children Bicycles,Trek,1,189.99,0.2,Baldwin Bikes,Marcelene Boyer,151.99200000000002,2017,6
968,2017-06-21,Mila Moody,Troy,Trek Powerfly 8 FS Plus - 2017,Electric Bikes,Trek,2,4999.99,0.05,Baldwin Bikes,Marcelene Boyer,9499.981,2017,6
968,2017-06-21,Mila Moody,Troy,Surly Straggler - 2016,Cyclocross Bicycles,Surly,2,1549.0,0.05,Baldwin Bikes,Marcelene Boyer,2943.1,2017,6
969,2017-06-21,Cecelia Gill,Mcallen,Electra Cruiser Lux 1 - 2017,Cruisers Bicycles,Electra,1,439.99,0.2,Rowlett Bikes,Layla Terrell,351.992,2017,6
969,2017-06-21,Cecelia Gill,Mcallen,Surly Troll Frameset - 2017,Mountain Bikes,Surly,1,832.99,0.1,Rowlett Bikes,Layla Terrell,749.691,2017,6
970,2017-06-22,Corinna Adams,Rosedale,Haro Downtown 16 - 2017,Children Bicycles,Haro,1,329.99,0.1,Baldwin Bikes,Venita Daniel,296.99100000000004,2017,6
970,2017-06-22,Corinna Adams,Rosedale,Trek Emonda S 4 - 2017,Road Bikes,Trek,2,1499.99,0.1,Baldwin Bikes,Venita Daniel,2699.982,2017,6
970,2017-06-22,Corinna Adams,Rosedale,Trek Domane SL Disc Frameset - 2017,Road Bikes,Trek,2,3199.99,0.1,Baldwin Bikes,Venita Daniel,5759.982,2017,6
970,2017-06-22,Corinna Adams,Rosedale,Sun Bicycles Cruz 3 - 2017,Cruisers Bicycles,Sun Bicycles,1,449.99,0.1,Baldwin Bikes,Venita Daniel,404.99100000000004,2017,6
971,2017-06-22,Londa Gould,Corpus Christi,Electra Amsterdam Original 3i - 2015/2017,Cruisers Bicycles,Electra,2,659.99,0.05,Rowlett Bikes,Kali Vargas,1253.981,2017,6
971,2017-06-22,Londa Gould,Corpus Christi,Sun Bicycles Lil Bolt Type-R - 2017,Cruisers Bicycles,Sun Bicycles,2,346.99,0.07,Rowlett Bikes,Kali Vargas,645.4014,2017,6
971,2017-06-22,Londa Gould,Corpus Christi,Trek Remedy 29 Carbon Frameset - 2016,Mountain Bikes,Trek,2,1799.99,0.05,Rowlett Bikes,Kali Vargas,3419.9809999999998,2017,6
971,2017-06-22,Londa Gould,Corpus Christi,Electra Townie Original 21D - 2016,Cruisers Bicycles,Electra,2,549.99,0.07,Rowlett Bikes,Kali Vargas,1022.9813999999999,2017,6
971,2017-06-22,Londa Gould,Corpus Christi,Haro Flightline Two 26 Plus - 2017,Mountain Bikes,Haro,1,549.99,0.2,Rowlett Bikes,Kali Vargas,439.992,2017,6
972,2017-06-23,Claudio Wise,Kingston,Electra Townie 3i EQ (20-inch) - Boys' - 2017,Children Bicycles,Electra,1,489.99,0.2,Baldwin Bikes,Venita Daniel,391.992,2017,6
972,2017-06-23,Claudio Wise,Kingston,Trek Boone Race Shop Limited - 2017,Cyclocross Bicycles,Trek,1,3499.99,0.07,Baldwin Bikes,Venita Daniel,3254.9906999999994,2017,6
973,2017-06-24,Cindi Larson,Howard Beach,Trek Fuel EX 8 29 - 2016,Mountain Bikes,Trek,2,2899.99,0.1,Baldwin Bikes,Marcelene Boyer,5219.982,2017,6
973,2017-06-24,Cindi Larson,Howard Beach,Surly Karate Monkey 27.5+ Frameset - 2017,Mountain Bikes,Surly,2,2499.99,0.1,Baldwin Bikes,Marcelene Boyer,4499.982,2017,6
973,2017-06-24,Cindi Larson,Howard Beach,Trek Remedy 9.8 - 2017,Mountain Bikes,Trek,2,5299.99,0.05,Baldwin Bikes,Marcelene Boyer,10069.981,2017,6
973,2017-06-24,Cindi Larson,Howard Beach,Sun Bicycles Atlas X-Type - 2017,Cruisers Bicycles,Sun Bicycles,1,416.99,0.07,Baldwin Bikes,Marcelene Boyer,387.8007,2017,6
974,2017-06-24,Julienne Moody,Fort Worth,Surly Wednesday Frameset - 2017,Mountain Bikes,Surly,2,469.99,0.1,Rowlett Bikes,Kali Vargas,845.9820000000001,2017,6
974,2017-06-24,Julienne Moody,Fort Worth,Electra Girl's Hawaii 1 (16-inch) - 2015/2016,Children Bicycles,Electra,2,269.99,0.2,Rowlett Bikes,Kali Vargas,431.98400000000004,2017,6
975,2017-06-25,Lavinia Cotton,East Northport,Sun Bicycles Drifter 7 - 2017,Comfort Bicycles,Sun Bicycles,2,470.99,0.2,Baldwin Bikes,Marcelene Boyer,753.5840000000001,2017,6
976,2017-06-25,Myrl Gay,Garland,Electra Townie Original 7D EQ - 2016,Comfort Bicycles,Electra,2,599.99,0.1,Rowlett Bikes,Layla Terrell,1079.982,2017,6
976,2017-06-25,Myrl Gay,Garland,Trek Stache 5 - 2017,Mountain Bikes,Trek,1,1499.99,0.07,Rowlett Bikes,Layla Terrell,1394.9906999999998,2017,6
977,2017-06-26,Alfredo Dodson,Depew,Surly Steamroller - 2017,Road Bikes,Surly,2,875.99,0.1,Baldwin Bikes,Venita Daniel,1576.7820000000002,2017,6
977,2017-06-26,Alfredo Dodson,Depew,Sun Bicycles Cruz 7 - 2017,Cruisers Bicycles,Sun Bicycles,2,416.99,0.05,Baldwin Bikes,Venita Daniel,792.281,2017,6
977,2017-06-26,Alfredo Dodson,Depew,Surly Big Dummy Frameset - 2017,Mountain Bikes,Surly,1,999.99,0.05,Baldwin Bikes,Venita Daniel,949.9905,2017,6
977,2017-06-26,Alfredo Dodson,Depew,Sun Bicycles Brickell Tandem CB - 2017,Cruisers Bicycles,Sun Bicycles,2,761.99,0.05,Baldwin Bikes,Venita Daniel,1447.781,2017,6
978,2017-06-26,Raphael O'neil,Fairport,Sun Bicycles Cruz 3 - 2017,Comfort Bicycles,Sun Bicycles,2,449.99,0.05,Baldwin Bikes,Marcelene Boyer,854.981,2017,6
978,2017-06-26,Raphael O'neil,Fairport,Electra Townie Original 7D - 2015/2016,Comfort Bicycles,Electra,2,499.99,0.2,Baldwin Bikes,Marcelene Boyer,799.984,2017,6
978,2017-06-26,Raphael O'neil,Fairport,Sun Bicycles Cruz 3 - Women's - 2017,Comfort Bicycles,Sun Bicycles,2,449.99,0.05,Baldwin Bikes,Marcelene Boyer,854.981,2017,6
979,2017-06-26,Romeo Steele,Port Jefferson Station,Trek Domane S 6 - 2017,Road Bikes,Trek,1,2699.99,0.05,Baldwin Bikes,Marcelene Boyer,2564.9905,2017,6
979,2017-06-26,Romeo Steele,Port Jefferson Station,Sun Bicycles Atlas X-Type - 2017,Cruisers Bicycles,Sun Bicycles,2,416.99,0.2,Baldwin Bikes,Marcelene Boyer,667.1840000000001,2017,6
979,2017-06-26,Romeo Steele,Port Jefferson Station,Electra Townie Original 21D - 2016,Cruisers Bicycles,Electra,2,549.99,0.1,Baldwin Bikes,Marcelene Boyer,989.9820000000001,2017,6
979,2017-06-26,Romeo Steele,Port Jefferson Station,Surly Steamroller - 2017,Road Bikes,Surly,1,875.99,0.2,Baldwin Bikes,Marcelene Boyer,700.792,2017,6
980,2017-06-26,Bettie Glover,Euless,Trek Domane SL 6 - 2017,Road Bikes,Trek,2,3499.99,0.2,Rowlett Bikes,Layla Terrell,5599.984,2017,6
980,2017-06-26,Bettie Glover,Euless,Trek Conduit+ - 2016,Electric Bikes,Trek,1,2999.99,0.1,Rowlett Bikes,Layla Terrell,2699.991,2017,6
980,2017-06-26,Bettie Glover,Euless,Electra Townie Original 7D - 2017,Cruisers Bicycles,Electra,1,489.99,0.1,Rowlett Bikes,Layla Terrell,440.99100000000004,2017,6
981,2017-06-26,Cecilia Camacho,Desoto,Sun Bicycles Spider 3i - 2017,Mountain Bikes,Sun Bicycles,1,832.99,0.1,Rowlett Bikes,Kali Vargas,749.691,2017,6
981,2017-06-26,Cecilia Camacho,Desoto,"Electra Girl's Hawaii 1 16"" - 2017",Children Bicycles,Electra,2,299.99,0.05,Rowlett Bikes,Kali Vargas,569.981,2017,6
981,2017-06-26,Cecilia Camacho,Desoto,Electra Cruiser 1 (24-Inch) - 2016,Children Bicycles,Electra,2,269.99,0.07,Rowlett Bikes,Kali Vargas,502.1814,2017,6
981,2017-06-26,Cecilia Camacho,Desoto,Surly Troll Frameset - 2017,Mountain Bikes,Surly,2,832.99,0.1,Rowlett Bikes,Kali Vargas,1499.382,2017,6
981,2017-06-26,Cecilia Camacho,Desoto,Trek Powerfly 8 FS Plus - 2017,Electric Bikes,Trek,1,4999.99,0.07,Rowlett Bikes,Kali Vargas,4649.990699999999,2017,6
982,2017-06-26,Dollie Cervantes,Fort Worth,Electra Girl's Hawaii 1 (16-inch) - 2015/2016,Children Bicycles,Electra,2,269.99,0.1,Rowlett Bikes,Layla Terrell,485.982,2017,6
982,2017-06-26,Dollie Cervantes,Fort Worth,Sun Bicycles Drifter 7 - 2017,Comfort Bicycles,Sun Bicycles,1,470.99,0.07,Rowlett Bikes,Layla Terrell,438.0207,2017,6
982,2017-06-26,Dollie Cervantes,Fort Worth,Surly Steamroller - 2017,Road Bikes,Surly,1,875.99,0.07,Rowlett Bikes,Layla Terrell,814.6707,2017,6
982,2017-06-26,Dollie Cervantes,Fort Worth,Trek Fuel EX 9.8 29 - 2017,Mountain Bikes,Trek,2,4999.99,0.05,Rowlett Bikes,Layla Terrell,9499.981,2017,6
983,2017-06-27,Vito Pickett,Canandaigua,Trek Boone Race Shop Limited - 2017,Cyclocross Bicycles,Trek,1,3499.99,0.1,Baldwin Bikes,Marcelene Boyer,3149.991,2017,6
983,2017-06-27,Vito Pickett,Canandaigua,Electra Townie Original 7D EQ - Women's - 2016,Cruisers Bicycles,Electra,2,599.99,0.2,Baldwin Bikes,Marcelene Boyer,959.984,2017,6
983,2017-06-27,Vito Pickett,Canandaigua,Sun Bicycles Cruz 3 - 2017,Cruisers Bicycles,Sun Bicycles,1,449.99,0.07,Baldwin Bikes,Marcelene Boyer,418.4907,2017,6
983,2017-06-27,Vito Pickett,Canandaigua,Electra Amsterdam Fashion 7i Ladies' - 2017,Cruisers Bicycles,Electra,2,1099.99,0.07,Baldwin Bikes,Marcelene Boyer,2045.9814,2017,6
983,2017-06-27,Vito Pickett,Canandaigua,Trek Precaliber 12 Girls - 2017,Children Bicycles,Trek,1,189.99,0.05,Baldwin Bikes,Marcelene Boyer,180.4905,2017,6
984,2017-06-27,Victor Pittman,Astoria,Sun Bicycles Cruz 3 - 2017,Cruisers Bicycles,Sun Bicycles,1,449.99,0.2,Baldwin Bikes,Venita Daniel,359.992,2017,6
984,2017-06-27,Victor Pittman,Astoria,Electra Amsterdam Fashion 7i Ladies' - 2017,Cruisers Bicycles,Electra,2,1099.99,0.2,Baldwin Bikes,Venita Daniel,1759.9840000000002,2017,6
984,2017-06-27,Victor Pittman,Astoria,Electra Townie Original 21D - 2016,Cruisers Bicycles,Electra,1,549.99,0.1,Baldwin Bikes,Venita Daniel,494.99100000000004,2017,6
984,2017-06-27,Victor Pittman,Astoria,Sun Bicycles Drifter 7 - Women's - 2017,Comfort Bicycles,Sun Bicycles,1,470.99,0.2,Baldwin Bikes,Venita Daniel,376.79200000000003,2017,6
985,2017-06-30,Effie Jenkins,Brentwood,Heller Shagamaw Frame - 2016,Mountain Bikes,Heller,2,1320.99,0.07,Baldwin Bikes,Marcelene Boyer,2457.0414,2017,6
985,2017-06-30,Effie Jenkins,Brentwood,Trek Domane S 5 Disc - 2017,Road Bikes,Trek,1,2599.99,0.2,Baldwin Bikes,Marcelene Boyer,2079.9919999999997,2017,6
985,2017-06-30,Effie Jenkins,Brentwood,Sun Bicycles Biscayne Tandem CB - 2017,Cruisers Bicycles,Sun Bicycles,2,647.99,0.05,Baldwin Bikes,Marcelene Boyer,1231.181,2017,6
986,2017-06-30,Vernell Goff,Monroe,Trek Precaliber 12 Boys - 2017,Children Bicycles,Trek,1,189.99,0.1,Baldwin Bikes,Venita Daniel,170.991,2017,6
986,2017-06-30,Vernell Goff,Monroe,Sun Bicycles Biscayne Tandem CB - 2017,Cruisers Bicycles,Sun Bicycles,1,647.99,0.05,Baldwin Bikes,Venita Daniel,615.5905,2017,6
986,2017-06-30,Vernell Goff,Monroe,Electra Townie Original 7D EQ - 2016,Comfort Bicycles,Electra,2,599.99,0.07,Baldwin Bikes,Venita Daniel,1115.9814,2017,6
987,2017-07-02,Jeanie Kirkland,Santa Clara,Trek Silque SLR 8 Women's - 2017,Road Bikes,Trek,2,6499.99,0.1,Santa Cruz Bikes,Mireya Copeland,11699.982,2017,7
987,2017-07-02,Jeanie Kirkland,Santa Clara,Sun Bicycles ElectroLite - 2017,Electric Bikes,Sun Bicycles,2,1559.99,0.2,Santa Cruz Bikes,Mireya Copeland,2495.9840000000004,2017,7
987,2017-07-02,Jeanie Kirkland,Santa Clara,Sun Bicycles Brickell Tandem CB - 2017,Cruisers Bicycles,Sun Bicycles,1,761.99,0.07,Santa Cruz Bikes,Mireya Copeland,708.6506999999999,2017,7
988,2017-07-02,Honey Camacho,Bayside,Sun Bicycles Spider 3i - 2017,Mountain Bikes,Sun Bicycles,1,832.99,0.2,Baldwin Bikes,Marcelene Boyer,666.392,2017,7
988,2017-07-02,Honey Camacho,Bayside,Haro Flightline Two 26 Plus - 2017,Mountain Bikes,Haro,1,549.99,0.07,Baldwin Bikes,Marcelene Boyer,511.49069999999995,2017,7
988,2017-07-02,Honey Camacho,Bayside,Electra Townie Original 21D - 2016,Cruisers Bicycles,Electra,2,549.99,0.07,Baldwin Bikes,Marcelene Boyer,1022.9813999999999,2017,7
989,2017-07-02,Deandrea Vega,Yonkers,Electra Sugar Skulls 1 (20-inch) - Girl's - 2017,Children Bicycles,Electra,1,299.99,0.05,Baldwin Bikes,Marcelene Boyer,284.9905,2017,7
989,2017-07-02,Deandrea Vega,Yonkers,Surly Big Dummy Frameset - 2017,Mountain Bikes,Surly,1,999.99,0.1,Baldwin Bikes,Marcelene Boyer,899.991,2017,7
989,2017-07-02,Deandrea Vega,Yonkers,Electra Amsterdam Original 3i - 2015/2017,Cruisers Bicycles,Electra,1,659.99,0.1,Baldwin Bikes,Marcelene Boyer,593.991,2017,7
989,2017-07-02,Deandrea Vega,Yonkers,Sun Bicycles Lil Kitt'n - 2017,Children Bicycles,Sun Bicycles,2,109.99,0.07,Baldwin Bikes,Marcelene Boyer,204.58139999999997,2017,7
989,2017-07-02,Deandrea Vega,Yonkers,Heller Shagamaw Frame - 2016,Mountain Bikes,Heller,1,1320.99,0.1,Baldwin Bikes,Marcelene Boyer,1188.891,2017,7
990,2017-07-04,Lolita O'neill,Massapequa Park,Surly Ice Cream Truck Frameset - 2016,Mountain Bikes,Surly,2,469.99,0.2,Baldwin Bikes,Venita Daniel,751.984,2017,7
990,2017-07-04,Lolita O'neill,Massapequa Park,Trek X-Caliber 8 - 2017,Mountain Bikes,Trek,1,999.99,0.1,Baldwin Bikes,Venita Daniel,899.991,2017,7
990,2017-07-04,Lolita O'neill,Massapequa Park,Trek Precaliber 24 (21-Speed) - Girls - 2017,Children Bicycles,Trek,1,349.99,0.1,Baldwin Bikes,Venita Daniel,314.99100000000004,2017,7
990,2017-07-04,Lolita O'neill,Massapequa Park,Electra Girl's Hawaii 1 (16-inch) - 2015/2016,Cruisers Bicycles,Electra,2,269.99,0.1,Baldwin Bikes,Venita Daniel,485.982,2017,7
991,2017-07-06,Hermila Mckay,Coachella,Trek Conduit+ - 2016,Electric Bikes,Trek,2,2999.99,0.2,Santa Cruz Bikes,Mireya Copeland,4799.9839999999995,2017,7
991,2017-07-06,Hermila Mckay,Coachella,Sun Bicycles Boardwalk (24-inch Wheels) - 2017,Cruisers Bicycles,Sun Bicycles,1,402.99,0.2,Santa Cruz Bikes,Mireya Copeland,322.39200000000005,2017,7
991,2017-07-06,Hermila Mckay,Coachella,Trek Session DH 27.5 Carbon Frameset - 2017,Mountain Bikes,Trek,1,469.99,0.2,Santa Cruz Bikes,Mireya Copeland,375.992,2017,7
992,2017-07-07,Vicki Wiggins,Wappingers Falls,Haro SR 1.2 - 2017,Mountain Bikes,Haro,1,869.99,0.07,Baldwin Bikes,Venita Daniel,809.0907,2017,7
992,2017-07-07,Vicki Wiggins,Wappingers Falls,Electra Townie Original 7D - 2017,Comfort Bicycles,Electra,1,489.99,0.1,Baldwin Bikes,Venita Daniel,440.99100000000004,2017,7
992,2017-07-07,Vicki Wiggins,Wappingers Falls,Electra Townie Original 7D EQ - Women's - 2016,Cruisers Bicycles,Electra,1,599.99,0.2,Baldwin Bikes,Venita Daniel,479.992,2017,7
992,2017-07-07,Vicki Wiggins,Wappingers Falls,Electra Townie 7D (20-inch) - Boys' - 2017,Children Bicycles,Electra,2,339.99,0.2,Baldwin Bikes,Venita Daniel,543.984,2017,7
992,2017-07-07,Vicki Wiggins,Wappingers Falls,Trek Slash 8 27.5 - 2016,Mountain Bikes,Trek,1,3999.99,0.05,Baldwin Bikes,Venita Daniel,3799.9904999999994,2017,7
993,2017-07-09,Harold O'connor,Santa Cruz,Trek Madone 9.2 - 2017,Road Bikes,Trek,1,4999.99,0.2,Santa Cruz Bikes,Genna Serrano,3999.992,2017,7
993,2017-07-09,Harold O'connor,Santa Cruz,Surly Troll Frameset - 2017,Mountain Bikes,Surly,2,832.99,0.1,Santa Cruz Bikes,Genna Serrano,1499.382,2017,7
993,2017-07-09,Harold O'connor,Santa Cruz,Surly Straggler - 2016,Cyclocross Bicycles,Surly,2,1549.0,0.05,Santa Cruz Bikes,Genna Serrano,2943.1,2017,7
993,2017-07-09,Harold O'connor,Santa Cruz,Electra Sugar Skulls 1 (20-inch) - Girl's - 2017,Children Bicycles,Electra,2,299.99,0.07,Santa Cruz Bikes,Genna Serrano,557.9814,2017,7
993,2017-07-09,Harold O'connor,Santa Cruz,Sun Bicycles Boardwalk (24-inch Wheels) - 2017,Cruisers Bicycles,Sun Bicycles,2,402.99,0.1,Santa Cruz Bikes,Genna Serrano,725.3820000000001,2017,7
994,2017-07-09,Krystin Marshall,Poughkeepsie,Haro Flightline One ST - 2017,Mountain Bikes,Haro,2,379.99,0.1,Baldwin Bikes,Venita Daniel,683.9820000000001,2017,7
994,2017-07-09,Krystin Marshall,Poughkeepsie,Haro SR 1.2 - 2017,Mountain Bikes,Haro,1,869.99,0.2,Baldwin Bikes,Venita Daniel,695.9920000000001,2017,7
994,2017-07-09,Krystin Marshall,Poughkeepsie,Sun Bicycles Revolutions 24 - 2017,Cruisers Bicycles,Sun Bicycles,1,250.99,0.07,Baldwin Bikes,Venita Daniel,233.42069999999998,2017,7
995,2017-07-11,Basil Ballard,San Lorenzo,Electra Townie Original 7D EQ - 2016,Cruisers Bicycles,Electra,2,599.99,0.1,Santa Cruz Bikes,Mireya Copeland,1079.982,2017,7
995,2017-07-11,Basil Ballard,San Lorenzo,Trek Precaliber 16 Girls - 2017,Children Bicycles,Trek,1,209.99,0.2,Santa Cruz Bikes,Mireya Copeland,167.99200000000002,2017,7
995,2017-07-11,Basil Ballard,San Lorenzo,Electra Townie 7D (20-inch) - Boys' - 2017,Children Bicycles,Electra,1,339.99,0.1,Santa Cruz Bikes,Mireya Copeland,305.99100000000004,2017,7
996,2017-07-11,Beryl Bennett,Sacramento,Sun Bicycles Cruz 3 - 2017,Cruisers Bicycles,Sun Bicycles,2,449.99,0.05,Santa Cruz Bikes,Mireya Copeland,854.981,2017,7
996,2017-07-11,Beryl Bennett,Sacramento,Trek Farley Alloy Frameset - 2017,Mountain Bikes,Trek,1,469.99,0.05,Santa Cruz Bikes,Mireya Copeland,446.4905,2017,7
997,2017-07-11,Catherine Miles,East Elmhurst,Trek Girl's Kickster - 2017,Children Bicycles,Trek,2,149.99,0.07,Baldwin Bikes,Venita Daniel,278.9814,2017,7
997,2017-07-11,Catherine Miles,East Elmhurst,Sun Bicycles Streamway 7 - 2017,Comfort Bicycles,Sun Bicycles,2,533.99,0.2,Baldwin Bikes,Venita Daniel,854.384,2017,7
997,2017-07-11,Catherine Miles,East Elmhurst,Electra Girl's Hawaii 1 (16-inch) - 2015/2016,Cruisers Bicycles,Electra,2,269.99,0.07,Baldwin Bikes,Venita Daniel,502.1814,2017,7
998,2017-07-12,Darcie Morgan,Oceanside,Electra Townie Original 7D EQ - 2016,Comfort Bicycles,Electra,2,599.99,0.05,Baldwin Bikes,Venita Daniel,1139.981,2017,7
998,2017-07-12,Darcie Morgan,Oceanside,Sun Bicycles Streamway 7 - 2017,Comfort Bicycles,Sun Bicycles,1,533.99,0.2,Baldwin Bikes,Venita Daniel,427.192,2017,7
999,2017-07-12,Cyndi Dyer,Baldwin,Electra Amsterdam Original 3i - 2015/2017,Cruisers Bicycles,Electra,2,659.99,0.07,Baldwin Bikes,Marcelene Boyer,1227.5814,2017,7
999,2017-07-12,Cyndi Dyer,Baldwin,Sun Bicycles Cruz 3 - 2017,Comfort Bicycles,Sun Bicycles,1,449.99,0.05,Baldwin Bikes,Marcelene Boyer,427.4905,2017,7
1000,2017-07-12,Lewis Garner,Brentwood,Sun Bicycles Lil Bolt Type-R - 2017,Cruisers Bicycles,Sun Bicycles,2,346.99,0.05,Baldwin Bikes,Venita Daniel,659.281,2017,7
1000,2017-07-12,Lewis Garner,Brentwood,Sun Bicycles Drifter 7 - Women's - 2017,Comfort Bicycles,Sun Bicycles,1,470.99,0.1,Baldwin Bikes,Venita Daniel,423.891,2017,7
1000,2017-07-12,Lewis Garner,Brentwood,Pure Cycles William 3-Speed - 2016,Cruisers Bicycles,Pure Cycles,2,449.0,0.07,Baldwin Bikes,Venita Daniel,835.14,2017,7
1000,2017-07-12,Lewis Garner,Brentwood,Trek X-Caliber 8 - 2017,Mountain Bikes,Trek,2,999.99,0.05,Baldwin Bikes,Venita Daniel,1899.981,2017,7
1001,2017-07-13,Tonda Armstrong,Sunnyside,Sun Bicycles Biscayne Tandem 7 - 2017,Cruisers Bicycles,Sun Bicycles,1,619.99,0.05,Baldwin Bikes,Marcelene Boyer,588.9905,2017,7
1001,2017-07-13,Tonda Armstrong,Sunnyside,Haro SR 1.2 - 2017,Mountain Bikes,Haro,2,869.99,0.05,Baldwin Bikes,Marcelene Boyer,1652.981,2017,7
1001,2017-07-13,Tonda Armstrong,Sunnyside,Trek Madone 9.2 - 2017,Road Bikes,Trek,1,4999.99,0.1,Baldwin Bikes,Marcelene Boyer,4499.991,2017,7
1001,2017-07-13,Tonda Armstrong,Sunnyside,Sun Bicycles Drifter 7 - Women's - 2017,Comfort Bicycles,Sun Bicycles,1,470.99,0.07,Baldwin Bikes,Marcelene Boyer,438.0207,2017,7
1002,2017-07-14,Penni Best,Anaheim,Electra Townie 3i EQ (20-inch) - Boys' - 2017,Children Bicycles,Electra,1,489.99,0.05,Santa Cruz Bikes,Genna Serrano,465.4905,2017,7
1002,2017-07-14,Penni Best,Anaheim,Trek Boy's Kickster - 2015/2017,Children Bicycles,Trek,1,149.99,0.1,Santa Cruz Bikes,Genna Serrano,134.991,2017,7
1002,2017-07-14,Penni Best,Anaheim,Trek Remedy 29 Carbon Frameset - 2016,Mountain Bikes,Trek,2,1799.99,0.1,Santa Cruz Bikes,Genna Serrano,3239.982,2017,7
1002,2017-07-14,Penni Best,Anaheim,Sun Bicycles Boardwalk (24-inch Wheels) - 2017,Cruisers Bicycles,Sun Bicycles,1,402.99,0.2,Santa Cruz Bikes,Genna Serrano,322.39200000000005,2017,7
1003,2017-07-14,Marlo Jefferson,Niagara Falls,Trek Session DH 27.5 Carbon Frameset - 2017,Mountain Bikes,Trek,2,469.99,0.05,Baldwin Bikes,Venita Daniel,892.981,2017,7
1003,2017-07-14,Marlo Jefferson,Niagara Falls,Trek Silque SLR 8 Women's - 2017,Road Bikes,Trek,2,6499.99,0.05,Baldwin Bikes,Venita Daniel,12349.981,2017,7
1004,2017-07-14,Ulrike Chan,Port Chester,Surly Troll Frameset - 2017,Mountain Bikes,Surly,2,832.99,0.1,Baldwin Bikes,Marcelene Boyer,1499.382,2017,7
1005,2017-07-15,Myung Hooper,Elmont,Electra Girl's Hawaii 1 (16-inch) - 2015/2016,Cruisers Bicycles,Electra,2,269.99,0.2,Baldwin Bikes,Venita Daniel,431.98400000000004,2017,7
1005,2017-07-15,Myung Hooper,Elmont,Electra Amsterdam Fashion 7i Ladies' - 2017,Cruisers Bicycles,Electra,2,1099.99,0.1,Baldwin Bikes,Venita Daniel,1979.982,2017,7
1005,2017-07-15,Myung Hooper,Elmont,Electra Sugar Skulls 1 (20-inch) - Girl's - 2017,Children Bicycles,Electra,1,299.99,0.1,Baldwin Bikes,Venita Daniel,269.99100000000004,2017,7
1006,2017-07-15,Olimpia Mays,Oakland Gardens,Electra Townie Original 7D EQ - Women's - 2016,Cruisers Bicycles,Electra,1,599.99,0.07,Baldwin Bikes,Venita Daniel,557.9907,2017,7
1006,2017-07-15,Olimpia Mays,Oakland Gardens,Sun Bicycles Cruz 3 - 2017,Cruisers Bicycles,Sun Bicycles,1,449.99,0.1,Baldwin Bikes,Venita Daniel,404.99100000000004,2017,7
1006,2017-07-15,Olimpia Mays,Oakland Gardens,Trek Domane SLR 6 Disc - 2017,Road Bikes,Trek,2,5499.99,0.07,Baldwin Bikes,Venita Daniel,10229.981399999999,2017,7
1006,2017-07-15,Olimpia Mays,Oakland Gardens,Sun Bicycles Lil Bolt Type-R - 2017,Cruisers Bicycles,Sun Bicycles,1,346.99,0.1,Baldwin Bikes,Venita Daniel,312.291,2017,7
1006,2017-07-15,Olimpia Mays,Oakland Gardens,Haro SR 1.3 - 2017,Mountain Bikes,Haro,1,1409.99,0.1,Baldwin Bikes,Venita Daniel,1268.991,2017,7
1007,2017-07-16,Lina Meadows,Glen Cove,Electra Townie Original 7D EQ - 2016,Comfort Bicycles,Electra,1,599.99,0.2,Baldwin Bikes,Marcelene Boyer,479.992,2017,7
1007,2017-07-16,Lina Meadows,Glen Cove,Surly Straggler 650b - 2016,Cyclocross Bicycles,Surly,1,1680.99,0.05,Baldwin Bikes,Marcelene Boyer,1596.9405,2017,7
1007,2017-07-16,Lina Meadows,Glen Cove,Haro Downtown 16 - 2017,Children Bicycles,Haro,2,329.99,0.1,Baldwin Bikes,Marcelene Boyer,593.9820000000001,2017,7
1007,2017-07-16,Lina Meadows,Glen Cove,"Electra Girl's Hawaii 1 16"" - 2017",Cruisers Bicycles,Electra,1,299.99,0.2,Baldwin Bikes,Marcelene Boyer,239.99200000000002,2017,7
1007,2017-07-16,Lina Meadows,Glen Cove,Sun Bicycles Cruz 3 - 2017,Comfort Bicycles,Sun Bicycles,2,449.99,0.1,Baldwin Bikes,Marcelene Boyer,809.9820000000001,2017,7
1008,2017-07-16,Arie Hunter,Flushing,Sun Bicycles Atlas X-Type - 2017,Cruisers Bicycles,Sun Bicycles,1,416.99,0.2,Baldwin Bikes,Marcelene Boyer,333.59200000000004,2017,7
1008,2017-07-16,Arie Hunter,Flushing,Ritchey Timberwolf Frameset - 2016,Mountain Bikes,Ritchey,1,749.99,0.1,Baldwin Bikes,Marcelene Boyer,674.991,2017,7
1008,2017-07-16,Arie Hunter,Flushing,"Electra Girl's Hawaii 1 16"" - 2017",Children Bicycles,Electra,1,299.99,0.07,Baldwin Bikes,Marcelene Boyer,278.9907,2017,7
1009,2017-07-16,Patsy Russo,Rowlett,"Electra Girl's Hawaii 1 16"" - 2017",Children Bicycles,Electra,2,299.99,0.07,Rowlett Bikes,Kali Vargas,557.9814,2017,7
1009,2017-07-16,Patsy Russo,Rowlett,Haro SR 1.1 - 2017,Mountain Bikes,Haro,1,539.99,0.07,Rowlett Bikes,Kali Vargas,502.1907,2017,7
1010,2017-07-18,Jacquline Duncan,Jackson Heights,Sun Bicycles Cruz 7 - Women's - 2017,Comfort Bicycles,Sun Bicycles,2,416.99,0.1,Baldwin Bikes,Venita Daniel,750.582,2017,7
1011,2017-07-18,Travis Goodman,Los Banos,Trek Precaliber 12 Girls - 2017,Children Bicycles,Trek,1,189.99,0.2,Santa Cruz Bikes,Genna Serrano,151.99200000000002,2017,7
1011,2017-07-18,Travis Goodman,Los Banos,Electra Sugar Skulls 1 (20-inch) - Girl's - 2017,Children Bicycles,Electra,2,299.99,0.2,Santa Cruz Bikes,Genna Serrano,479.98400000000004,2017,7
1011,2017-07-18,Travis Goodman,Los Banos,Electra Townie Original 7D EQ - 2016,Cruisers Bicycles,Electra,2,599.99,0.2,Santa Cruz Bikes,Genna Serrano,959.984,2017,7
1011,2017-07-18,Travis Goodman,Los Banos,Sun Bicycles Cruz 3 - 2017,Cruisers Bicycles,Sun Bicycles,2,449.99,0.05,Santa Cruz Bikes,Genna Serrano,854.981,2017,7
1012,2017-07-18,Eric Hardin,Jamaica,Trek Remedy 29 Carbon Frameset - 2016,Mountain Bikes,Trek,1,1799.99,0.07,Baldwin Bikes,Venita Daniel,1673.9906999999998,2017,7
1012,2017-07-18,Eric Hardin,Jamaica,Electra Townie Original 7D - 2017,Cruisers Bicycles,Electra,1,489.99,0.2,Baldwin Bikes,Venita Daniel,391.992,2017,7
1013,2017-07-19,Babara Ochoa,Scarsdale,Sun Bicycles ElectroLite - 2017,Electric Bikes,Sun Bicycles,2,1559.99,0.05,Baldwin Bikes,Marcelene Boyer,2963.9809999999998,2017,7
1014,2017-07-19,Oliva Blackwell,Elmhurst,Electra Savannah 3i (20-inch) - Girl's - 2017,Children Bicycles,Electra,1,349.99,0.2,Baldwin Bikes,Marcelene Boyer,279.992,2017,7
1014,2017-07-19,Oliva Blackwell,Elmhurst,Haro SR 1.2 - 2017,Mountain Bikes,Haro,2,869.99,0.05,Baldwin Bikes,Marcelene Boyer,1652.981,2017,7
1014,2017-07-19,Oliva Blackwell,Elmhurst,Electra Amsterdam Fashion 7i Ladies' - 2017,Cruisers Bicycles,Electra,2,1099.99,0.1,Baldwin Bikes,Marcelene Boyer,1979.982,2017,7
1014,2017-07-19,Oliva Blackwell,Elmhurst,Trek Domane S 5 Disc - 2017,Road Bikes,Trek,1,2599.99,0.05,Baldwin Bikes,Marcelene Boyer,2469.9905,2017,7
1015,2017-07-19,India Barron,Huntington,Surly Ice Cream Truck Frameset - 2016,Mountain Bikes,Surly,2,469.99,0.1,Baldwin Bikes,Venita Daniel,845.9820000000001,2017,7
1015,2017-07-19,India Barron,Huntington,Sun Bicycles Brickell Tandem 7 - 2017,Cruisers Bicycles,Sun Bicycles,2,749.99,0.2,Baldwin Bikes,Venita Daniel,1199.9840000000002,2017,7
1015,2017-07-19,India Barron,Huntington,Electra Townie 7D (20-inch) - Boys' - 2017,Children Bicycles,Electra,2,339.99,0.1,Baldwin Bikes,Venita Daniel,611.9820000000001,2017,7
1015,2017-07-19,India Barron,Huntington,Electra Cruiser 1 (24-Inch) - 2016,Cruisers Bicycles,Electra,1,269.99,0.2,Baldwin Bikes,Venita Daniel,215.99200000000002,2017,7
1016,2017-07-19,Jasper Castro,Forney,"Electra Girl's Hawaii 1 16"" - 2017",Cruisers Bicycles,Electra,2,299.99,0.07,Rowlett Bikes,Layla Terrell,557.9814,2017,7
1017,2017-07-20,Nettie Mcdaniel,South Ozone Park,Trek Precaliber 16 Boys - 2017,Children Bicycles,Trek,1,209.99,0.07,Baldwin Bikes,Marcelene Boyer,195.2907,2017,7
1017,2017-07-20,Nettie Mcdaniel,South Ozone Park,Electra Amsterdam Original 3i Ladies' - 2017,Cruisers Bicycles,Electra,2,659.99,0.2,Baldwin Bikes,Marcelene Boyer,1055.9840000000002,2017,7
1017,2017-07-20,Nettie Mcdaniel,South Ozone Park,Electra Townie 3i EQ (20-inch) - Boys' - 2017,Children Bicycles,Electra,1,489.99,0.2,Baldwin Bikes,Marcelene Boyer,391.992,2017,7
1017,2017-07-20,Nettie Mcdaniel,South Ozone Park,Pure Cycles Western 3-Speed - Women's - 2015/2016,Cruisers Bicycles,Pure Cycles,2,449.0,0.2,Baldwin Bikes,Marcelene Boyer,718.4000000000001,2017,7
1017,2017-07-20,Nettie Mcdaniel,South Ozone Park,Electra Glam Punk 3i Ladies' - 2017,Cruisers Bicycles,Electra,2,799.99,0.1,Baldwin Bikes,Marcelene Boyer,1439.982,2017,7
1018,2017-07-22,Barry Buckner,Centereach,"Electra Girl's Hawaii 1 16"" - 2017",Cruisers Bicycles,Electra,2,299.99,0.07,Baldwin Bikes,Marcelene Boyer,557.9814,2017,7
1018,2017-07-22,Barry Buckner,Centereach,Electra Savannah 3i (20-inch) - Girl's - 2017,Children Bicycles,Electra,2,349.99,0.1,Baldwin Bikes,Marcelene Boyer,629.9820000000001,2017,7
1018,2017-07-22,Barry Buckner,Centereach,Trek Precaliber 24 (21-Speed) - Girls - 2017,Children Bicycles,Trek,1,349.99,0.2,Baldwin Bikes,Marcelene Boyer,279.992,2017,7
1019,2017-07-22,Edra Fitzgerald,Central Islip,Surly Ice Cream Truck Frameset - 2017,Mountain Bikes,Surly,1,999.99,0.1,Baldwin Bikes,Venita Daniel,899.991,2017,7
1019,2017-07-22,Edra Fitzgerald,Central Islip,Surly Steamroller - 2017,Road Bikes,Surly,1,875.99,0.2,Baldwin Bikes,Venita Daniel,700.792,2017,7
1019,2017-07-22,Edra Fitzgerald,Central Islip,Haro Flightline One ST - 2017,Mountain Bikes,Haro,1,379.99,0.05,Baldwin Bikes,Venita Daniel,360.9905,2017,7
1019,2017-07-22,Edra Fitzgerald,Central Islip,Haro Shredder 20 Girls - 2017,Children Bicycles,Haro,2,209.99,0.2,Baldwin Bikes,Venita Daniel,335.98400000000004,2017,7
1020,2017-07-23,Emmitt Sanchez,New York,Electra Townie Original 7D EQ - Women's - 2016,Cruisers Bicycles,Electra,2,599.99,0.05,Baldwin Bikes,Marcelene Boyer,1139.981,2017,7
1020,2017-07-23,Emmitt Sanchez,New York,Sun Bicycles Cruz 7 - 2017,Cruisers Bicycles,Sun Bicycles,2,416.99,0.05,Baldwin Bikes,Marcelene Boyer,792.281,2017,7
1020,2017-07-23,Emmitt Sanchez,New York,Electra Moto 1 - 2016,Cruisers Bicycles,Electra,1,529.99,0.07,Baldwin Bikes,Marcelene Boyer,492.8907,2017,7
1020,2017-07-23,Emmitt Sanchez,New York,Trek Emonda S 5 - 2017,Road Bikes,Trek,2,1999.99,0.1,Baldwin Bikes,Marcelene Boyer,3599.982,2017,7
1020,2017-07-23,Emmitt Sanchez,New York,Trek Fuel EX 9.8 29 - 2017,Mountain Bikes,Trek,2,4999.99,0.05,Baldwin Bikes,Marcelene Boyer,9499.981,2017,7
1021,2017-07-23,Herlinda Stone,Canandaigua,Trek Domane SL 6 - 2017,Road Bikes,Trek,2,3499.99,0.07,Baldwin Bikes,Marcelene Boyer,6509.981399999999,2017,7
1021,2017-07-23,Herlinda Stone,Canandaigua,Electra Girl's Hawaii 1 (20-inch) - 2015/2016,Children Bicycles,Electra,2,299.99,0.07,Baldwin Bikes,Marcelene Boyer,557.9814,2017,7
1022,2017-07-23,Tisa Whitney,Monsey,Surly Wednesday Frameset - 2017,Mountain Bikes,Surly,1,469.99,0.2,Baldwin Bikes,Venita Daniel,375.992,2017,7
1022,2017-07-23,Tisa Whitney,Monsey,Haro SR 1.3 - 2017,Mountain Bikes,Haro,1,1409.99,0.1,Baldwin Bikes,Venita Daniel,1268.991,2017,7
1022,2017-07-23,Tisa Whitney,Monsey,Sun Bicycles Lil Bolt Type-R - 2017,Cruisers Bicycles,Sun Bicycles,1,346.99,0.07,Baldwin Bikes,Venita Daniel,322.7007,2017,7
1022,2017-07-23,Tisa Whitney,Monsey,Heller Shagamaw Frame - 2016,Mountain Bikes,Heller,1,1320.99,0.07,Baldwin Bikes,Venita Daniel,1228.5207,2017,7
1023,2017-07-23,Vashti Rosario,Bronx,Trek Precaliber 24 (21-Speed) - Girls - 2017,Children Bicycles,Trek,1,349.99,0.07,Baldwin Bikes,Marcelene Boyer,325.4907,2017,7
1023,2017-07-23,Vashti Rosario,Bronx,Trek Fuel EX 9.8 27.5 Plus - 2017,Mountain Bikes,Trek,2,5299.99,0.1,Baldwin Bikes,Marcelene Boyer,9539.982,2017,7
1024,2017-07-23,Kellye Campbell,Baldwinsville,Sun Bicycles Streamway - 2017,Comfort Bicycles,Sun Bicycles,1,481.99,0.2,Baldwin Bikes,Venita Daniel,385.59200000000004,2017,7
1024,2017-07-23,Kellye Campbell,Baldwinsville,Surly Karate Monkey 27.5+ Frameset - 2017,Mountain Bikes,Surly,2,2499.99,0.05,Baldwin Bikes,Venita Daniel,4749.981,2017,7
1024,2017-07-23,Kellye Campbell,Baldwinsville,Electra Straight 8 3i (20-inch) - Boy's - 2017,Children Bicycles,Electra,2,489.99,0.2,Baldwin Bikes,Venita Daniel,783.984,2017,7
1024,2017-07-23,Kellye Campbell,Baldwinsville,Electra Moto 3i (20-inch) - Boy's - 2017,Children Bicycles,Electra,2,349.99,0.1,Baldwin Bikes,Venita Daniel,629.9820000000001,2017,7
1024,2017-07-23,Kellye Campbell,Baldwinsville,Trek Precaliber 24 (21-Speed) - Girls - 2017,Children Bicycles,Trek,1,349.99,0.2,Baldwin Bikes,Venita Daniel,279.992,2017,7
1025,2017-07-23,Tama Berg,Hollis,Trek Precaliber 16 Boys - 2017,Children Bicycles,Trek,1,209.99,0.07,Baldwin Bikes,Marcelene Boyer,195.2907,2017,7
1025,2017-07-23,Tama Berg,Hollis,Electra Townie Original 7D - 2017,Comfort Bicycles,Electra,1,489.99,0.1,Baldwin Bikes,Marcelene Boyer,440.99100000000004,2017,7
1025,2017-07-23,Tama Berg,Hollis,Trek Stache 5 - 2017,Mountain Bikes,Trek,1,1499.99,0.1,Baldwin Bikes,Marcelene Boyer,1349.991,2017,7
1025,2017-07-23,Tama Berg,Hollis,Electra Moto 1 - 2016,Cruisers Bicycles,Electra,1,529.99,0.05,Baldwin Bikes,Marcelene Boyer,503.4905,2017,7
1025,2017-07-23,Tama Berg,Hollis,Sun Bicycles Revolutions 24 - 2017,Cruisers Bicycles,Sun Bicycles,2,250.99,0.05,Baldwin Bikes,Marcelene Boyer,476.881,2017,7
1026,2017-07-26,Rona Rojas,San Jose,Trek Slash 8 27.5 - 2016,Mountain Bikes,Trek,2,3999.99,0.07,Santa Cruz Bikes,Mireya Copeland,7439.981399999999,2017,7
1027,2017-07-26,Cherelle Key,Valley Stream,"Electra Girl's Hawaii 1 16"" - 2017",Children Bicycles,Electra,2,299.99,0.1,Baldwin Bikes,Marcelene Boyer,539.9820000000001,2017,7
1027,2017-07-26,Cherelle Key,Valley Stream,Electra Girl's Hawaii 1 (16-inch) - 2015/2016,Cruisers Bicycles,Electra,2,269.99,0.05,Baldwin Bikes,Marcelene Boyer,512.981,2017,7
1028,2017-07-27,Cheree Hale,Oswego,Sun Bicycles Drifter 7 - Women's - 2017,Comfort Bicycles,Sun Bicycles,2,470.99,0.1,Baldwin Bikes,Venita Daniel,847.782,2017,7
1028,2017-07-27,Cheree Hale,Oswego,Surly Straggler - 2016,Cyclocross Bicycles,Surly,1,1549.0,0.2,Baldwin Bikes,Venita Daniel,1239.2,2017,7
1028,2017-07-27,Cheree Hale,Oswego,Haro Shift R3 - 2017,Mountain Bikes,Haro,1,1469.99,0.2,Baldwin Bikes,Venita Daniel,1175.992,2017,7
1028,2017-07-27,Cheree Hale,Oswego,Sun Bicycles Spider 3i - 2017,Mountain Bikes,Sun Bicycles,2,832.99,0.1,Baldwin Bikes,Venita Daniel,1499.382,2017,7
1028,2017-07-27,Cheree Hale,Oswego,Sun Bicycles Cruz 3 - Women's - 2017,Comfort Bicycles,Sun Bicycles,1,449.99,0.2,Baldwin Bikes,Venita Daniel,359.992,2017,7
1029,2017-07-29,Dannette Guerrero,San Pablo,Electra Townie Original 7D EQ - Women's - 2016,Cruisers Bicycles,Electra,1,599.99,0.2,Santa Cruz Bikes,Genna Serrano,479.992,2017,7
1029,2017-07-29,Dannette Guerrero,San Pablo,Trek Domane S 6 - 2017,Road Bikes,Trek,1,2699.99,0.1,Santa Cruz Bikes,Genna Serrano,2429.991,2017,7
1029,2017-07-29,Dannette Guerrero,San Pablo,Trek Fuel EX 9.8 29 - 2017,Mountain Bikes,Trek,1,4999.99,0.2,Santa Cruz Bikes,Genna Serrano,3999.992,2017,7
1029,2017-07-29,Dannette Guerrero,San Pablo,Sun Bicycles Cruz 3 - 2017,Cruisers Bicycles,Sun Bicycles,2,449.99,0.1,Santa Cruz Bikes,Genna Serrano,809.9820000000001,2017,7
1030,2017-07-29,Crystle Gilliam,Smithtown,Surly Big Dummy Frameset - 2017,Mountain Bikes,Surly,1,999.99,0.05,Baldwin Bikes,Marcelene Boyer,949.9905,2017,7
1030,2017-07-29,Crystle Gilliam,Smithtown,Surly Straggler - 2016,Cyclocross Bicycles,Surly,2,1549.0,0.1,Baldwin Bikes,Marcelene Boyer,2788.2000000000003,2017,7
1030,2017-07-29,Crystle Gilliam,Smithtown,Sun Bicycles Biscayne Tandem 7 - 2017,Cruisers Bicycles,Sun Bicycles,1,619.99,0.1,Baldwin Bikes,Marcelene Boyer,557.991,2017,7
1031,2017-07-30,Shea Howell,South El Monte,Surly Big Dummy Frameset - 2017,Mountain Bikes,Surly,2,999.99,0.2,Santa Cruz Bikes,Mireya Copeland,1599.9840000000002,2017,7
1031,2017-07-30,Shea Howell,South El Monte,Sun Bicycles Cruz 3 - Women's - 2017,Comfort Bicycles,Sun Bicycles,2,449.99,0.2,Santa Cruz Bikes,Mireya Copeland,719.984,2017,7
1032,2017-07-30,Emmett Casey,Valley Stream,Sun Bicycles ElectroLite - 2017,Electric Bikes,Sun Bicycles,2,1559.99,0.1,Baldwin Bikes,Marcelene Boyer,2807.982,2017,7
1032,2017-07-30,Emmett Casey,Valley Stream,Pure Cycles Vine 8-Speed - 2016,Cruisers Bicycles,Pure Cycles,1,429.0,0.1,Baldwin Bikes,Marcelene Boyer,386.1,2017,7
1033,2017-07-30,Soledad Moses,Jackson Heights,Electra Townie Original 7D EQ - 2016,Comfort Bicycles,Electra,1,599.99,0.07,Baldwin Bikes,Venita Daniel,557.9907,2017,7
1033,2017-07-30,Soledad Moses,Jackson Heights,Sun Bicycles Cruz 7 - Women's - 2017,Comfort Bicycles,Sun Bicycles,2,416.99,0.1,Baldwin Bikes,Venita Daniel,750.582,2017,7
1033,2017-07-30,Soledad Moses,Jackson Heights,Surly Big Dummy Frameset - 2017,Mountain Bikes,Surly,2,999.99,0.07,Baldwin Bikes,Venita Daniel,1859.9814,2017,7
1034,2017-07-30,Elaina Key,Plainview,Electra Townie 7D (20-inch) - Boys' - 2017,Children Bicycles,Electra,1,339.99,0.1,Baldwin Bikes,Venita Daniel,305.99100000000004,2017,7
1034,2017-07-30,Elaina Key,Plainview,Trek Remedy 29 Carbon Frameset - 2016,Mountain Bikes,Trek,2,1799.99,0.1,Baldwin Bikes,Venita Daniel,3239.982,2017,7
1034,2017-07-30,Elaina Key,Plainview,Surly Straggler 650b - 2016,Cyclocross Bicycles,Surly,2,1680.99,0.07,Baldwin Bikes,Venita Daniel,3126.6414,2017,7
1034,2017-07-30,Elaina Key,Plainview,Electra Cruiser 1 (24-Inch) - 2016,Children Bicycles,Electra,1,269.99,0.05,Baldwin Bikes,Venita Daniel,256.4905,2017,7
1035,2017-07-30,Mica Barry,Hopewell Junction,Electra Moto 3i (20-inch) - Boy's - 2017,Children Bicycles,Electra,1,349.99,0.2,Baldwin Bikes,Marcelene Boyer,279.992,2017,7
1036,2017-07-30,Cassie Cline,Brooklyn,Trek Domane S 6 - 2017,Road Bikes,Trek,2,2699.99,0.1,Baldwin Bikes,Marcelene Boyer,4859.982,2017,7
1036,2017-07-30,Cassie Cline,Brooklyn,"Electra Girl's Hawaii 1 16"" - 2017",Cruisers Bicycles,Electra,1,299.99,0.07,Baldwin Bikes,Marcelene Boyer,278.9907,2017,7
1036,2017-07-30,Cassie Cline,Brooklyn,Pure Cycles Western 3-Speed - Women's - 2015/2016,Cruisers Bicycles,Pure Cycles,2,449.0,0.05,Baldwin Bikes,Marcelene Boyer,853.0999999999999,2017,7
1036,2017-07-30,Cassie Cline,Brooklyn,Sun Bicycles Lil Bolt Type-R - 2017,Cruisers Bicycles,Sun Bicycles,2,346.99,0.2,Baldwin Bikes,Marcelene Boyer,555.1840000000001,2017,7
1036,2017-07-30,Cassie Cline,Brooklyn,Electra Townie Original 21D - 2016,Cruisers Bicycles,Electra,1,549.99,0.2,Baldwin Bikes,Marcelene Boyer,439.992,2017,7
1037,2017-07-31,Carina Lynch,Wappingers Falls,Electra Cruiser Lux 1 - 2017,Cruisers Bicycles,Electra,2,439.99,0.07,Baldwin Bikes,Marcelene Boyer,818.3814,2017,7
1037,2017-07-31,Carina Lynch,Wappingers Falls,Surly Wednesday Frameset - 2016,Mountain Bikes,Surly,1,999.99,0.07,Baldwin Bikes,Marcelene Boyer,929.9907,2017,7
1037,2017-07-31,Carina Lynch,Wappingers Falls,Sun Bicycles Lil Bolt Type-R - 2017,Cruisers Bicycles,Sun Bicycles,2,346.99,0.2,Baldwin Bikes,Marcelene Boyer,555.1840000000001,2017,7
1037,2017-07-31,Carina Lynch,Wappingers Falls,Haro Shredder 20 - 2017,Children Bicycles,Haro,1,209.99,0.07,Baldwin Bikes,Marcelene Boyer,195.2907,2017,7
1037,2017-07-31,Carina Lynch,Wappingers Falls,Sun Bicycles Lil Kitt'n - 2017,Children Bicycles,Sun Bicycles,2,109.99,0.05,Baldwin Bikes,Marcelene Boyer,208.981,2017,7
1038,2017-07-31,Marlen Dawson,Woodside,Trek Boy's Kickster - 2015/2017,Children Bicycles,Trek,1,149.99,0.05,Baldwin Bikes,Venita Daniel,142.4905,2017,7
1038,2017-07-31,Marlen Dawson,Woodside,Trek Conduit+ - 2016,Electric Bikes,Trek,1,2999.99,0.07,Baldwin Bikes,Venita Daniel,2789.9907,2017,7
1039,2017-08-02,Heather Perry,Sunnyside,Pure Cycles Western 3-Speed - Women's - 2015/2016,Cruisers Bicycles,Pure Cycles,2,449.0,0.2,Baldwin Bikes,Venita Daniel,718.4000000000001,2017,8
1040,2017-08-04,Mellisa Griffin,Los Banos,Electra Savannah 3i (20-inch) - Girl's - 2017,Children Bicycles,Electra,1,349.99,0.1,Santa Cruz Bikes,Mireya Copeland,314.99100000000004,2017,8
1040,2017-08-04,Mellisa Griffin,Los Banos,Surly Karate Monkey 27.5+ Frameset - 2017,Mountain Bikes,Surly,2,2499.99,0.2,Santa Cruz Bikes,Mireya Copeland,3999.984,2017,8
1040,2017-08-04,Mellisa Griffin,Los Banos,Electra Townie Original 7D - 2017,Cruisers Bicycles,Electra,1,489.99,0.07,Santa Cruz Bikes,Mireya Copeland,455.6907,2017,8
1040,2017-08-04,Mellisa Griffin,Los Banos,Surly Big Dummy Frameset - 2017,Mountain Bikes,Surly,2,999.99,0.07,Santa Cruz Bikes,Mireya Copeland,1859.9814,2017,8
1040,2017-08-04,Mellisa Griffin,Los Banos,Trek Remedy 29 Carbon Frameset - 2016,Mountain Bikes,Trek,2,1799.99,0.05,Santa Cruz Bikes,Mireya Copeland,3419.9809999999998,2017,8
1041,2017-08-04,Tomasa Carson,East Elmhurst,Trek Precaliber 16 Boys - 2017,Children Bicycles,Trek,1,209.99,0.1,Baldwin Bikes,Venita Daniel,188.991,2017,8
1041,2017-08-04,Tomasa Carson,East Elmhurst,Trek Powerfly 8 FS Plus - 2017,Electric Bikes,Trek,2,4999.99,0.07,Baldwin Bikes,Venita Daniel,9299.981399999999,2017,8
1041,2017-08-04,Tomasa Carson,East Elmhurst,Haro Shredder Pro 20 - 2017,Children Bicycles,Haro,2,249.99,0.1,Baldwin Bikes,Venita Daniel,449.982,2017,8
1042,2017-08-06,Jamika Acevedo,Ozone Park,Electra Girl's Hawaii 1 (20-inch) - 2015/2016,Children Bicycles,Electra,1,299.99,0.1,Baldwin Bikes,Venita Daniel,269.99100000000004,2017,8
1043,2017-08-06,Georgina Gonzales,Endicott,Trek Domane S 6 - 2017,Road Bikes,Trek,2,2699.99,0.1,Baldwin Bikes,Marcelene Boyer,4859.982,2017,8
1043,2017-08-06,Georgina Gonzales,Endicott,Electra Townie Original 7D EQ - Women's - 2016,Cruisers Bicycles,Electra,1,599.99,0.07,Baldwin Bikes,Marcelene Boyer,557.9907,2017,8
1044,2017-08-07,Ciera Webb,Orchard Park,Electra Savannah 3i (20-inch) - Girl's - 2017,Children Bicycles,Electra,2,349.99,0.1,Baldwin Bikes,Venita Daniel,629.9820000000001,2017,8
1045,2017-08-07,Morton Lee,San Angelo,Surly Karate Monkey 27.5+ Frameset - 2017,Mountain Bikes,Surly,1,2499.99,0.05,Rowlett Bikes,Layla Terrell,2374.9905,2017,8
1045,2017-08-07,Morton Lee,San Angelo,Sun Bicycles Streamway - 2017,Comfort Bicycles,Sun Bicycles,2,481.99,0.05,Rowlett Bikes,Layla Terrell,915.781,2017,8
1046,2017-08-07,Sherril Alvarado,Desoto,Sun Bicycles ElectroLite - 2017,Electric Bikes,Sun Bicycles,1,1559.99,0.07,Rowlett Bikes,Kali Vargas,1450.7907,2017,8
1046,2017-08-07,Sherril Alvarado,Desoto,Sun Bicycles Boardwalk (24-inch Wheels) - 2017,Cruisers Bicycles,Sun Bicycles,1,402.99,0.07,Rowlett Bikes,Kali Vargas,374.78069999999997,2017,8
1046,2017-08-07,Sherril Alvarado,Desoto,Trek Farley Alloy Frameset - 2017,Mountain Bikes,Trek,1,469.99,0.07,Rowlett Bikes,Kali Vargas,437.09069999999997,2017,8
1046,2017-08-07,Sherril Alvarado,Desoto,Haro Shift R3 - 2017,Mountain Bikes,Haro,2,1469.99,0.1,Rowlett Bikes,Kali Vargas,2645.982,2017,8
1046,2017-08-07,Sherril Alvarado,Desoto,Pure Cycles Vine 8-Speed - 2016,Cruisers Bicycles,Pure Cycles,2,429.0,0.05,Rowlett Bikes,Kali Vargas,815.0999999999999,2017,8
1047,2017-08-08,Merlene Vinson,Euless,Surly Karate Monkey 27.5+ Frameset - 2017,Mountain Bikes,Surly,2,2499.99,0.1,Rowlett Bikes,Kali Vargas,4499.982,2017,8
1047,2017-08-08,Merlene Vinson,Euless,Sun Bicycles Biscayne Tandem CB - 2017,Cruisers Bicycles,Sun Bicycles,1,647.99,0.2,Rowlett Bikes,Kali Vargas,518.392,2017,8
1047,2017-08-08,Merlene Vinson,Euless,Sun Bicycles Spider 3i - 2017,Mountain Bikes,Sun Bicycles,1,832.99,0.05,Rowlett Bikes,Kali Vargas,791.3405,2017,8
1047,2017-08-08,Merlene Vinson,Euless,Trek Domane SL 6 - 2017,Road Bikes,Trek,1,3499.99,0.05,Rowlett Bikes,Kali Vargas,3324.9904999999994,2017,8
1048,2017-08-08,Ilda Roberson,Kingston,Surly Wednesday Frameset - 2016,Mountain Bikes,Surly,2,999.99,0.1,Baldwin Bikes,Venita Daniel,1799.982,2017,8
1048,2017-08-08,Ilda Roberson,Kingston,Haro Flightline One ST - 2017,Mountain Bikes,Haro,1,379.99,0.1,Baldwin Bikes,Venita Daniel,341.99100000000004,2017,8
1048,2017-08-08,Ilda Roberson,Kingston,Haro Shredder Pro 20 - 2017,Children Bicycles,Haro,1,249.99,0.05,Baldwin Bikes,Venita Daniel,237.4905,2017,8
1049,2017-08-09,Dorine Roberson,Santa Cruz,Trek Conduit+ - 2016,Electric Bikes,Trek,1,2999.99,0.1,Santa Cruz Bikes,Mireya Copeland,2699.991,2017,8
1049,2017-08-09,Dorine Roberson,Santa Cruz,Surly Troll Frameset - 2017,Mountain Bikes,Surly,2,832.99,0.05,Santa Cruz Bikes,Mireya Copeland,1582.681,2017,8
1049,2017-08-09,Dorine Roberson,Santa Cruz,Surly Wednesday Frameset - 2016,Mountain Bikes,Surly,1,999.99,0.1,Santa Cruz Bikes,Mireya Copeland,899.991,2017,8
1049,2017-08-09,Dorine Roberson,Santa Cruz,Electra Townie Original 7D EQ - 2016,Comfort Bicycles,Electra,1,599.99,0.07,Santa Cruz Bikes,Mireya Copeland,557.9907,2017,8
1049,2017-08-09,Dorine Roberson,Santa Cruz,Surly Straggler - 2016,Cyclocross Bicycles,Surly,2,1549.0,0.05,Santa Cruz Bikes,Mireya Copeland,2943.1,2017,8
1050,2017-08-09,Felice Guzman,Canyon Country,Electra Moto 3i (20-inch) - Boy's - 2017,Children Bicycles,Electra,2,349.99,0.07,Santa Cruz Bikes,Genna Serrano,650.9814,2017,8
1050,2017-08-09,Felice Guzman,Canyon Country,Electra Sugar Skulls 1 (20-inch) - Girl's - 2017,Children Bicycles,Electra,2,299.99,0.1,Santa Cruz Bikes,Genna Serrano,539.9820000000001,2017,8
1050,2017-08-09,Felice Guzman,Canyon Country,Haro SR 1.2 - 2017,Mountain Bikes,Haro,2,869.99,0.2,Santa Cruz Bikes,Genna Serrano,1391.9840000000002,2017,8
1050,2017-08-09,Felice Guzman,Canyon Country,Electra Girl's Hawaii 1 (16-inch) - 2015/2016,Cruisers Bicycles,Electra,2,269.99,0.2,Santa Cruz Bikes,Genna Serrano,431.98400000000004,2017,8
1051,2017-08-10,Jutta Everett,Selden,Haro SR 1.3 - 2017,Mountain Bikes,Haro,1,1409.99,0.2,Baldwin Bikes,Venita Daniel,1127.992,2017,8
1052,2017-08-10,Romelia Myers,Garden City,Trek Slash 8 27.5 - 2016,Mountain Bikes,Trek,1,3999.99,0.05,Baldwin Bikes,Marcelene Boyer,3799.9904999999994,2017,8
1052,2017-08-10,Romelia Myers,Garden City,Sun Bicycles Streamway 3 - 2017,Comfort Bicycles,Sun Bicycles,1,551.99,0.05,Baldwin Bikes,Marcelene Boyer,524.3905,2017,8
1052,2017-08-10,Romelia Myers,Garden City,Electra Townie Original 7D EQ - 2016,Comfort Bicycles,Electra,2,599.99,0.07,Baldwin Bikes,Marcelene Boyer,1115.9814,2017,8
1053,2017-08-10,Florrie Little,New Rochelle,Trek Domane SL 6 - 2017,Road Bikes,Trek,2,3499.99,0.05,Baldwin Bikes,Marcelene Boyer,6649.980999999999,2017,8
1053,2017-08-10,Florrie Little,New Rochelle,Electra Townie Original 7D EQ - 2016,Comfort Bicycles,Electra,2,599.99,0.2,Baldwin Bikes,Marcelene Boyer,959.984,2017,8
1053,2017-08-10,Florrie Little,New Rochelle,Electra Girl's Hawaii 1 (20-inch) - 2015/2016,Children Bicycles,Electra,2,299.99,0.2,Baldwin Bikes,Marcelene Boyer,479.98400000000004,2017,8
1053,2017-08-10,Florrie Little,New Rochelle,Sun Bicycles Cruz 3 - 2017,Cruisers Bicycles,Sun Bicycles,1,449.99,0.1,Baldwin Bikes,Marcelene Boyer,404.99100000000004,2017,8
1053,2017-08-10,Florrie Little,New Rochelle,Sun Bicycles Brickell Tandem 7 - 2017,Cruisers Bicycles,Sun Bicycles,2,749.99,0.05,Baldwin Bikes,Marcelene Boyer,1424.981,2017,8
1054,2017-08-11,Damian Dawson,Liverpool,Surly Troll Frameset - 2017,Mountain Bikes,Surly,2,832.99,0.1,Baldwin Bikes,Venita Daniel,1499.382,2017,8
1054,2017-08-11,Damian Dawson,Liverpool,Electra Townie Original 7D EQ - 2016,Cruisers Bicycles,Electra,1,599.99,0.05,Baldwin Bikes,Venita Daniel,569.9905,2017,8
1055,2017-08-12,Cleopatra Tate,East Elmhurst,Trek Fuel EX 9.8 27.5 Plus - 2017,Mountain Bikes,Trek,2,5299.99,0.07,Baldwin Bikes,Marcelene Boyer,9857.981399999999,2017,8
1055,2017-08-12,Cleopatra Tate,East Elmhurst,Electra Townie 7D (20-inch) - Boys' - 2017,Children Bicycles,Electra,2,339.99,0.2,Baldwin Bikes,Marcelene Boyer,543.984,2017,8
1055,2017-08-12,Cleopatra Tate,East Elmhurst,Electra Townie Original 21D - 2016,Cruisers Bicycles,Electra,2,549.99,0.1,Baldwin Bikes,Marcelene Boyer,989.9820000000001,2017,8
1055,2017-08-12,Cleopatra Tate,East Elmhurst,Trek Boy's Kickster - 2015/2017,Children Bicycles,Trek,2,149.99,0.1,Baldwin Bikes,Marcelene Boyer,269.982,2017,8
1055,2017-08-12,Cleopatra Tate,East Elmhurst,Sun Bicycles ElectroLite - 2017,Electric Bikes,Sun Bicycles,1,1559.99,0.2,Baldwin Bikes,Marcelene Boyer,1247.9920000000002,2017,8
1056,2017-08-12,Berna Moore,Bronx,Surly Wednesday Frameset - 2016,Mountain Bikes,Surly,1,999.99,0.05,Baldwin Bikes,Venita Daniel,949.9905,2017,8
1057,2017-08-12,Serina Hensley,Jamaica,Sun Bicycles Streamway 7 - 2017,Comfort Bicycles,Sun Bicycles,1,533.99,0.2,Baldwin Bikes,Venita Daniel,427.192,2017,8
1057,2017-08-12,Serina Hensley,Jamaica,Electra Savannah 3i (20-inch) - Girl's - 2017,Children Bicycles,Electra,1,349.99,0.05,Baldwin Bikes,Venita Daniel,332.4905,2017,8
1057,2017-08-12,Serina Hensley,Jamaica,Electra Straight 8 3i (20-inch) - Boy's - 2017,Children Bicycles,Electra,2,489.99,0.05,Baldwin Bikes,Venita Daniel,930.981,2017,8
1058,2017-08-13,Ricki Bullock,Woodside,Trek Fuel EX 9.8 27.5 Plus - 2017,Mountain Bikes,Trek,1,5299.99,0.1,Baldwin Bikes,Marcelene Boyer,4769.991,2017,8
1058,2017-08-13,Ricki Bullock,Woodside,Trek X-Caliber 8 - 2017,Mountain Bikes,Trek,2,999.99,0.05,Baldwin Bikes,Marcelene Boyer,1899.981,2017,8
1058,2017-08-13,Ricki Bullock,Woodside,Sun Bicycles Streamway 3 - 2017,Comfort Bicycles,Sun Bicycles,1,551.99,0.07,Baldwin Bikes,Marcelene Boyer,513.3507,2017,8
1059,2017-08-14,Lyndsey Bean,Fairport,Haro SR 1.3 - 2017,Mountain Bikes,Haro,2,1409.99,0.05,Baldwin Bikes,Venita Daniel,2678.9809999999998,2017,8
1059,2017-08-14,Lyndsey Bean,Fairport,Trek Slash 8 27.5 - 2016,Mountain Bikes,Trek,1,3999.99,0.1,Baldwin Bikes,Venita Daniel,3599.991,2017,8
1059,2017-08-14,Lyndsey Bean,Fairport,Electra Cruiser 1 (24-Inch) - 2016,Cruisers Bicycles,Electra,1,269.99,0.07,Baldwin Bikes,Venita Daniel,251.0907,2017,8
1060,2017-08-15,Jenniffer Bullock,Bay Shore,Trek Slash 8 27.5 - 2016,Mountain Bikes,Trek,1,3999.99,0.07,Baldwin Bikes,Marcelene Boyer,3719.9906999999994,2017,8
1060,2017-08-15,Jenniffer Bullock,Bay Shore,Surly Straggler 650b - 2016,Cyclocross Bicycles,Surly,2,1680.99,0.07,Baldwin Bikes,Marcelene Boyer,3126.6414,2017,8
1060,2017-08-15,Jenniffer Bullock,Bay Shore,Trek Powerfly 8 FS Plus - 2017,Electric Bikes,Trek,2,4999.99,0.1,Baldwin Bikes,Marcelene Boyer,8999.982,2017,8
1060,2017-08-15,Jenniffer Bullock,Bay Shore,Surly Ice Cream Truck Frameset - 2017,Mountain Bikes,Surly,2,999.99,0.05,Baldwin Bikes,Marcelene Boyer,1899.981,2017,8
1061,2017-08-15,Marylyn Browning,Scarsdale,Electra Girl's Hawaii 1 (16-inch) - 2015/2016,Cruisers Bicycles,Electra,1,269.99,0.07,Baldwin Bikes,Venita Daniel,251.0907,2017,8
1061,2017-08-15,Marylyn Browning,Scarsdale,Pure Cycles William 3-Speed - 2016,Cruisers Bicycles,Pure Cycles,1,449.0,0.1,Baldwin Bikes,Venita Daniel,404.1,2017,8
1062,2017-08-15,Shawnna Frank,Woodside,Electra Cruiser 1 (24-Inch) - 2016,Cruisers Bicycles,Electra,1,269.99,0.05,Baldwin Bikes,Marcelene Boyer,256.4905,2017,8
1062,2017-08-15,Shawnna Frank,Woodside,Sun Bicycles Drifter 7 - Women's - 2017,Comfort Bicycles,Sun Bicycles,2,470.99,0.2,Baldwin Bikes,Marcelene Boyer,753.5840000000001,2017,8
1062,2017-08-15,Shawnna Frank,Woodside,Heller Shagamaw Frame - 2016,Mountain Bikes,Heller,1,1320.99,0.05,Baldwin Bikes,Marcelene Boyer,1254.9405,2017,8
1062,2017-08-15,Shawnna Frank,Woodside,Electra Townie Original 21D - 2016,Cruisers Bicycles,Electra,1,549.99,0.2,Baldwin Bikes,Marcelene Boyer,439.992,2017,8
1063,2017-08-16,Luis Tyler,Amarillo,Surly Wednesday Frameset - 2017,Mountain Bikes,Surly,2,469.99,0.1,Rowlett Bikes,Kali Vargas,845.9820000000001,2017,8
1063,2017-08-16,Luis Tyler,Amarillo,Electra Townie 3i EQ (20-inch) - Boys' - 2017,Children Bicycles,Electra,2,489.99,0.07,Rowlett Bikes,Kali Vargas,911.3814,2017,8
1063,2017-08-16,Luis Tyler,Amarillo,Sun Bicycles Biscayne Tandem 7 - 2017,Cruisers Bicycles,Sun Bicycles,2,619.99,0.2,Rowlett Bikes,Kali Vargas,991.984,2017,8
1064,2017-08-16,Crysta Velez,Houston,Pure Cycles Western 3-Speed - Women's - 2015/2016,Cruisers Bicycles,Pure Cycles,1,449.0,0.07,Rowlett Bikes,Layla Terrell,417.57,2017,8
1064,2017-08-16,Crysta Velez,Houston,Trek Domane SL 6 - 2017,Road Bikes,Trek,1,3499.99,0.1,Rowlett Bikes,Layla Terrell,3149.991,2017,8
1065,2017-08-17,Regenia Vaughan,Mahopac,Trek Emonda S 4 - 2017,Road Bikes,Trek,2,1499.99,0.07,Baldwin Bikes,Venita Daniel,2789.9813999999997,2017,8
1065,2017-08-17,Regenia Vaughan,Mahopac,Sun Bicycles Streamway 3 - 2017,Comfort Bicycles,Sun Bicycles,2,551.99,0.05,Baldwin Bikes,Venita Daniel,1048.781,2017,8
1065,2017-08-17,Regenia Vaughan,Mahopac,Trek Boone Race Shop Limited - 2017,Cyclocross Bicycles,Trek,1,3499.99,0.07,Baldwin Bikes,Venita Daniel,3254.9906999999994,2017,8
1066,2017-08-17,Raul Melendez,Elmhurst,Electra Moto 1 - 2016,Cruisers Bicycles,Electra,2,529.99,0.05,Baldwin Bikes,Venita Daniel,1006.981,2017,8
1066,2017-08-17,Raul Melendez,Elmhurst,Haro SR 1.3 - 2017,Mountain Bikes,Haro,1,1409.99,0.1,Baldwin Bikes,Venita Daniel,1268.991,2017,8
1066,2017-08-17,Raul Melendez,Elmhurst,Electra Townie Original 21D - 2016,Cruisers Bicycles,Electra,1,549.99,0.1,Baldwin Bikes,Venita Daniel,494.99100000000004,2017,8
1067,2017-08-17,Barbera Riggs,Plainview,Electra Cruiser Lux 1 - 2017,Cruisers Bicycles,Electra,2,439.99,0.07,Baldwin Bikes,Venita Daniel,818.3814,2017,8
1067,2017-08-17,Barbera Riggs,Plainview,Trek Conduit+ - 2016,Electric Bikes,Trek,2,2999.99,0.2,Baldwin Bikes,Venita Daniel,4799.9839999999995,2017,8
1067,2017-08-17,Barbera Riggs,Plainview,Sun Bicycles Biscayne Tandem 7 - 2017,Cruisers Bicycles,Sun Bicycles,2,619.99,0.1,Baldwin Bikes,Venita Daniel,1115.982,2017,8
1067,2017-08-17,Barbera Riggs,Plainview,Surly Ice Cream Truck Frameset - 2016,Mountain Bikes,Surly,2,469.99,0.2,Baldwin Bikes,Venita Daniel,751.984,2017,8
1068,2017-08-17,Courtney Wyatt,Garden City,Trek Precaliber 12 Boys - 2017,Children Bicycles,Trek,2,189.99,0.2,Baldwin Bikes,Venita Daniel,303.98400000000004,2017,8
1068,2017-08-17,Courtney Wyatt,Garden City,Electra Amsterdam Original 3i Ladies' - 2017,Cruisers Bicycles,Electra,1,659.99,0.2,Baldwin Bikes,Venita Daniel,527.9920000000001,2017,8
1068,2017-08-17,Courtney Wyatt,Garden City,Trek Domane SL 6 - 2017,Road Bikes,Trek,2,3499.99,0.2,Baldwin Bikes,Venita Daniel,5599.984,2017,8
1068,2017-08-17,Courtney Wyatt,Garden City,Haro SR 1.2 - 2017,Mountain Bikes,Haro,2,869.99,0.2,Baldwin Bikes,Venita Daniel,1391.9840000000002,2017,8
1069,2017-08-17,Lise Alvarado,Hamburg,Sun Bicycles Cruz 7 - Women's - 2017,Comfort Bicycles,Sun Bicycles,1,416.99,0.07,Baldwin Bikes,Marcelene Boyer,387.8007,2017,8
1069,2017-08-17,Lise Alvarado,Hamburg,Haro Shredder 20 Girls - 2017,Children Bicycles,Haro,1,209.99,0.1,Baldwin Bikes,Marcelene Boyer,188.991,2017,8
1070,2017-08-17,Emelda Dickerson,Hamburg,Sun Bicycles Drifter 7 - 2017,Comfort Bicycles,Sun Bicycles,1,470.99,0.2,Baldwin Bikes,Venita Daniel,376.79200000000003,2017,8
1070,2017-08-17,Emelda Dickerson,Hamburg,Pure Cycles Western 3-Speed - Women's - 2015/2016,Cruisers Bicycles,Pure Cycles,2,449.0,0.1,Baldwin Bikes,Venita Daniel,808.2,2017,8
1070,2017-08-17,Emelda Dickerson,Hamburg,Haro Shredder Pro 20 - 2017,Children Bicycles,Haro,1,249.99,0.05,Baldwin Bikes,Venita Daniel,237.4905,2017,8
1071,2017-08-17,Delaine Estes,Amarillo,Electra Townie Original 7D - 2015/2016,Comfort Bicycles,Electra,2,499.99,0.2,Rowlett Bikes,Kali Vargas,799.984,2017,8
1072,2017-08-18,Bridgette Guerra,San Lorenzo,Trek Boy's Kickster - 2015/2017,Children Bicycles,Trek,1,149.99,0.2,Santa Cruz Bikes,Genna Serrano,119.99200000000002,2017,8
1072,2017-08-18,Bridgette Guerra,San Lorenzo,Trek Precaliber 16 Boys - 2017,Children Bicycles,Trek,2,209.99,0.07,Santa Cruz Bikes,Genna Serrano,390.5814,2017,8
1072,2017-08-18,Bridgette Guerra,San Lorenzo,Surly Troll Frameset - 2017,Mountain Bikes,Surly,2,832.99,0.07,Santa Cruz Bikes,Genna Serrano,1549.3614,2017,8
1073,2017-08-18,Nikita Roy,Pittsford,Electra Amsterdam Fashion 7i Ladies' - 2017,Cruisers Bicycles,Electra,1,1099.99,0.2,Baldwin Bikes,Venita Daniel,879.9920000000001,2017,8
1073,2017-08-18,Nikita Roy,Pittsford,Electra Cruiser 1 (24-Inch) - 2016,Cruisers Bicycles,Electra,1,269.99,0.07,Baldwin Bikes,Venita Daniel,251.0907,2017,8
1073,2017-08-18,Nikita Roy,Pittsford,Electra Townie Original 7D EQ - Women's - 2016,Cruisers Bicycles,Electra,1,599.99,0.2,Baldwin Bikes,Venita Daniel,479.992,2017,8
1074,2017-08-19,Deshawn Mendoza,Monsey,Trek Domane S 5 Disc - 2017,Road Bikes,Trek,1,2599.99,0.1,Baldwin Bikes,Marcelene Boyer,2339.991,2017,8
1074,2017-08-19,Deshawn Mendoza,Monsey,Trek Precaliber 12 Boys - 2017,Children Bicycles,Trek,1,189.99,0.07,Baldwin Bikes,Marcelene Boyer,176.6907,2017,8
1074,2017-08-19,Deshawn Mendoza,Monsey,Trek Precaliber 16 Boys - 2017,Children Bicycles,Trek,2,209.99,0.1,Baldwin Bikes,Marcelene Boyer,377.982,2017,8
1075,2017-08-19,Sharell Ross,Vista,Trek Emonda S 4 - 2017,Road Bikes,Trek,2,1499.99,0.1,Santa Cruz Bikes,Genna Serrano,2699.982,2017,8
1075,2017-08-19,Sharell Ross,Vista,Sun Bicycles Drifter 7 - Women's - 2017,Comfort Bicycles,Sun Bicycles,2,470.99,0.05,Santa Cruz Bikes,Genna Serrano,894.881,2017,8
1076,2017-08-19,Tangela Quinn,Richmond Hill,"Electra Girl's Hawaii 1 16"" - 2017",Children Bicycles,Electra,1,299.99,0.1,Baldwin Bikes,Marcelene Boyer,269.99100000000004,2017,8
1076,2017-08-19,Tangela Quinn,Richmond Hill,Electra Townie Original 7D - 2017,Comfort Bicycles,Electra,1,489.99,0.07,Baldwin Bikes,Marcelene Boyer,455.6907,2017,8
1076,2017-08-19,Tangela Quinn,Richmond Hill,Sun Bicycles Brickell Tandem 7 - 2017,Cruisers Bicycles,Sun Bicycles,2,749.99,0.07,Baldwin Bikes,Marcelene Boyer,1394.9814,2017,8
1077,2017-08-19,Dexter Roberts,Sunnyside,Sun Bicycles ElectroLite - 2017,Electric Bikes,Sun Bicycles,2,1559.99,0.05,Baldwin Bikes,Marcelene Boyer,2963.9809999999998,2017,8
1078,2017-08-19,Chantay Maynard,Elmhurst,"Electra Girl's Hawaii 1 16"" - 2017",Cruisers Bicycles,Electra,2,299.99,0.07,Baldwin Bikes,Marcelene Boyer,557.9814,2017,8
1078,2017-08-19,Chantay Maynard,Elmhurst,Sun Bicycles ElectroLite - 2017,Electric Bikes,Sun Bicycles,2,1559.99,0.2,Baldwin Bikes,Marcelene Boyer,2495.9840000000004,2017,8
1078,2017-08-19,Chantay Maynard,Elmhurst,Electra Moto 1 - 2016,Cruisers Bicycles,Electra,1,529.99,0.07,Baldwin Bikes,Marcelene Boyer,492.8907,2017,8
1078,2017-08-19,Chantay Maynard,Elmhurst,Surly Straggler - 2016,Cyclocross Bicycles,Surly,2,1549.0,0.1,Baldwin Bikes,Marcelene Boyer,2788.2000000000003,2017,8
1078,2017-08-19,Chantay Maynard,Elmhurst,Sun Bicycles Biscayne Tandem 7 - 2017,Cruisers Bicycles,Sun Bicycles,2,619.99,0.2,Baldwin Bikes,Marcelene Boyer,991.984,2017,8
1079,2017-08-19,Martha Burgess,Woodhaven,Electra Amsterdam Original 3i - 2015/2017,Cruisers Bicycles,Electra,2,659.99,0.07,Baldwin Bikes,Venita Daniel,1227.5814,2017,8
1080,2017-08-19,Cori Schwartz,Jamaica,Surly Wednesday - 2017,Mountain Bikes,Surly,1,1632.99,0.2,Baldwin Bikes,Venita Daniel,1306.392,2017,8
1080,2017-08-19,Cori Schwartz,Jamaica,Trek Fuel EX 9.8 29 - 2017,Mountain Bikes,Trek,1,4999.99,0.1,Baldwin Bikes,Venita Daniel,4499.991,2017,8
1080,2017-08-19,Cori Schwartz,Jamaica,Trek Silque SLR 7 Women's - 2017,Road Bikes,Trek,1,5999.99,0.05,Baldwin Bikes,Venita Daniel,5699.9905,2017,8
1080,2017-08-19,Cori Schwartz,Jamaica,Trek Farley Alloy Frameset - 2017,Mountain Bikes,Trek,2,469.99,0.2,Baldwin Bikes,Venita Daniel,751.984,2017,8
1080,2017-08-19,Cori Schwartz,Jamaica,Trek Girl's Kickster - 2017,Children Bicycles,Trek,1,149.99,0.05,Baldwin Bikes,Venita Daniel,142.4905,2017,8
1081,2017-08-19,Jerri Henry,Spring Valley,Surly Steamroller - 2017,Road Bikes,Surly,2,875.99,0.1,Baldwin Bikes,Marcelene Boyer,1576.7820000000002,2017,8
1082,2017-08-20,Consuela Romero,Monroe,Trek X-Caliber 8 - 2017,Mountain Bikes,Trek,2,999.99,0.2,Baldwin Bikes,Marcelene Boyer,1599.9840000000002,2017,8
1083,2017-08-20,Renna Williams,South Ozone Park,Sun Bicycles Lil Bolt Type-R - 2017,Cruisers Bicycles,Sun Bicycles,2,346.99,0.2,Baldwin Bikes,Marcelene Boyer,555.1840000000001,2017,8
1083,2017-08-20,Renna Williams,South Ozone Park,Electra Glam Punk 3i Ladies' - 2017,Cruisers Bicycles,Electra,2,799.99,0.1,Baldwin Bikes,Marcelene Boyer,1439.982,2017,8
1083,2017-08-20,Renna Williams,South Ozone Park,Trek Powerfly 8 FS Plus - 2017,Electric Bikes,Trek,1,4999.99,0.07,Baldwin Bikes,Marcelene Boyer,4649.990699999999,2017,8
1083,2017-08-20,Renna Williams,South Ozone Park,Surly Wednesday Frameset - 2017,Mountain Bikes,Surly,1,469.99,0.2,Baldwin Bikes,Marcelene Boyer,375.992,2017,8
1084,2017-08-21,Kasha Todd,Campbell,Surly Ice Cream Truck Frameset - 2017,Mountain Bikes,Surly,1,999.99,0.05,Santa Cruz Bikes,Mireya Copeland,949.9905,2017,8
1084,2017-08-21,Kasha Todd,Campbell,Electra Amsterdam Original 3i - 2015/2017,Cruisers Bicycles,Electra,1,659.99,0.05,Santa Cruz Bikes,Mireya Copeland,626.9905,2017,8
1084,2017-08-21,Kasha Todd,Campbell,Electra Straight 8 3i (20-inch) - Boy's - 2017,Children Bicycles,Electra,2,489.99,0.2,Santa Cruz Bikes,Mireya Copeland,783.984,2017,8
1084,2017-08-21,Kasha Todd,Campbell,Sun Bicycles Lil Bolt Type-R - 2017,Cruisers Bicycles,Sun Bicycles,2,346.99,0.07,Santa Cruz Bikes,Mireya Copeland,645.4014,2017,8
1084,2017-08-21,Kasha Todd,Campbell,Sun Bicycles ElectroLite - 2017,Electric Bikes,Sun Bicycles,1,1559.99,0.1,Santa Cruz Bikes,Mireya Copeland,1403.991,2017,8
1085,2017-08-21,Hope Cotton,Redondo Beach,Sun Bicycles Revolutions 24 - 2017,Cruisers Bicycles,Sun Bicycles,2,250.99,0.2,Santa Cruz Bikes,Genna Serrano,401.58400000000006,2017,8
1085,2017-08-21,Hope Cotton,Redondo Beach,Electra Townie Original 7D - 2017,Cruisers Bicycles,Electra,1,489.99,0.1,Santa Cruz Bikes,Genna Serrano,440.99100000000004,2017,8
1085,2017-08-21,Hope Cotton,Redondo Beach,Electra Cruiser Lux 1 - 2017,Cruisers Bicycles,Electra,1,439.99,0.1,Santa Cruz Bikes,Genna Serrano,395.99100000000004,2017,8
1086,2017-08-21,Lucio Sherman,Smithtown,Sun Bicycles Cruz 3 - Women's - 2017,Comfort Bicycles,Sun Bicycles,1,449.99,0.07,Baldwin Bikes,Venita Daniel,418.4907,2017,8
1086,2017-08-21,Lucio Sherman,Smithtown,Sun Bicycles Revolutions 24 - Girl's - 2017,Cruisers Bicycles,Sun Bicycles,1,250.99,0.1,Baldwin Bikes,Venita Daniel,225.89100000000002,2017,8
1086,2017-08-21,Lucio Sherman,Smithtown,Electra Amsterdam Fashion 7i Ladies' - 2017,Cruisers Bicycles,Electra,2,1099.99,0.05,Baldwin Bikes,Venita Daniel,2089.9809999999998,2017,8
1086,2017-08-21,Lucio Sherman,Smithtown,Surly Straggler - 2016,Cyclocross Bicycles,Surly,2,1549.0,0.07,Baldwin Bikes,Venita Daniel,2881.14,2017,8
1086,2017-08-21,Lucio Sherman,Smithtown,Heller Shagamaw Frame - 2016,Mountain Bikes,Heller,1,1320.99,0.2,Baldwin Bikes,Venita Daniel,1056.7920000000001,2017,8
1087,2017-08-22,Kermit Bowman,El Paso,Electra Moto 1 - 2016,Cruisers Bicycles,Electra,1,529.99,0.07,Rowlett Bikes,Kali Vargas,492.8907,2017,8
1087,2017-08-22,Kermit Bowman,El Paso,Electra Townie Original 7D - 2017,Comfort Bicycles,Electra,2,489.99,0.07,Rowlett Bikes,Kali Vargas,911.3814,2017,8
1087,2017-08-22,Kermit Bowman,El Paso,Trek Domane S 5 Disc - 2017,Road Bikes,Trek,2,2599.99,0.1,Rowlett Bikes,Kali Vargas,4679.982,2017,8
1087,2017-08-22,Kermit Bowman,El Paso,Electra Cruiser 1 (24-Inch) - 2016,Cruisers Bicycles,Electra,2,269.99,0.07,Rowlett Bikes,Kali Vargas,502.1814,2017,8
1087,2017-08-22,Kermit Bowman,El Paso,Sun Bicycles Cruz 7 - Women's - 2017,Comfort Bicycles,Sun Bicycles,2,416.99,0.2,Rowlett Bikes,Kali Vargas,667.1840000000001,2017,8
1088,2017-08-22,Efren Whitfield,Euless,Electra Townie Original 7D - 2017,Cruisers Bicycles,Electra,1,489.99,0.1,Rowlett Bikes,Kali Vargas,440.99100000000004,2017,8
1088,2017-08-22,Efren Whitfield,Euless,Surly Ice Cream Truck Frameset - 2017,Mountain Bikes,Surly,1,999.99,0.1,Rowlett Bikes,Kali Vargas,899.991,2017,8
1088,2017-08-22,Efren Whitfield,Euless,Surly Wednesday Frameset - 2017,Mountain Bikes,Surly,1,469.99,0.07,Rowlett Bikes,Kali Vargas,437.09069999999997,2017,8
1088,2017-08-22,Efren Whitfield,Euless,Surly Troll Frameset - 2017,Mountain Bikes,Surly,2,832.99,0.2,Rowlett Bikes,Kali Vargas,1332.784,2017,8
1089,2017-08-23,Monika Berg,Encino,Electra Amsterdam Original 3i - 2015/2017,Cruisers Bicycles,Electra,2,659.99,0.07,Santa Cruz Bikes,Mireya Copeland,1227.5814,2017,8
1089,2017-08-23,Monika Berg,Encino,Surly Ice Cream Truck Frameset - 2017,Mountain Bikes,Surly,2,999.99,0.05,Santa Cruz Bikes,Mireya Copeland,1899.981,2017,8
1090,2017-08-24,Mikel Wilkerson,Atwater,Electra Cruiser Lux 1 - 2017,Cruisers Bicycles,Electra,1,439.99,0.2,Santa Cruz Bikes,Mireya Copeland,351.992,2017,8
1091,2017-08-24,Phuong Wolf,Schenectady,Electra Savannah 3i (20-inch) - Girl's - 2017,Children Bicycles,Electra,1,349.99,0.05,Baldwin Bikes,Venita Daniel,332.4905,2017,8
1091,2017-08-24,Phuong Wolf,Schenectady,Trek Domane SLR 6 Disc - 2017,Road Bikes,Trek,1,5499.99,0.1,Baldwin Bikes,Venita Daniel,4949.991,2017,8
1091,2017-08-24,Phuong Wolf,Schenectady,Pure Cycles William 3-Speed - 2016,Cruisers Bicycles,Pure Cycles,1,449.0,0.1,Baldwin Bikes,Venita Daniel,404.1,2017,8
1092,2017-08-25,Ronna Butler,Encino,Trek Session DH 27.5 Carbon Frameset - 2017,Mountain Bikes,Trek,1,469.99,0.05,Santa Cruz Bikes,Mireya Copeland,446.4905,2017,8
1092,2017-08-25,Ronna Butler,Encino,Surly Ice Cream Truck Frameset - 2017,Mountain Bikes,Surly,2,999.99,0.07,Santa Cruz Bikes,Mireya Copeland,1859.9814,2017,8
1092,2017-08-25,Ronna Butler,Encino,Ritchey Timberwolf Frameset - 2016,Mountain Bikes,Ritchey,2,749.99,0.1,Santa Cruz Bikes,Mireya Copeland,1349.982,2017,8
1092,2017-08-25,Ronna Butler,Encino,Pure Cycles Western 3-Speed - Women's - 2015/2016,Cruisers Bicycles,Pure Cycles,1,449.0,0.2,Santa Cruz Bikes,Mireya Copeland,359.20000000000005,2017,8
1093,2017-08-25,Shiela Calderon,Rocklin,Haro SR 1.2 - 2017,Mountain Bikes,Haro,2,869.99,0.07,Santa Cruz Bikes,Genna Serrano,1618.1814,2017,8
1093,2017-08-25,Shiela Calderon,Rocklin,Pure Cycles Vine 8-Speed - 2016,Cruisers Bicycles,Pure Cycles,2,429.0,0.1,Santa Cruz Bikes,Genna Serrano,772.2,2017,8
1093,2017-08-25,Shiela Calderon,Rocklin,Trek Precaliber 16 Girls - 2017,Children Bicycles,Trek,2,209.99,0.1,Santa Cruz Bikes,Genna Serrano,377.982,2017,8
1094,2017-08-25,Renato Morton,Mount Vernon,Sun Bicycles Atlas X-Type - 2017,Cruisers Bicycles,Sun Bicycles,1,416.99,0.1,Baldwin Bikes,Marcelene Boyer,375.291,2017,8
1094,2017-08-25,Renato Morton,Mount Vernon,Surly Straggler 650b - 2016,Cyclocross Bicycles,Surly,1,1680.99,0.1,Baldwin Bikes,Marcelene Boyer,1512.891,2017,8
1094,2017-08-25,Renato Morton,Mount Vernon,Electra Townie Original 21D - 2016,Comfort Bicycles,Electra,1,549.99,0.1,Baldwin Bikes,Marcelene Boyer,494.99100000000004,2017,8
1094,2017-08-25,Renato Morton,Mount Vernon,Sun Bicycles Cruz 7 - 2017,Comfort Bicycles,Sun Bicycles,1,416.99,0.2,Baldwin Bikes,Marcelene Boyer,333.59200000000004,2017,8
1095,2017-08-26,Wynona Douglas,Harlingen,Sun Bicycles Biscayne Tandem CB - 2017,Cruisers Bicycles,Sun Bicycles,2,647.99,0.05,Rowlett Bikes,Layla Terrell,1231.181,2017,8
1095,2017-08-26,Wynona Douglas,Harlingen,Surly Wednesday Frameset - 2016,Mountain Bikes,Surly,2,999.99,0.2,Rowlett Bikes,Layla Terrell,1599.9840000000002,2017,8
1095,2017-08-26,Wynona Douglas,Harlingen,Electra Moto 1 - 2016,Cruisers Bicycles,Electra,2,529.99,0.1,Rowlett Bikes,Layla Terrell,953.9820000000001,2017,8
1095,2017-08-26,Wynona Douglas,Harlingen,Surly Wednesday - 2017,Mountain Bikes,Surly,1,1632.99,0.2,Rowlett Bikes,Layla Terrell,1306.392,2017,8
1095,2017-08-26,Wynona Douglas,Harlingen,Trek Silque SLR 7 Women's - 2017,Road Bikes,Trek,2,5999.99,0.05,Rowlett Bikes,Layla Terrell,11399.981,2017,8
1096,2017-08-27,Jeffry Church,Pleasanton,Surly Straggler 650b - 2016,Cyclocross Bicycles,Surly,1,1680.99,0.1,Santa Cruz Bikes,Mireya Copeland,1512.891,2017,8
1097,2017-08-27,Whitley Cannon,Coram,Electra Sugar Skulls 1 (20-inch) - Girl's - 2017,Children Bicycles,Electra,1,299.99,0.05,Baldwin Bikes,Marcelene Boyer,284.9905,2017,8
1097,2017-08-27,Whitley Cannon,Coram,Sun Bicycles Cruz 3 - 2017,Comfort Bicycles,Sun Bicycles,2,449.99,0.07,Baldwin Bikes,Marcelene Boyer,836.9814,2017,8
1097,2017-08-27,Whitley Cannon,Coram,Electra Straight 8 3i (20-inch) - Boy's - 2017,Children Bicycles,Electra,2,489.99,0.07,Baldwin Bikes,Marcelene Boyer,911.3814,2017,8
1097,2017-08-27,Whitley Cannon,Coram,Pure Cycles William 3-Speed - 2016,Cruisers Bicycles,Pure Cycles,1,449.0,0.2,Baldwin Bikes,Marcelene Boyer,359.20000000000005,2017,8
1097,2017-08-27,Whitley Cannon,Coram,Sun Bicycles Spider 3i - 2017,Mountain Bikes,Sun Bicycles,2,832.99,0.05,Baldwin Bikes,Marcelene Boyer,1582.681,2017,8
1098,2017-08-28,Lloyd Miranda,Encino,Trek Precaliber 12 Girls - 2017,Children Bicycles,Trek,1,189.99,0.1,Santa Cruz Bikes,Mireya Copeland,170.991,2017,8
1099,2017-08-28,Bea Kane,Mahopac,Electra Townie Original 7D - 2017,Cruisers Bicycles,Electra,1,489.99,0.1,Baldwin Bikes,Marcelene Boyer,440.99100000000004,2017,8
1099,2017-08-28,Bea Kane,Mahopac,Electra Cruiser 1 (24-Inch) - 2016,Cruisers Bicycles,Electra,2,269.99,0.05,Baldwin Bikes,Marcelene Boyer,512.981,2017,8
1099,2017-08-28,Bea Kane,Mahopac,Haro SR 1.3 - 2017,Mountain Bikes,Haro,1,1409.99,0.07,Baldwin Bikes,Marcelene Boyer,1311.2907,2017,8
1099,2017-08-28,Bea Kane,Mahopac,Trek Precaliber 16 Boys - 2017,Children Bicycles,Trek,2,209.99,0.1,Baldwin Bikes,Marcelene Boyer,377.982,2017,8
1100,2017-08-28,Trista Lambert,Fairport,Electra Townie Original 21D - 2016,Cruisers Bicycles,Electra,1,549.99,0.05,Baldwin Bikes,Venita Daniel,522.4905,2017,8
1100,2017-08-28,Trista Lambert,Fairport,Trek Conduit+ - 2016,Electric Bikes,Trek,2,2999.99,0.1,Baldwin Bikes,Venita Daniel,5399.982,2017,8
1101,2017-08-29,Mina Carrillo,Uniondale,Sun Bicycles Streamway 7 - 2017,Comfort Bicycles,Sun Bicycles,1,533.99,0.07,Baldwin Bikes,Venita Daniel,496.61069999999995,2017,8
1101,2017-08-29,Mina Carrillo,Uniondale,Trek Silque SLR 8 Women's - 2017,Road Bikes,Trek,1,6499.99,0.05,Baldwin Bikes,Venita Daniel,6174.9905,2017,8
1102,2017-08-29,Glady Wells,Syosset,Trek Precaliber 24 (21-Speed) - Girls - 2017,Children Bicycles,Trek,1,349.99,0.07,Baldwin Bikes,Marcelene Boyer,325.4907,2017,8
1103,2017-08-31,Genny Fields,Amityville,Sun Bicycles Cruz 3 - 2017,Comfort Bicycles,Sun Bicycles,1,449.99,0.2,Baldwin Bikes,Venita Daniel,359.992,2017,8
1103,2017-08-31,Genny Fields,Amityville,Haro SR 1.3 - 2017,Mountain Bikes,Haro,2,1409.99,0.2,Baldwin Bikes,Venita Daniel,2255.984,2017,8
1104,2017-09-01,Trinity Riddle,Ballston Spa,Pure Cycles Vine 8-Speed - 2016,Cruisers Bicycles,Pure Cycles,1,429.0,0.1,Baldwin Bikes,Marcelene Boyer,386.1,2017,9
1104,2017-09-01,Trinity Riddle,Ballston Spa,Electra Amsterdam Original 3i - 2015/2017,Cruisers Bicycles,Electra,2,659.99,0.1,Baldwin Bikes,Marcelene Boyer,1187.982,2017,9
1104,2017-09-01,Trinity Riddle,Ballston Spa,Trek Fuel EX 9.8 27.5 Plus - 2017,Mountain Bikes,Trek,1,5299.99,0.07,Baldwin Bikes,Marcelene Boyer,4928.990699999999,2017,9
1104,2017-09-01,Trinity Riddle,Ballston Spa,Sun Bicycles Brickell Tandem CB - 2017,Cruisers Bicycles,Sun Bicycles,1,761.99,0.07,Baldwin Bikes,Marcelene Boyer,708.6506999999999,2017,9
1105,2017-09-01,Margret Barnett,Forney,Sun Bicycles ElectroLite - 2017,Electric Bikes,Sun Bicycles,1,1559.99,0.05,Rowlett Bikes,Kali Vargas,1481.9904999999999,2017,9
1105,2017-09-01,Margret Barnett,Forney,Trek Domane SLR 6 Disc - 2017,Road Bikes,Trek,2,5499.99,0.2,Rowlett Bikes,Kali Vargas,8799.984,2017,9
1105,2017-09-01,Margret Barnett,Forney,Sun Bicycles Spider 3i - 2017,Mountain Bikes,Sun Bicycles,2,832.99,0.07,Rowlett Bikes,Kali Vargas,1549.3614,2017,9
1106,2017-09-02,Deangelo Cooley,Rosedale,Electra Moto 3i (20-inch) - Boy's - 2017,Children Bicycles,Electra,1,349.99,0.1,Baldwin Bikes,Marcelene Boyer,314.99100000000004,2017,9
1107,2017-09-02,Lashunda Cole,Monsey,Trek Fuel EX 9.8 27.5 Plus - 2017,Mountain Bikes,Trek,1,5299.99,0.2,Baldwin Bikes,Venita Daniel,4239.992,2017,9
1107,2017-09-02,Lashunda Cole,Monsey,Haro Shift R3 - 2017,Mountain Bikes,Haro,2,1469.99,0.2,Baldwin Bikes,Venita Daniel,2351.984,2017,9
1108,2017-09-03,Aide Franco,Atwater,Haro SR 1.2 - 2017,Mountain Bikes,Haro,2,869.99,0.05,Santa Cruz Bikes,Genna Serrano,1652.981,2017,9
1108,2017-09-03,Aide Franco,Atwater,Electra Townie 3i EQ (20-inch) - Boys' - 2017,Children Bicycles,Electra,1,489.99,0.07,Santa Cruz Bikes,Genna Serrano,455.6907,2017,9
1108,2017-09-03,Aide Franco,Atwater,Sun Bicycles Streamway 7 - 2017,Comfort Bicycles,Sun Bicycles,1,533.99,0.07,Santa Cruz Bikes,Genna Serrano,496.61069999999995,2017,9
1109,2017-09-03,Kaylee English,Hollis,Sun Bicycles Biscayne Tandem 7 - 2017,Cruisers Bicycles,Sun Bicycles,2,619.99,0.1,Baldwin Bikes,Marcelene Boyer,1115.982,2017,9
1110,2017-09-04,Inocencia Key,Massapequa Park,Trek Domane SLR 6 Disc - 2017,Road Bikes,Trek,1,5499.99,0.1,Baldwin Bikes,Marcelene Boyer,4949.991,2017,9
1111,2017-09-04,Delana Wagner,Clifton Park,"Electra Girl's Hawaii 1 16"" - 2017",Children Bicycles,Electra,1,299.99,0.05,Baldwin Bikes,Marcelene Boyer,284.9905,2017,9
1111,2017-09-04,Delana Wagner,Clifton Park,Sun Bicycles Revolutions 24 - 2017,Cruisers Bicycles,Sun Bicycles,2,250.99,0.1,Baldwin Bikes,Marcelene Boyer,451.78200000000004,2017,9
1111,2017-09-04,Delana Wagner,Clifton Park,Electra Girl's Hawaii 1 (16-inch) - 2015/2016,Cruisers Bicycles,Electra,1,269.99,0.2,Baldwin Bikes,Marcelene Boyer,215.99200000000002,2017,9
1111,2017-09-04,Delana Wagner,Clifton Park,Electra Townie Original 21D - 2016,Comfort Bicycles,Electra,1,549.99,0.07,Baldwin Bikes,Marcelene Boyer,511.49069999999995,2017,9
1112,2017-09-05,Alyse Jacobson,Massapequa Park,Sun Bicycles Atlas X-Type - 2017,Cruisers Bicycles,Sun Bicycles,2,416.99,0.05,Baldwin Bikes,Venita Daniel,792.281,2017,9
1112,2017-09-05,Alyse Jacobson,Massapequa Park,Trek Fuel EX 5 27.5 Plus - 2017,Mountain Bikes,Trek,1,2299.99,0.07,Baldwin Bikes,Venita Daniel,2138.9907,2017,9
1112,2017-09-05,Alyse Jacobson,Massapequa Park,Heller Shagamaw Frame - 2016,Mountain Bikes,Heller,2,1320.99,0.1,Baldwin Bikes,Venita Daniel,2377.782,2017,9
1112,2017-09-05,Alyse Jacobson,Massapequa Park,Trek Precaliber 12 Boys - 2017,Children Bicycles,Trek,2,189.99,0.07,Baldwin Bikes,Venita Daniel,353.3814,2017,9
1112,2017-09-05,Alyse Jacobson,Massapequa Park,Trek Conduit+ - 2016,Electric Bikes,Trek,2,2999.99,0.1,Baldwin Bikes,Venita Daniel,5399.982,2017,9
1113,2017-09-06,Aleta Stone,Whitestone,Sun Bicycles Cruz 3 - 2017,Comfort Bicycles,Sun Bicycles,1,449.99,0.07,Baldwin Bikes,Venita Daniel,418.4907,2017,9
1114,2017-09-06,Randee Lester,Centereach,Surly Steamroller - 2017,Road Bikes,Surly,1,875.99,0.2,Baldwin Bikes,Marcelene Boyer,700.792,2017,9
1115,2017-09-07,Penny Acevedo,Ballston Spa,Electra Savannah 3i (20-inch) - Girl's - 2017,Children Bicycles,Electra,2,349.99,0.2,Baldwin Bikes,Marcelene Boyer,559.984,2017,9
1115,2017-09-07,Penny Acevedo,Ballston Spa,Trek Silque SLR 7 Women's - 2017,Road Bikes,Trek,2,5999.99,0.07,Baldwin Bikes,Marcelene Boyer,11159.981399999999,2017,9
1115,2017-09-07,Penny Acevedo,Ballston Spa,Trek Precaliber 24 (21-Speed) - Girls - 2017,Children Bicycles,Trek,2,349.99,0.07,Baldwin Bikes,Marcelene Boyer,650.9814,2017,9
1115,2017-09-07,Penny Acevedo,Ballston Spa,Trek Domane SL 6 - 2017,Road Bikes,Trek,2,3499.99,0.1,Baldwin Bikes,Marcelene Boyer,6299.982,2017,9
1116,2017-09-08,Tu Ramirez,East Elmhurst,Surly Straggler 650b - 2016,Cyclocross Bicycles,Surly,2,1680.99,0.07,Baldwin Bikes,Venita Daniel,3126.6414,2017,9
1117,2017-09-08,Somer Jordan,Huntington Station,Haro Flightline One ST - 2017,Mountain Bikes,Haro,2,379.99,0.1,Baldwin Bikes,Marcelene Boyer,683.9820000000001,2017,9
1117,2017-09-08,Somer Jordan,Huntington Station,Trek Precaliber 24 (21-Speed) - Girls - 2017,Children Bicycles,Trek,1,349.99,0.2,Baldwin Bikes,Marcelene Boyer,279.992,2017,9
1117,2017-09-08,Somer Jordan,Huntington Station,Trek Silque SLR 8 Women's - 2017,Road Bikes,Trek,2,6499.99,0.1,Baldwin Bikes,Marcelene Boyer,11699.982,2017,9
1118,2017-09-08,Adena Blake,Ballston Spa,Trek Domane S 6 - 2017,Road Bikes,Trek,2,2699.99,0.2,Baldwin Bikes,Marcelene Boyer,4319.9839999999995,2017,9
1118,2017-09-08,Adena Blake,Ballston Spa,Trek Silque SLR 7 Women's - 2017,Road Bikes,Trek,1,5999.99,0.07,Baldwin Bikes,Marcelene Boyer,5579.990699999999,2017,9
1118,2017-09-08,Adena Blake,Ballston Spa,Trek X-Caliber 8 - 2017,Mountain Bikes,Trek,1,999.99,0.05,Baldwin Bikes,Marcelene Boyer,949.9905,2017,9
1118,2017-09-08,Adena Blake,Ballston Spa,Trek Remedy 9.8 - 2017,Mountain Bikes,Trek,2,5299.99,0.2,Baldwin Bikes,Marcelene Boyer,8479.984,2017,9
1119,2017-09-10,Oralia Farley,Upland,Haro Shredder 20 Girls - 2017,Children Bicycles,Haro,2,209.99,0.1,Santa Cruz Bikes,Mireya Copeland,377.982,2017,9
1119,2017-09-10,Oralia Farley,Upland,Trek Domane S 6 - 2017,Road Bikes,Trek,2,2699.99,0.05,Santa Cruz Bikes,Mireya Copeland,5129.981,2017,9
1119,2017-09-10,Oralia Farley,Upland,Sun Bicycles Streamway - 2017,Comfort Bicycles,Sun Bicycles,1,481.99,0.2,Santa Cruz Bikes,Mireya Copeland,385.59200000000004,2017,9
1120,2017-09-10,Gustavo Gamble,Port Washington,Haro Shredder 20 - 2017,Children Bicycles,Haro,2,209.99,0.07,Baldwin Bikes,Venita Daniel,390.5814,2017,9
1120,2017-09-10,Gustavo Gamble,Port Washington,Surly Wednesday - 2017,Mountain Bikes,Surly,1,1632.99,0.07,Baldwin Bikes,Venita Daniel,1518.6807,2017,9
1120,2017-09-10,Gustavo Gamble,Port Washington,Surly Ice Cream Truck Frameset - 2017,Mountain Bikes,Surly,2,999.99,0.05,Baldwin Bikes,Venita Daniel,1899.981,2017,9
1120,2017-09-10,Gustavo Gamble,Port Washington,Haro Shredder 20 Girls - 2017,Children Bicycles,Haro,1,209.99,0.07,Baldwin Bikes,Venita Daniel,195.2907,2017,9
1120,2017-09-10,Gustavo Gamble,Port Washington,Haro Shredder Pro 20 - 2017,Children Bicycles,Haro,1,249.99,0.2,Baldwin Bikes,Venita Daniel,199.99200000000002,2017,9
1121,2017-09-11,Janae Doyle,Jackson Heights,Surly Straggler 650b - 2016,Cyclocross Bicycles,Surly,2,1680.99,0.1,Baldwin Bikes,Venita Daniel,3025.782,2017,9
1121,2017-09-11,Janae Doyle,Jackson Heights,Sun Bicycles Drifter 7 - 2017,Comfort Bicycles,Sun Bicycles,2,470.99,0.05,Baldwin Bikes,Venita Daniel,894.881,2017,9
1122,2017-09-12,Parthenia Holman,Ithaca,Trek Conduit+ - 2016,Electric Bikes,Trek,2,2999.99,0.07,Baldwin Bikes,Marcelene Boyer,5579.9814,2017,9
1122,2017-09-12,Parthenia Holman,Ithaca,Surly Ogre Frameset - 2017,Road Bikes,Surly,1,749.99,0.1,Baldwin Bikes,Marcelene Boyer,674.991,2017,9
1122,2017-09-12,Parthenia Holman,Ithaca,Trek Domane SL 6 - 2017,Road Bikes,Trek,2,3499.99,0.2,Baldwin Bikes,Marcelene Boyer,5599.984,2017,9
1122,2017-09-12,Parthenia Holman,Ithaca,Haro Shift R3 - 2017,Mountain Bikes,Haro,2,1469.99,0.05,Baldwin Bikes,Marcelene Boyer,2792.9809999999998,2017,9
1122,2017-09-12,Parthenia Holman,Ithaca,Sun Bicycles Biscayne Tandem 7 - 2017,Cruisers Bicycles,Sun Bicycles,1,619.99,0.1,Baldwin Bikes,Marcelene Boyer,557.991,2017,9
1123,2017-09-13,Benito Hendrix,Depew,Sun Bicycles Lil Bolt Type-R - 2017,Cruisers Bicycles,Sun Bicycles,2,346.99,0.07,Baldwin Bikes,Venita Daniel,645.4014,2017,9
1123,2017-09-13,Benito Hendrix,Depew,Trek Powerfly 8 FS Plus - 2017,Electric Bikes,Trek,2,4999.99,0.1,Baldwin Bikes,Venita Daniel,8999.982,2017,9
1124,2017-09-13,Pinkie Kirkland,San Angelo,Trek Slash 8 27.5 - 2016,Mountain Bikes,Trek,2,3999.99,0.1,Rowlett Bikes,Layla Terrell,7199.982,2017,9
1124,2017-09-13,Pinkie Kirkland,San Angelo,Surly Ice Cream Truck Frameset - 2016,Mountain Bikes,Surly,1,469.99,0.1,Rowlett Bikes,Layla Terrell,422.99100000000004,2017,9
1124,2017-09-13,Pinkie Kirkland,San Angelo,Sun Bicycles Cruz 7 - Women's - 2017,Comfort Bicycles,Sun Bicycles,2,416.99,0.07,Rowlett Bikes,Layla Terrell,775.6014,2017,9
1124,2017-09-13,Pinkie Kirkland,San Angelo,Haro SR 1.2 - 2017,Mountain Bikes,Haro,2,869.99,0.05,Rowlett Bikes,Layla Terrell,1652.981,2017,9
1124,2017-09-13,Pinkie Kirkland,San Angelo,Ritchey Timberwolf Frameset - 2016,Mountain Bikes,Ritchey,2,749.99,0.05,Rowlett Bikes,Layla Terrell,1424.981,2017,9
1125,2017-09-14,Krissy Ochoa,Port Washington,Electra Townie Original 7D EQ - 2016,Cruisers Bicycles,Electra,2,599.99,0.05,Baldwin Bikes,Venita Daniel,1139.981,2017,9
1125,2017-09-14,Krissy Ochoa,Port Washington,Electra Cruiser 1 (24-Inch) - 2016,Children Bicycles,Electra,1,269.99,0.1,Baldwin Bikes,Venita Daniel,242.991,2017,9
1125,2017-09-14,Krissy Ochoa,Port Washington,Electra Amsterdam Fashion 7i Ladies' - 2017,Cruisers Bicycles,Electra,2,1099.99,0.07,Baldwin Bikes,Venita Daniel,2045.9814,2017,9
1125,2017-09-14,Krissy Ochoa,Port Washington,Electra Townie Original 21D - 2016,Comfort Bicycles,Electra,1,549.99,0.07,Baldwin Bikes,Venita Daniel,511.49069999999995,2017,9
1125,2017-09-14,Krissy Ochoa,Port Washington,Trek Farley Alloy Frameset - 2017,Mountain Bikes,Trek,2,469.99,0.07,Baldwin Bikes,Venita Daniel,874.1813999999999,2017,9
1126,2017-09-14,Yang Giles,San Angelo,Surly Wednesday Frameset - 2017,Mountain Bikes,Surly,2,469.99,0.1,Rowlett Bikes,Kali Vargas,845.9820000000001,2017,9
1126,2017-09-14,Yang Giles,San Angelo,Trek Madone 9.2 - 2017,Road Bikes,Trek,1,4999.99,0.2,Rowlett Bikes,Kali Vargas,3999.992,2017,9
1126,2017-09-14,Yang Giles,San Angelo,Trek Precaliber 16 Boys - 2017,Children Bicycles,Trek,2,209.99,0.05,Rowlett Bikes,Kali Vargas,398.981,2017,9
1127,2017-09-15,Pearl Fox,Uniondale,Electra Girl's Hawaii 1 (20-inch) - 2015/2016,Children Bicycles,Electra,2,299.99,0.1,Baldwin Bikes,Venita Daniel,539.9820000000001,2017,9
1127,2017-09-15,Pearl Fox,Uniondale,Electra Moto 3i (20-inch) - Boy's - 2017,Children Bicycles,Electra,2,349.99,0.07,Baldwin Bikes,Venita Daniel,650.9814,2017,9
1127,2017-09-15,Pearl Fox,Uniondale,Haro Flightline One ST - 2017,Mountain Bikes,Haro,1,379.99,0.2,Baldwin Bikes,Venita Daniel,303.992,2017,9
1128,2017-09-15,Sherilyn Wilcox,Ossining,Haro SR 1.1 - 2017,Mountain Bikes,Haro,1,539.99,0.05,Baldwin Bikes,Marcelene Boyer,512.9905,2017,9
1128,2017-09-15,Sherilyn Wilcox,Ossining,Surly Straggler - 2016,Cyclocross Bicycles,Surly,1,1549.0,0.2,Baldwin Bikes,Marcelene Boyer,1239.2,2017,9
1128,2017-09-15,Sherilyn Wilcox,Ossining,Sun Bicycles Lil Bolt Type-R - 2017,Cruisers Bicycles,Sun Bicycles,2,346.99,0.05,Baldwin Bikes,Marcelene Boyer,659.281,2017,9
1129,2017-09-17,Alissa Hood,New Windsor,Sun Bicycles Atlas X-Type - 2017,Cruisers Bicycles,Sun Bicycles,2,416.99,0.2,Baldwin Bikes,Marcelene Boyer,667.1840000000001,2017,9
1129,2017-09-17,Alissa Hood,New Windsor,Trek Domane SLR 6 Disc - 2017,Road Bikes,Trek,1,5499.99,0.2,Baldwin Bikes,Marcelene Boyer,4399.992,2017,9
1129,2017-09-17,Alissa Hood,New Windsor,Trek Powerfly 8 FS Plus - 2017,Electric Bikes,Trek,2,4999.99,0.05,Baldwin Bikes,Marcelene Boyer,9499.981,2017,9
1130,2017-09-18,Katelin Kennedy,Rocklin,Trek Domane SL Disc Frameset - 2017,Road Bikes,Trek,2,3199.99,0.2,Santa Cruz Bikes,Genna Serrano,5119.984,2017,9
1131,2017-09-18,Wendie Nash,Oxnard,Sun Bicycles ElectroLite - 2017,Electric Bikes,Sun Bicycles,2,1559.99,0.07,Santa Cruz Bikes,Genna Serrano,2901.5814,2017,9
1131,2017-09-18,Wendie Nash,Oxnard,Sun Bicycles Streamway 3 - 2017,Comfort Bicycles,Sun Bicycles,2,551.99,0.05,Santa Cruz Bikes,Genna Serrano,1048.781,2017,9
1132,2017-09-19,Margorie Wynn,Monsey,Trek Fuel EX 9.8 27.5 Plus - 2017,Mountain Bikes,Trek,1,5299.99,0.05,Baldwin Bikes,Marcelene Boyer,5034.9905,2017,9
1132,2017-09-19,Margorie Wynn,Monsey,Surly Straggler - 2016,Cyclocross Bicycles,Surly,1,1549.0,0.1,Baldwin Bikes,Marcelene Boyer,1394.1000000000001,2017,9
1132,2017-09-19,Margorie Wynn,Monsey,Surly Troll Frameset - 2017,Mountain Bikes,Surly,2,832.99,0.1,Baldwin Bikes,Marcelene Boyer,1499.382,2017,9
1132,2017-09-19,Margorie Wynn,Monsey,Electra Townie Original 7D EQ - 2016,Cruisers Bicycles,Electra,1,599.99,0.05,Baldwin Bikes,Marcelene Boyer,569.9905,2017,9
1133,2017-09-19,Buford Gilbert,Bellmore,Trek Fuel EX 8 29 - 2016,Mountain Bikes,Trek,2,2899.99,0.05,Baldwin Bikes,Venita Daniel,5509.981,2017,9
1133,2017-09-19,Buford Gilbert,Bellmore,Pure Cycles Vine 8-Speed - 2016,Cruisers Bicycles,Pure Cycles,1,429.0,0.07,Baldwin Bikes,Venita Daniel,398.96999999999997,2017,9
1133,2017-09-19,Buford Gilbert,Bellmore,Trek Precaliber 16 Girls - 2017,Children Bicycles,Trek,2,209.99,0.2,Baldwin Bikes,Venita Daniel,335.98400000000004,2017,9
1133,2017-09-19,Buford Gilbert,Bellmore,Trek Boone 7 - 2017,Cyclocross Bicycles,Trek,1,3499.99,0.2,Baldwin Bikes,Venita Daniel,2799.992,2017,9
1134,2017-09-19,Diana Reyes,Bronx,Electra Savannah 3i (20-inch) - Girl's - 2017,Children Bicycles,Electra,1,349.99,0.1,Baldwin Bikes,Marcelene Boyer,314.99100000000004,2017,9
1134,2017-09-19,Diana Reyes,Bronx,Surly Troll Frameset - 2017,Mountain Bikes,Surly,1,832.99,0.1,Baldwin Bikes,Marcelene Boyer,749.691,2017,9
1135,2017-09-19,Kate Barber,Saratoga Springs,Electra Townie 7D (20-inch) - Boys' - 2017,Children Bicycles,Electra,2,339.99,0.05,Baldwin Bikes,Marcelene Boyer,645.981,2017,9
1135,2017-09-19,Kate Barber,Saratoga Springs,Trek Silque SLR 8 Women's - 2017,Road Bikes,Trek,1,6499.99,0.1,Baldwin Bikes,Marcelene Boyer,5849.991,2017,9
1136,2017-09-20,Rozella Fitzgerald,Shirley,Sun Bicycles Streamway 7 - 2017,Comfort Bicycles,Sun Bicycles,1,533.99,0.1,Baldwin Bikes,Marcelene Boyer,480.591,2017,9
1137,2017-09-20,Ivelisse Nixon,Houston,Surly Karate Monkey 27.5+ Frameset - 2017,Mountain Bikes,Surly,1,2499.99,0.2,Rowlett Bikes,Kali Vargas,1999.992,2017,9
1137,2017-09-20,Ivelisse Nixon,Houston,Trek Madone 9.2 - 2017,Road Bikes,Trek,2,4999.99,0.2,Rowlett Bikes,Kali Vargas,7999.984,2017,9
1137,2017-09-20,Ivelisse Nixon,Houston,Sun Bicycles Lil Kitt'n - 2017,Children Bicycles,Sun Bicycles,2,109.99,0.2,Rowlett Bikes,Kali Vargas,175.984,2017,9
1137,2017-09-20,Ivelisse Nixon,Houston,Sun Bicycles Cruz 7 - 2017,Cruisers Bicycles,Sun Bicycles,2,416.99,0.07,Rowlett Bikes,Kali Vargas,775.6014,2017,9
1138,2017-09-21,Cristobal Hutchinson,Lawndale,Electra Cruiser 1 (24-Inch) - 2016,Cruisers Bicycles,Electra,2,269.99,0.05,Santa Cruz Bikes,Mireya Copeland,512.981,2017,9
1138,2017-09-21,Cristobal Hutchinson,Lawndale,Sun Bicycles Streamway 7 - 2017,Comfort Bicycles,Sun Bicycles,2,533.99,0.05,Santa Cruz Bikes,Mireya Copeland,1014.581,2017,9
1138,2017-09-21,Cristobal Hutchinson,Lawndale,Haro Shredder 20 Girls - 2017,Children Bicycles,Haro,1,209.99,0.1,Santa Cruz Bikes,Mireya Copeland,188.991,2017,9
1139,2017-09-21,Marjory Leonard,Apple Valley,Sun Bicycles Cruz 3 - 2017,Comfort Bicycles,Sun Bicycles,2,449.99,0.05,Santa Cruz Bikes,Mireya Copeland,854.981,2017,9
1139,2017-09-21,Marjory Leonard,Apple Valley,Haro SR 1.1 - 2017,Mountain Bikes,Haro,2,539.99,0.1,Santa Cruz Bikes,Mireya Copeland,971.9820000000001,2017,9
1139,2017-09-21,Marjory Leonard,Apple Valley,Sun Bicycles Cruz 7 - 2017,Cruisers Bicycles,Sun Bicycles,1,416.99,0.05,Santa Cruz Bikes,Mireya Copeland,396.1405,2017,9
1139,2017-09-21,Marjory Leonard,Apple Valley,Electra Townie Original 7D - 2015/2016,Comfort Bicycles,Electra,2,499.99,0.1,Santa Cruz Bikes,Mireya Copeland,899.9820000000001,2017,9
1139,2017-09-21,Marjory Leonard,Apple Valley,Trek Slash 8 27.5 - 2016,Mountain Bikes,Trek,1,3999.99,0.1,Santa Cruz Bikes,Mireya Copeland,3599.991,2017,9
1140,2017-09-21,Tammy Austin,Lake Jackson,Trek Stache 5 - 2017,Mountain Bikes,Trek,2,1499.99,0.1,Rowlett Bikes,Kali Vargas,2699.982,2017,9
1140,2017-09-21,Tammy Austin,Lake Jackson,Sun Bicycles Atlas X-Type - 2017,Cruisers Bicycles,Sun Bicycles,2,416.99,0.07,Rowlett Bikes,Kali Vargas,775.6014,2017,9
1140,2017-09-21,Tammy Austin,Lake Jackson,Haro Flightline Two 26 Plus - 2017,Mountain Bikes,Haro,2,549.99,0.1,Rowlett Bikes,Kali Vargas,989.9820000000001,2017,9
1140,2017-09-21,Tammy Austin,Lake Jackson,Trek Fuel EX 9.8 29 - 2017,Mountain Bikes,Trek,2,4999.99,0.07,Rowlett Bikes,Kali Vargas,9299.981399999999,2017,9
1141,2017-09-22,Sherise Mercer,Vista,Trek Remedy 29 Carbon Frameset - 2016,Mountain Bikes,Trek,1,1799.99,0.1,Santa Cruz Bikes,Mireya Copeland,1619.991,2017,9
1142,2017-09-23,Hilde Nieves,Campbell,Electra Townie Original 7D EQ - Women's - 2016,Cruisers Bicycles,Electra,2,599.99,0.07,Santa Cruz Bikes,Genna Serrano,1115.9814,2017,9
1142,2017-09-23,Hilde Nieves,Campbell,Surly Ice Cream Truck Frameset - 2017,Mountain Bikes,Surly,1,999.99,0.1,Santa Cruz Bikes,Genna Serrano,899.991,2017,9
1142,2017-09-23,Hilde Nieves,Campbell,Sun Bicycles Cruz 7 - Women's - 2017,Comfort Bicycles,Sun Bicycles,2,416.99,0.05,Santa Cruz Bikes,Genna Serrano,792.281,2017,9
1142,2017-09-23,Hilde Nieves,Campbell,Sun Bicycles Cruz 3 - Women's - 2017,Comfort Bicycles,Sun Bicycles,2,449.99,0.2,Santa Cruz Bikes,Genna Serrano,719.984,2017,9
1142,2017-09-23,Hilde Nieves,Campbell,Electra Townie 3i EQ (20-inch) - Boys' - 2017,Children Bicycles,Electra,2,489.99,0.05,Santa Cruz Bikes,Genna Serrano,930.981,2017,9
1143,2017-09-24,Willow Gardner,Pleasanton,Electra Sugar Skulls 1 (20-inch) - Girl's - 2017,Children Bicycles,Electra,1,299.99,0.2,Santa Cruz Bikes,Mireya Copeland,239.99200000000002,2017,9
1143,2017-09-24,Willow Gardner,Pleasanton,Trek Emonda S 4 - 2017,Road Bikes,Trek,1,1499.99,0.2,Santa Cruz Bikes,Mireya Copeland,1199.992,2017,9
1143,2017-09-24,Willow Gardner,Pleasanton,Sun Bicycles Cruz 7 - 2017,Cruisers Bicycles,Sun Bicycles,2,416.99,0.1,Santa Cruz Bikes,Mireya Copeland,750.582,2017,9
1144,2017-09-24,Sonja Walls,Queensbury,Trek Precaliber 12 Girls - 2017,Children Bicycles,Trek,1,189.99,0.07,Baldwin Bikes,Venita Daniel,176.6907,2017,9
1145,2017-09-25,Jenna Saunders,Yorktown Heights,Sun Bicycles Streamway 7 - 2017,Comfort Bicycles,Sun Bicycles,2,533.99,0.07,Baldwin Bikes,Marcelene Boyer,993.2213999999999,2017,9
1146,2017-09-25,Lamar Greer,Levittown,Surly Troll Frameset - 2017,Mountain Bikes,Surly,1,832.99,0.07,Baldwin Bikes,Venita Daniel,774.6807,2017,9
1146,2017-09-25,Lamar Greer,Levittown,Electra Townie Original 7D - 2017,Cruisers Bicycles,Electra,1,489.99,0.2,Baldwin Bikes,Venita Daniel,391.992,2017,9
1146,2017-09-25,Lamar Greer,Levittown,Surly Straggler 650b - 2016,Cyclocross Bicycles,Surly,1,1680.99,0.2,Baldwin Bikes,Venita Daniel,1344.7920000000001,2017,9
1147,2017-09-25,Eloisa Tucker,Howard Beach,Electra Amsterdam Original 3i Ladies' - 2017,Cruisers Bicycles,Electra,1,659.99,0.2,Baldwin Bikes,Marcelene Boyer,527.9920000000001,2017,9
1147,2017-09-25,Eloisa Tucker,Howard Beach,Trek Stache 5 - 2017,Mountain Bikes,Trek,2,1499.99,0.05,Baldwin Bikes,Marcelene Boyer,2849.9809999999998,2017,9
1148,2017-09-25,Dorine Thornton,Sunnyside,Electra Amsterdam Original 3i Ladies' - 2017,Cruisers Bicycles,Electra,1,659.99,0.07,Baldwin Bikes,Venita Daniel,613.7907,2017,9
1148,2017-09-25,Dorine Thornton,Sunnyside,Electra Girl's Hawaii 1 (16-inch) - 2015/2016,Children Bicycles,Electra,1,269.99,0.07,Baldwin Bikes,Venita Daniel,251.0907,2017,9
1148,2017-09-25,Dorine Thornton,Sunnyside,Electra Glam Punk 3i Ladies' - 2017,Cruisers Bicycles,Electra,2,799.99,0.05,Baldwin Bikes,Venita Daniel,1519.981,2017,9
1148,2017-09-25,Dorine Thornton,Sunnyside,Haro Shredder Pro 20 - 2017,Children Bicycles,Haro,2,249.99,0.1,Baldwin Bikes,Venita Daniel,449.982,2017,9
1149,2017-09-27,Malisa Mitchell,Mount Vernon,Electra Straight 8 3i (20-inch) - Boy's - 2017,Children Bicycles,Electra,2,489.99,0.07,Baldwin Bikes,Venita Daniel,911.3814,2017,9
1149,2017-09-27,Malisa Mitchell,Mount Vernon,Trek Emonda S 4 - 2017,Road Bikes,Trek,1,1499.99,0.05,Baldwin Bikes,Venita Daniel,1424.9904999999999,2017,9
1149,2017-09-27,Malisa Mitchell,Mount Vernon,Trek Madone 9.2 - 2017,Road Bikes,Trek,1,4999.99,0.05,Baldwin Bikes,Venita Daniel,4749.9905,2017,9
1149,2017-09-27,Malisa Mitchell,Mount Vernon,Haro Downtown 16 - 2017,Children Bicycles,Haro,1,329.99,0.2,Baldwin Bikes,Venita Daniel,263.992,2017,9
1149,2017-09-27,Malisa Mitchell,Mount Vernon,Haro Shredder Pro 20 - 2017,Children Bicycles,Haro,1,249.99,0.1,Baldwin Bikes,Venita Daniel,224.991,2017,9
1150,2017-09-28,Kim Clark,Merrick,Trek X-Caliber 8 - 2017,Mountain Bikes,Trek,1,999.99,0.05,Baldwin Bikes,Venita Daniel,949.9905,2017,9
1150,2017-09-28,Kim Clark,Merrick,Trek Precaliber 24 (21-Speed) - Girls - 2017,Children Bicycles,Trek,1,349.99,0.05,Baldwin Bikes,Venita Daniel,332.4905,2017,9
1150,2017-09-28,Kim Clark,Merrick,Sun Bicycles Streamway - 2017,Comfort Bicycles,Sun Bicycles,2,481.99,0.07,Baldwin Bikes,Venita Daniel,896.5014,2017,9
1150,2017-09-28,Kim Clark,Merrick,Electra Cruiser 1 (24-Inch) - 2016,Children Bicycles,Electra,2,269.99,0.1,Baldwin Bikes,Venita Daniel,485.982,2017,9
1151,2017-09-29,Majorie Glover,Apple Valley,Surly Ice Cream Truck Frameset - 2017,Mountain Bikes,Surly,2,999.99,0.05,Santa Cruz Bikes,Genna Serrano,1899.981,2017,9
1152,2017-09-29,Trang Hardin,Depew,Trek Madone 9.2 - 2017,Road Bikes,Trek,1,4999.99,0.07,Baldwin Bikes,Marcelene Boyer,4649.990699999999,2017,9
1152,2017-09-29,Trang Hardin,Depew,Trek Precaliber 24 (21-Speed) - Girls - 2017,Children Bicycles,Trek,2,349.99,0.2,Baldwin Bikes,Marcelene Boyer,559.984,2017,9
1152,2017-09-29,Trang Hardin,Depew,Electra Townie Original 21D - 2016,Comfort Bicycles,Electra,1,549.99,0.05,Baldwin Bikes,Marcelene Boyer,522.4905,2017,9
1153,2017-09-30,Devin Shaffer,Rochester,Sun Bicycles Streamway 3 - 2017,Comfort Bicycles,Sun Bicycles,1,551.99,0.1,Baldwin Bikes,Venita Daniel,496.791,2017,9
1153,2017-09-30,Devin Shaffer,Rochester,Surly Ice Cream Truck Frameset - 2016,Mountain Bikes,Surly,2,469.99,0.05,Baldwin Bikes,Venita Daniel,892.981,2017,9
1154,2017-09-30,Tad Gardner,Niagara Falls,Pure Cycles Vine 8-Speed - 2016,Cruisers Bicycles,Pure Cycles,1,429.0,0.2,Baldwin Bikes,Venita Daniel,343.20000000000005,2017,9
1154,2017-09-30,Tad Gardner,Niagara Falls,Sun Bicycles ElectroLite - 2017,Electric Bikes,Sun Bicycles,1,1559.99,0.07,Baldwin Bikes,Venita Daniel,1450.7907,2017,9
1154,2017-09-30,Tad Gardner,Niagara Falls,Sun Bicycles Revolutions 24 - Girl's - 2017,Cruisers Bicycles,Sun Bicycles,2,250.99,0.2,Baldwin Bikes,Venita Daniel,401.58400000000006,2017,9
1155,2017-09-30,Julia Joyner,Astoria,Sun Bicycles Cruz 3 - 2017,Cruisers Bicycles,Sun Bicycles,2,449.99,0.05,Baldwin Bikes,Venita Daniel,854.981,2017,9
1155,2017-09-30,Julia Joyner,Astoria,Surly Ice Cream Truck Frameset - 2016,Mountain Bikes,Surly,2,469.99,0.1,Baldwin Bikes,Venita Daniel,845.9820000000001,2017,9
1155,2017-09-30,Julia Joyner,Astoria,Sun Bicycles Spider 3i - 2017,Mountain Bikes,Sun Bicycles,1,832.99,0.07,Baldwin Bikes,Venita Daniel,774.6807,2017,9
1155,2017-09-30,Julia Joyner,Astoria,Electra Glam Punk 3i Ladies' - 2017,Cruisers Bicycles,Electra,2,799.99,0.05,Baldwin Bikes,Venita Daniel,1519.981,2017,9
1156,2017-09-30,Rodrigo Durham,Richmond Hill,Sun Bicycles Drifter 7 - Women's - 2017,Comfort Bicycles,Sun Bicycles,2,470.99,0.05,Baldwin Bikes,Venita Daniel,894.881,2017,9
1156,2017-09-30,Rodrigo Durham,Richmond Hill,Trek Girl's Kickster - 2017,Children Bicycles,Trek,1,149.99,0.05,Baldwin Bikes,Venita Daniel,142.4905,2017,9
1157,2017-10-01,Corene Wall,Atwater,Electra Townie Original 7D EQ - Women's - 2016,Cruisers Bicycles,Electra,1,599.99,0.1,Santa Cruz Bikes,Genna Serrano,539.991,2017,10
1157,2017-10-01,Corene Wall,Atwater,Surly Wednesday - 2017,Mountain Bikes,Surly,2,1632.99,0.1,Santa Cruz Bikes,Genna Serrano,2939.382,2017,10
1157,2017-10-01,Corene Wall,Atwater,Haro Flightline One ST - 2017,Mountain Bikes,Haro,2,379.99,0.2,Santa Cruz Bikes,Genna Serrano,607.984,2017,10
1157,2017-10-01,Corene Wall,Atwater,Haro Shift R3 - 2017,Mountain Bikes,Haro,1,1469.99,0.07,Santa Cruz Bikes,Genna Serrano,1367.0907,2017,10
1158,2017-10-01,Lucilla Williams,San Carlos,"Electra Girl's Hawaii 1 16"" - 2017",Children Bicycles,Electra,2,299.99,0.1,Santa Cruz Bikes,Mireya Copeland,539.9820000000001,2017,10
1158,2017-10-01,Lucilla Williams,San Carlos,Electra Cruiser Lux 1 - 2017,Cruisers Bicycles,Electra,1,439.99,0.07,Santa Cruz Bikes,Mireya Copeland,409.1907,2017,10
1159,2017-10-01,Joy Underwood,Apple Valley,Electra Townie Original 21D - 2016,Cruisers Bicycles,Electra,2,549.99,0.1,Santa Cruz Bikes,Genna Serrano,989.9820000000001,2017,10
1160,2017-10-01,Brianne Hays,San Pablo,Haro Shift R3 - 2017,Mountain Bikes,Haro,1,1469.99,0.1,Santa Cruz Bikes,Mireya Copeland,1322.991,2017,10
1160,2017-10-01,Brianne Hays,San Pablo,Trek Conduit+ - 2016,Electric Bikes,Trek,1,2999.99,0.2,Santa Cruz Bikes,Mireya Copeland,2399.9919999999997,2017,10
1161,2017-10-01,Kathie Freeman,Queensbury,Sun Bicycles Atlas X-Type - 2017,Cruisers Bicycles,Sun Bicycles,2,416.99,0.1,Baldwin Bikes,Venita Daniel,750.582,2017,10
1161,2017-10-01,Kathie Freeman,Queensbury,Haro Flightline Two 26 Plus - 2017,Mountain Bikes,Haro,1,549.99,0.07,Baldwin Bikes,Venita Daniel,511.49069999999995,2017,10
1161,2017-10-01,Kathie Freeman,Queensbury,Electra Girl's Hawaii 1 (16-inch) - 2015/2016,Children Bicycles,Electra,1,269.99,0.2,Baldwin Bikes,Venita Daniel,215.99200000000002,2017,10
1161,2017-10-01,Kathie Freeman,Queensbury,Trek X-Caliber 8 - 2017,Mountain Bikes,Trek,2,999.99,0.1,Baldwin Bikes,Venita Daniel,1799.982,2017,10
1162,2017-10-01,Coleen Navarro,Webster,Trek Precaliber 12 Girls - 2017,Children Bicycles,Trek,1,189.99,0.2,Baldwin Bikes,Marcelene Boyer,151.99200000000002,2017,10
1162,2017-10-01,Coleen Navarro,Webster,Trek Fuel EX 9.8 29 - 2017,Mountain Bikes,Trek,2,4999.99,0.2,Baldwin Bikes,Marcelene Boyer,7999.984,2017,10
1162,2017-10-01,Coleen Navarro,Webster,Trek Girl's Kickster - 2017,Children Bicycles,Trek,1,149.99,0.1,Baldwin Bikes,Marcelene Boyer,134.991,2017,10
1162,2017-10-01,Coleen Navarro,Webster,Haro Shift R3 - 2017,Mountain Bikes,Haro,1,1469.99,0.05,Baldwin Bikes,Marcelene Boyer,1396.4904999999999,2017,10
1162,2017-10-01,Coleen Navarro,Webster,Electra Townie Original 21D - 2016,Cruisers Bicycles,Electra,2,549.99,0.05,Baldwin Bikes,Marcelene Boyer,1044.981,2017,10
1163,2017-10-01,Ocie Slater,Hamburg,Trek Boone Race Shop Limited - 2017,Cyclocross Bicycles,Trek,2,3499.99,0.05,Baldwin Bikes,Marcelene Boyer,6649.980999999999,2017,10
1163,2017-10-01,Ocie Slater,Hamburg,Surly Ogre Frameset - 2017,Road Bikes,Surly,2,749.99,0.1,Baldwin Bikes,Marcelene Boyer,1349.982,2017,10
1164,2017-10-01,Lillia Gillespie,Rego Park,Trek Remedy 29 Carbon Frameset - 2016,Mountain Bikes,Trek,1,1799.99,0.2,Baldwin Bikes,Marcelene Boyer,1439.9920000000002,2017,10
1164,2017-10-01,Lillia Gillespie,Rego Park,Sun Bicycles Biscayne Tandem CB - 2017,Cruisers Bicycles,Sun Bicycles,1,647.99,0.05,Baldwin Bikes,Marcelene Boyer,615.5905,2017,10
1164,2017-10-01,Lillia Gillespie,Rego Park,Sun Bicycles Streamway 3 - 2017,Comfort Bicycles,Sun Bicycles,2,551.99,0.05,Baldwin Bikes,Marcelene Boyer,1048.781,2017,10
1164,2017-10-01,Lillia Gillespie,Rego Park,Haro SR 1.1 - 2017,Mountain Bikes,Haro,2,539.99,0.05,Baldwin Bikes,Marcelene Boyer,1025.981,2017,10
1165,2017-10-02,Tilda Melton,Troy,Sun Bicycles Lil Bolt Type-R - 2017,Cruisers Bicycles,Sun Bicycles,2,346.99,0.07,Baldwin Bikes,Venita Daniel,645.4014,2017,10
1165,2017-10-02,Tilda Melton,Troy,Sun Bicycles Cruz 3 - 2017,Cruisers Bicycles,Sun Bicycles,1,449.99,0.07,Baldwin Bikes,Venita Daniel,418.4907,2017,10
1166,2017-10-03,Virgil Frost,Levittown,Sun Bicycles Streamway 3 - 2017,Comfort Bicycles,Sun Bicycles,2,551.99,0.07,Baldwin Bikes,Venita Daniel,1026.7014,2017,10
1167,2017-10-04,Jule Davenport,San Carlos,Trek X-Caliber 8 - 2017,Mountain Bikes,Trek,2,999.99,0.05,Santa Cruz Bikes,Mireya Copeland,1899.981,2017,10
1167,2017-10-04,Jule Davenport,San Carlos,Electra Amsterdam Fashion 7i Ladies' - 2017,Cruisers Bicycles,Electra,2,1099.99,0.1,Santa Cruz Bikes,Mireya Copeland,1979.982,2017,10
1167,2017-10-04,Jule Davenport,San Carlos,Sun Bicycles Cruz 3 - 2017,Cruisers Bicycles,Sun Bicycles,1,449.99,0.07,Santa Cruz Bikes,Mireya Copeland,418.4907,2017,10
1168,2017-10-04,Tonja Bean,Fairport,Electra Girl's Hawaii 1 (20-inch) - 2015/2016,Children Bicycles,Electra,2,299.99,0.1,Baldwin Bikes,Marcelene Boyer,539.9820000000001,2017,10
1168,2017-10-04,Tonja Bean,Fairport,Electra Amsterdam Original 3i Ladies' - 2017,Cruisers Bicycles,Electra,1,659.99,0.2,Baldwin Bikes,Marcelene Boyer,527.9920000000001,2017,10
1168,2017-10-04,Tonja Bean,Fairport,Trek Silque SLR 8 Women's - 2017,Road Bikes,Trek,1,6499.99,0.07,Baldwin Bikes,Marcelene Boyer,6044.990699999999,2017,10
1168,2017-10-04,Tonja Bean,Fairport,Sun Bicycles Cruz 7 - 2017,Comfort Bicycles,Sun Bicycles,2,416.99,0.2,Baldwin Bikes,Marcelene Boyer,667.1840000000001,2017,10
1168,2017-10-04,Tonja Bean,Fairport,Electra Moto 1 - 2016,Cruisers Bicycles,Electra,2,529.99,0.05,Baldwin Bikes,Marcelene Boyer,1006.981,2017,10
1169,2017-10-04,Edris Barrett,Plattsburgh,Trek Precaliber 24 (21-Speed) - Girls - 2017,Children Bicycles,Trek,2,349.99,0.2,Baldwin Bikes,Venita Daniel,559.984,2017,10
1169,2017-10-04,Edris Barrett,Plattsburgh,Trek Silque SLR 8 Women's - 2017,Road Bikes,Trek,1,6499.99,0.05,Baldwin Bikes,Venita Daniel,6174.9905,2017,10
1169,2017-10-04,Edris Barrett,Plattsburgh,Trek Madone 9.2 - 2017,Road Bikes,Trek,2,4999.99,0.1,Baldwin Bikes,Venita Daniel,8999.982,2017,10
1169,2017-10-04,Edris Barrett,Plattsburgh,Electra Amsterdam Fashion 7i Ladies' - 2017,Cruisers Bicycles,Electra,2,1099.99,0.2,Baldwin Bikes,Venita Daniel,1759.9840000000002,2017,10
1170,2017-10-05,Alejandro Haney,Wantagh,Electra Moto 1 - 2016,Cruisers Bicycles,Electra,1,529.99,0.1,Baldwin Bikes,Marcelene Boyer,476.99100000000004,2017,10
1170,2017-10-05,Alejandro Haney,Wantagh,Trek Remedy 9.8 - 2017,Mountain Bikes,Trek,2,5299.99,0.05,Baldwin Bikes,Marcelene Boyer,10069.981,2017,10
1170,2017-10-05,Alejandro Haney,Wantagh,Trek Boone 7 - 2017,Cyclocross Bicycles,Trek,2,3499.99,0.1,Baldwin Bikes,Marcelene Boyer,6299.982,2017,10
1171,2017-10-05,Shay Stephenson,Smithtown,Haro Shredder Pro 20 - 2017,Children Bicycles,Haro,2,249.99,0.2,Baldwin Bikes,Marcelene Boyer,399.98400000000004,2017,10
1171,2017-10-05,Shay Stephenson,Smithtown,Haro Shredder 20 - 2017,Children Bicycles,Haro,2,209.99,0.07,Baldwin Bikes,Marcelene Boyer,390.5814,2017,10
1171,2017-10-05,Shay Stephenson,Smithtown,Surly Straggler - 2016,Cyclocross Bicycles,Surly,2,1549.0,0.07,Baldwin Bikes,Marcelene Boyer,2881.14,2017,10
1172,2017-10-07,Neida King,Oceanside,Sun Bicycles Biscayne Tandem CB - 2017,Cruisers Bicycles,Sun Bicycles,2,647.99,0.07,Baldwin Bikes,Venita Daniel,1205.2613999999999,2017,10
1172,2017-10-07,Neida King,Oceanside,Sun Bicycles Streamway - 2017,Comfort Bicycles,Sun Bicycles,1,481.99,0.2,Baldwin Bikes,Venita Daniel,385.59200000000004,2017,10
1173,2017-10-08,Dori Alvarez,Kingston,"Electra Girl's Hawaii 1 16"" - 2017",Children Bicycles,Electra,1,299.99,0.2,Baldwin Bikes,Venita Daniel,239.99200000000002,2017,10
1173,2017-10-08,Dori Alvarez,Kingston,Pure Cycles Vine 8-Speed - 2016,Cruisers Bicycles,Pure Cycles,1,429.0,0.07,Baldwin Bikes,Venita Daniel,398.96999999999997,2017,10
1173,2017-10-08,Dori Alvarez,Kingston,Sun Bicycles Cruz 3 - 2017,Cruisers Bicycles,Sun Bicycles,1,449.99,0.05,Baldwin Bikes,Venita Daniel,427.4905,2017,10
1173,2017-10-08,Dori Alvarez,Kingston,Sun Bicycles Streamway 3 - 2017,Comfort Bicycles,Sun Bicycles,2,551.99,0.2,Baldwin Bikes,Venita Daniel,883.1840000000001,2017,10
1174,2017-10-08,Gussie Harding,Deer Park,Sun Bicycles Drifter 7 - 2017,Comfort Bicycles,Sun Bicycles,2,470.99,0.2,Baldwin Bikes,Marcelene Boyer,753.5840000000001,2017,10
1174,2017-10-08,Gussie Harding,Deer Park,Surly Ice Cream Truck Frameset - 2016,Mountain Bikes,Surly,1,469.99,0.07,Baldwin Bikes,Marcelene Boyer,437.09069999999997,2017,10
1174,2017-10-08,Gussie Harding,Deer Park,Sun Bicycles Cruz 3 - 2017,Comfort Bicycles,Sun Bicycles,1,449.99,0.1,Baldwin Bikes,Marcelene Boyer,404.99100000000004,2017,10
1175,2017-10-09,Monty Frost,Hempstead,Trek Madone 9.2 - 2017,Road Bikes,Trek,2,4999.99,0.07,Baldwin Bikes,Marcelene Boyer,9299.981399999999,2017,10
1175,2017-10-09,Monty Frost,Hempstead,Sun Bicycles Lil Bolt Type-R - 2017,Cruisers Bicycles,Sun Bicycles,1,346.99,0.2,Baldwin Bikes,Marcelene Boyer,277.59200000000004,2017,10
1175,2017-10-09,Monty Frost,Hempstead,Electra Townie Original 7D EQ - Women's - 2016,Cruisers Bicycles,Electra,1,599.99,0.05,Baldwin Bikes,Marcelene Boyer,569.9905,2017,10
1175,2017-10-09,Monty Frost,Hempstead,Surly Wednesday Frameset - 2016,Mountain Bikes,Surly,1,999.99,0.05,Baldwin Bikes,Marcelene Boyer,949.9905,2017,10
1175,2017-10-09,Monty Frost,Hempstead,Trek Conduit+ - 2016,Electric Bikes,Trek,1,2999.99,0.05,Baldwin Bikes,Marcelene Boyer,2849.9905,2017,10
1176,2017-10-10,Caroline Jenkins,Richardson,Trek Precaliber 12 Boys - 2017,Children Bicycles,Trek,1,189.99,0.1,Rowlett Bikes,Layla Terrell,170.991,2017,10
1177,2017-10-12,Tobie Little,Victoria,Trek Boone 7 - 2017,Cyclocross Bicycles,Trek,2,3499.99,0.07,Rowlett Bikes,Layla Terrell,6509.981399999999,2017,10
1177,2017-10-12,Tobie Little,Victoria,Electra Cruiser Lux 1 - 2017,Cruisers Bicycles,Electra,1,439.99,0.1,Rowlett Bikes,Layla Terrell,395.99100000000004,2017,10
1178,2017-10-12,Agnes Sims,Buffalo,Haro SR 1.3 - 2017,Mountain Bikes,Haro,1,1409.99,0.07,Baldwin Bikes,Marcelene Boyer,1311.2907,2017,10
1178,2017-10-12,Agnes Sims,Buffalo,Electra Glam Punk 3i Ladies' - 2017,Cruisers Bicycles,Electra,1,799.99,0.2,Baldwin Bikes,Marcelene Boyer,639.9920000000001,2017,10
1178,2017-10-12,Agnes Sims,Buffalo,Sun Bicycles Cruz 3 - Women's - 2017,Comfort Bicycles,Sun Bicycles,1,449.99,0.05,Baldwin Bikes,Marcelene Boyer,427.4905,2017,10
1178,2017-10-12,Agnes Sims,Buffalo,Electra Cruiser 1 (24-Inch) - 2016,Cruisers Bicycles,Electra,2,269.99,0.05,Baldwin Bikes,Marcelene Boyer,512.981,2017,10
1179,2017-10-12,Keturah Reid,Corpus Christi,Haro Shredder 20 Girls - 2017,Children Bicycles,Haro,2,209.99,0.05,Rowlett Bikes,Layla Terrell,398.981,2017,10
1179,2017-10-12,Keturah Reid,Corpus Christi,Trek Precaliber 12 Girls - 2017,Children Bicycles,Trek,2,189.99,0.05,Rowlett Bikes,Layla Terrell,360.981,2017,10
1179,2017-10-12,Keturah Reid,Corpus Christi,Surly Wednesday Frameset - 2017,Mountain Bikes,Surly,2,469.99,0.2,Rowlett Bikes,Layla Terrell,751.984,2017,10
1179,2017-10-12,Keturah Reid,Corpus Christi,Trek Silque SLR 7 Women's - 2017,Road Bikes,Trek,1,5999.99,0.07,Rowlett Bikes,Layla Terrell,5579.990699999999,2017,10
1180,2017-10-13,Desiree Branch,San Lorenzo,Sun Bicycles Revolutions 24 - 2017,Cruisers Bicycles,Sun Bicycles,2,250.99,0.07,Santa Cruz Bikes,Genna Serrano,466.84139999999996,2017,10
1181,2017-10-13,Hye Mercer,Mahopac,Electra Straight 8 3i (20-inch) - Boy's - 2017,Children Bicycles,Electra,1,489.99,0.1,Baldwin Bikes,Venita Daniel,440.99100000000004,2017,10
1182,2017-10-13,Tempie Jacobson,Smithtown,Sun Bicycles Spider 3i - 2017,Mountain Bikes,Sun Bicycles,1,832.99,0.1,Baldwin Bikes,Venita Daniel,749.691,2017,10
1182,2017-10-13,Tempie Jacobson,Smithtown,Trek Domane SL 6 - 2017,Road Bikes,Trek,2,3499.99,0.1,Baldwin Bikes,Venita Daniel,6299.982,2017,10
1183,2017-10-14,Wai Soto,Bethpage,Trek Boone Race Shop Limited - 2017,Cyclocross Bicycles,Trek,1,3499.99,0.2,Baldwin Bikes,Marcelene Boyer,2799.992,2017,10
1183,2017-10-14,Wai Soto,Bethpage,Sun Bicycles Brickell Tandem CB - 2017,Cruisers Bicycles,Sun Bicycles,2,761.99,0.2,Baldwin Bikes,Marcelene Boyer,1219.184,2017,10
1183,2017-10-14,Wai Soto,Bethpage,Surly Ice Cream Truck Frameset - 2016,Mountain Bikes,Surly,2,469.99,0.05,Baldwin Bikes,Marcelene Boyer,892.981,2017,10
1184,2017-10-14,Mary Singleton,Woodside,Electra Townie Original 7D EQ - 2016,Cruisers Bicycles,Electra,2,599.99,0.05,Baldwin Bikes,Marcelene Boyer,1139.981,2017,10
1184,2017-10-14,Mary Singleton,Woodside,Sun Bicycles Atlas X-Type - 2017,Cruisers Bicycles,Sun Bicycles,1,416.99,0.05,Baldwin Bikes,Marcelene Boyer,396.1405,2017,10
1185,2017-10-14,Arline Lawson,Hempstead,Pure Cycles William 3-Speed - 2016,Cruisers Bicycles,Pure Cycles,2,449.0,0.07,Baldwin Bikes,Marcelene Boyer,835.14,2017,10
1185,2017-10-14,Arline Lawson,Hempstead,Electra Cruiser 1 (24-Inch) - 2016,Children Bicycles,Electra,1,269.99,0.07,Baldwin Bikes,Marcelene Boyer,251.0907,2017,10
1185,2017-10-14,Arline Lawson,Hempstead,Trek Boone Race Shop Limited - 2017,Cyclocross Bicycles,Trek,2,3499.99,0.1,Baldwin Bikes,Marcelene Boyer,6299.982,2017,10
1185,2017-10-14,Arline Lawson,Hempstead,Sun Bicycles Brickell Tandem CB - 2017,Cruisers Bicycles,Sun Bicycles,1,761.99,0.2,Baldwin Bikes,Marcelene Boyer,609.592,2017,10
1186,2017-10-14,Karole Alvarez,East Northport,Trek Emonda S 4 - 2017,Road Bikes,Trek,2,1499.99,0.1,Baldwin Bikes,Marcelene Boyer,2699.982,2017,10
1186,2017-10-14,Karole Alvarez,East Northport,Trek Domane SL 6 - 2017,Road Bikes,Trek,1,3499.99,0.07,Baldwin Bikes,Marcelene Boyer,3254.9906999999994,2017,10
1186,2017-10-14,Karole Alvarez,East Northport,Sun Bicycles Cruz 3 - 2017,Comfort Bicycles,Sun Bicycles,1,449.99,0.1,Baldwin Bikes,Marcelene Boyer,404.99100000000004,2017,10
1186,2017-10-14,Karole Alvarez,East Northport,Surly Big Dummy Frameset - 2017,Mountain Bikes,Surly,1,999.99,0.2,Baldwin Bikes,Marcelene Boyer,799.9920000000001,2017,10
1187,2017-10-15,Valeri Marshall,East Meadow,Surly Troll Frameset - 2017,Mountain Bikes,Surly,2,832.99,0.1,Baldwin Bikes,Marcelene Boyer,1499.382,2017,10
1187,2017-10-15,Valeri Marshall,East Meadow,Sun Bicycles Boardwalk (24-inch Wheels) - 2017,Cruisers Bicycles,Sun Bicycles,1,402.99,0.07,Baldwin Bikes,Marcelene Boyer,374.78069999999997,2017,10
1187,2017-10-15,Valeri Marshall,East Meadow,Trek Fuel EX 8 29 - 2016,Mountain Bikes,Trek,1,2899.99,0.1,Baldwin Bikes,Marcelene Boyer,2609.991,2017,10
1187,2017-10-15,Valeri Marshall,East Meadow,Surly Ogre Frameset - 2017,Road Bikes,Surly,2,749.99,0.1,Baldwin Bikes,Marcelene Boyer,1349.982,2017,10
1188,2017-10-15,Janelle Maldonado,Richmond Hill,Sun Bicycles Revolutions 24 - 2017,Cruisers Bicycles,Sun Bicycles,2,250.99,0.1,Baldwin Bikes,Venita Daniel,451.78200000000004,2017,10
1188,2017-10-15,Janelle Maldonado,Richmond Hill,Trek Precaliber 24 (21-Speed) - Girls - 2017,Children Bicycles,Trek,2,349.99,0.2,Baldwin Bikes,Venita Daniel,559.984,2017,10
1188,2017-10-15,Janelle Maldonado,Richmond Hill,Trek Precaliber 12 Boys - 2017,Children Bicycles,Trek,2,189.99,0.1,Baldwin Bikes,Venita Daniel,341.982,2017,10
1189,2017-10-15,Ira Erickson,Port Jefferson Station,Trek Domane S 6 - 2017,Road Bikes,Trek,1,2699.99,0.07,Baldwin Bikes,Marcelene Boyer,2510.9907,2017,10
1189,2017-10-15,Ira Erickson,Port Jefferson Station,Electra Townie Original 7D - 2017,Comfort Bicycles,Electra,2,489.99,0.1,Baldwin Bikes,Marcelene Boyer,881.9820000000001,2017,10
1189,2017-10-15,Ira Erickson,Port Jefferson Station,Trek Fuel EX 9.8 29 - 2017,Mountain Bikes,Trek,2,4999.99,0.1,Baldwin Bikes,Marcelene Boyer,8999.982,2017,10
1190,2017-10-16,Brittney Woodward,East Northport,Sun Bicycles Atlas X-Type - 2017,Cruisers Bicycles,Sun Bicycles,1,416.99,0.07,Baldwin Bikes,Marcelene Boyer,387.8007,2017,10
1191,2017-10-17,Ken Charles,Monsey,Trek Fuel EX 9.8 29 - 2017,Mountain Bikes,Trek,2,4999.99,0.1,Baldwin Bikes,Marcelene Boyer,8999.982,2017,10
1191,2017-10-17,Ken Charles,Monsey,Trek Precaliber 16 Boys - 2017,Children Bicycles,Trek,2,209.99,0.1,Baldwin Bikes,Marcelene Boyer,377.982,2017,10
1191,2017-10-17,Ken Charles,Monsey,Electra Townie 3i EQ (20-inch) - Boys' - 2017,Children Bicycles,Electra,1,489.99,0.07,Baldwin Bikes,Marcelene Boyer,455.6907,2017,10
1192,2017-10-17,Douglass Blankenship,Albany,Electra Townie Original 21D - 2016,Comfort Bicycles,Electra,2,549.99,0.1,Baldwin Bikes,Marcelene Boyer,989.9820000000001,2017,10
1192,2017-10-17,Douglass Blankenship,Albany,Trek Precaliber 12 Girls - 2017,Children Bicycles,Trek,2,189.99,0.07,Baldwin Bikes,Marcelene Boyer,353.3814,2017,10
1192,2017-10-17,Douglass Blankenship,Albany,Haro Flightline One ST - 2017,Mountain Bikes,Haro,2,379.99,0.2,Baldwin Bikes,Marcelene Boyer,607.984,2017,10
1193,2017-10-17,Adrien Hunter,Rego Park,Trek Boy's Kickster - 2015/2017,Children Bicycles,Trek,2,149.99,0.05,Baldwin Bikes,Venita Daniel,284.981,2017,10
1193,2017-10-17,Adrien Hunter,Rego Park,Surly Big Dummy Frameset - 2017,Mountain Bikes,Surly,1,999.99,0.05,Baldwin Bikes,Venita Daniel,949.9905,2017,10
1194,2017-10-19,Bong Hebert,Torrance,Sun Bicycles Atlas X-Type - 2017,Cruisers Bicycles,Sun Bicycles,1,416.99,0.05,Santa Cruz Bikes,Mireya Copeland,396.1405,2017,10
1194,2017-10-19,Bong Hebert,Torrance,Trek Slash 8 27.5 - 2016,Mountain Bikes,Trek,2,3999.99,0.07,Santa Cruz Bikes,Mireya Copeland,7439.981399999999,2017,10
1194,2017-10-19,Bong Hebert,Torrance,Sun Bicycles Streamway 7 - 2017,Comfort Bicycles,Sun Bicycles,2,533.99,0.1,Santa Cruz Bikes,Mireya Copeland,961.182,2017,10
1194,2017-10-19,Bong Hebert,Torrance,Sun Bicycles Lil Kitt'n - 2017,Children Bicycles,Sun Bicycles,1,109.99,0.05,Santa Cruz Bikes,Mireya Copeland,104.4905,2017,10
1195,2017-10-19,Molly Langley,Holbrook,Surly Steamroller - 2017,Road Bikes,Surly,1,875.99,0.07,Baldwin Bikes,Venita Daniel,814.6707,2017,10
1196,2017-10-19,Vance Taylor,Lancaster,Surly Ogre Frameset - 2017,Road Bikes,Surly,1,749.99,0.07,Baldwin Bikes,Marcelene Boyer,697.4907,2017,10
1197,2017-10-21,Barton Crosby,Bellmore,Electra Cruiser 1 (24-Inch) - 2016,Cruisers Bicycles,Electra,1,269.99,0.07,Baldwin Bikes,Marcelene Boyer,251.0907,2017,10
1197,2017-10-21,Barton Crosby,Bellmore,Sun Bicycles Cruz 3 - Women's - 2017,Comfort Bicycles,Sun Bicycles,2,449.99,0.05,Baldwin Bikes,Marcelene Boyer,854.981,2017,10
1197,2017-10-21,Barton Crosby,Bellmore,Trek Conduit+ - 2016,Electric Bikes,Trek,2,2999.99,0.05,Baldwin Bikes,Marcelene Boyer,5699.981,2017,10
1197,2017-10-21,Barton Crosby,Bellmore,Sun Bicycles Cruz 3 - 2017,Comfort Bicycles,Sun Bicycles,2,449.99,0.2,Baldwin Bikes,Marcelene Boyer,719.984,2017,10
1198,2017-10-22,Shanelle Anderson,Bethpage,Sun Bicycles Streamway 7 - 2017,Comfort Bicycles,Sun Bicycles,1,533.99,0.05,Baldwin Bikes,Venita Daniel,507.2905,2017,10
1199,2017-10-23,Eliz Whitney,Fullerton,Trek Farley Alloy Frameset - 2017,Mountain Bikes,Trek,1,469.99,0.05,Santa Cruz Bikes,Mireya Copeland,446.4905,2017,10
1199,2017-10-23,Eliz Whitney,Fullerton,Haro Shredder Pro 20 - 2017,Children Bicycles,Haro,2,249.99,0.07,Santa Cruz Bikes,Mireya Copeland,464.9814,2017,10
1199,2017-10-23,Eliz Whitney,Fullerton,Sun Bicycles Cruz 7 - Women's - 2017,Comfort Bicycles,Sun Bicycles,2,416.99,0.1,Santa Cruz Bikes,Mireya Copeland,750.582,2017,10
1200,2017-10-23,Cesar Jackson,Liverpool,Trek Fuel EX 5 27.5 Plus - 2017,Mountain Bikes,Trek,2,2299.99,0.2,Baldwin Bikes,Marcelene Boyer,3679.984,2017,10
1201,2017-10-23,Candis Harding,Ballston Spa,"Electra Girl's Hawaii 1 16"" - 2017",Children Bicycles,Electra,1,299.99,0.07,Baldwin Bikes,Marcelene Boyer,278.9907,2017,10
1201,2017-10-23,Candis Harding,Ballston Spa,Electra Cruiser 1 (24-Inch) - 2016,Cruisers Bicycles,Electra,1,269.99,0.05,Baldwin Bikes,Marcelene Boyer,256.4905,2017,10
1201,2017-10-23,Candis Harding,Ballston Spa,Electra Townie Original 7D EQ - 2016,Comfort Bicycles,Electra,1,599.99,0.2,Baldwin Bikes,Marcelene Boyer,479.992,2017,10
1201,2017-10-23,Candis Harding,Ballston Spa,Pure Cycles Vine 8-Speed - 2016,Cruisers Bicycles,Pure Cycles,2,429.0,0.05,Baldwin Bikes,Marcelene Boyer,815.0999999999999,2017,10
1201,2017-10-23,Candis Harding,Ballston Spa,Pure Cycles William 3-Speed - 2016,Cruisers Bicycles,Pure Cycles,2,449.0,0.2,Baldwin Bikes,Marcelene Boyer,718.4000000000001,2017,10
1202,2017-10-24,Antony Atkinson,Smithtown,Sun Bicycles Lil Kitt'n - 2017,Children Bicycles,Sun Bicycles,2,109.99,0.05,Baldwin Bikes,Marcelene Boyer,208.981,2017,10
1203,2017-10-25,Tam Fisher,Rochester,Surly Ice Cream Truck Frameset - 2016,Mountain Bikes,Surly,2,469.99,0.07,Baldwin Bikes,Venita Daniel,874.1813999999999,2017,10
1203,2017-10-25,Tam Fisher,Rochester,Trek Domane S 6 - 2017,Road Bikes,Trek,1,2699.99,0.05,Baldwin Bikes,Venita Daniel,2564.9905,2017,10
1204,2017-10-25,Piedad Irwin,Coram,Haro Flightline One ST - 2017,Mountain Bikes,Haro,2,379.99,0.07,Baldwin Bikes,Marcelene Boyer,706.7814,2017,10
1205,2017-10-26,Risa Gallagher,Rocklin,Sun Bicycles Streamway 7 - 2017,Comfort Bicycles,Sun Bicycles,2,533.99,0.2,Santa Cruz Bikes,Mireya Copeland,854.384,2017,10
1205,2017-10-26,Risa Gallagher,Rocklin,Haro SR 1.3 - 2017,Mountain Bikes,Haro,2,1409.99,0.2,Santa Cruz Bikes,Mireya Copeland,2255.984,2017,10
1205,2017-10-26,Risa Gallagher,Rocklin,Sun Bicycles Atlas X-Type - 2017,Cruisers Bicycles,Sun Bicycles,1,416.99,0.05,Santa Cruz Bikes,Mireya Copeland,396.1405,2017,10
1205,2017-10-26,Risa Gallagher,Rocklin,Sun Bicycles Boardwalk (24-inch Wheels) - 2017,Cruisers Bicycles,Sun Bicycles,2,402.99,0.07,Santa Cruz Bikes,Mireya Copeland,749.5613999999999,2017,10
1205,2017-10-26,Risa Gallagher,Rocklin,Haro Shredder 20 - 2017,Children Bicycles,Haro,1,209.99,0.1,Santa Cruz Bikes,Mireya Copeland,188.991,2017,10
1206,2017-10-26,Anya Contreras,East Northport,Sun Bicycles Brickell Tandem 7 - 2017,Cruisers Bicycles,Sun Bicycles,1,749.99,0.07,Baldwin Bikes,Marcelene Boyer,697.4907,2017,10
1206,2017-10-26,Anya Contreras,East Northport,Trek X-Caliber 8 - 2017,Mountain Bikes,Trek,1,999.99,0.2,Baldwin Bikes,Marcelene Boyer,799.9920000000001,2017,10
1207,2017-10-26,Cami Williamson,Massapequa,Sun Bicycles Streamway - 2017,Comfort Bicycles,Sun Bicycles,1,481.99,0.05,Baldwin Bikes,Marcelene Boyer,457.8905,2017,10
1207,2017-10-26,Cami Williamson,Massapequa,Sun Bicycles Streamway 3 - 2017,Comfort Bicycles,Sun Bicycles,1,551.99,0.1,Baldwin Bikes,Marcelene Boyer,496.791,2017,10
1207,2017-10-26,Cami Williamson,Massapequa,Electra Girl's Hawaii 1 (20-inch) - 2015/2016,Children Bicycles,Electra,1,299.99,0.07,Baldwin Bikes,Marcelene Boyer,278.9907,2017,10
1208,2017-10-26,Qiana Jackson,East Northport,Electra Townie Original 21D - 2016,Cruisers Bicycles,Electra,1,549.99,0.2,Baldwin Bikes,Venita Daniel,439.992,2017,10
1208,2017-10-26,Qiana Jackson,East Northport,Sun Bicycles Lil Bolt Type-R - 2017,Cruisers Bicycles,Sun Bicycles,2,346.99,0.07,Baldwin Bikes,Venita Daniel,645.4014,2017,10
1208,2017-10-26,Qiana Jackson,East Northport,Trek Girl's Kickster - 2017,Children Bicycles,Trek,2,149.99,0.2,Baldwin Bikes,Venita Daniel,239.98400000000004,2017,10
1208,2017-10-26,Qiana Jackson,East Northport,Electra Cruiser 1 (24-Inch) - 2016,Cruisers Bicycles,Electra,2,269.99,0.1,Baldwin Bikes,Venita Daniel,485.982,2017,10
1208,2017-10-26,Qiana Jackson,East Northport,Trek Precaliber 12 Boys - 2017,Children Bicycles,Trek,1,189.99,0.07,Baldwin Bikes,Venita Daniel,176.6907,2017,10
1209,2017-10-26,Lekisha Pope,Freeport,Trek Precaliber 16 Boys - 2017,Children Bicycles,Trek,1,209.99,0.07,Baldwin Bikes,Venita Daniel,195.2907,2017,10
1209,2017-10-26,Lekisha Pope,Freeport,Electra Savannah 3i (20-inch) - Girl's - 2017,Children Bicycles,Electra,1,349.99,0.05,Baldwin Bikes,Venita Daniel,332.4905,2017,10
1210,2017-10-26,Andria Rivers,Amarillo,Electra Townie Original 7D EQ - 2016,Comfort Bicycles,Electra,1,599.99,0.1,Rowlett Bikes,Kali Vargas,539.991,2017,10
1210,2017-10-26,Andria Rivers,Amarillo,Surly Ice Cream Truck Frameset - 2016,Mountain Bikes,Surly,2,469.99,0.07,Rowlett Bikes,Kali Vargas,874.1813999999999,2017,10
1210,2017-10-26,Andria Rivers,Amarillo,Sun Bicycles Biscayne Tandem CB - 2017,Cruisers Bicycles,Sun Bicycles,2,647.99,0.05,Rowlett Bikes,Kali Vargas,1231.181,2017,10
1210,2017-10-26,Andria Rivers,Amarillo,Sun Bicycles Lil Kitt'n - 2017,Children Bicycles,Sun Bicycles,1,109.99,0.1,Rowlett Bikes,Kali Vargas,98.991,2017,10
1210,2017-10-26,Andria Rivers,Amarillo,Sun Bicycles Spider 3i - 2017,Mountain Bikes,Sun Bicycles,2,832.99,0.05,Rowlett Bikes,Kali Vargas,1582.681,2017,10
1211,2017-10-27,Lizzette Stein,Orchard Park,Electra Moto 1 - 2016,Cruisers Bicycles,Electra,2,529.99,0.2,Baldwin Bikes,Venita Daniel,847.984,2017,10
1211,2017-10-27,Lizzette Stein,Orchard Park,Trek Domane S 5 Disc - 2017,Road Bikes,Trek,1,2599.99,0.05,Baldwin Bikes,Venita Daniel,2469.9905,2017,10
1211,2017-10-27,Lizzette Stein,Orchard Park,Haro Shredder 20 - 2017,Children Bicycles,Haro,1,209.99,0.2,Baldwin Bikes,Venita Daniel,167.99200000000002,2017,10
1211,2017-10-27,Lizzette Stein,Orchard Park,Haro Shredder 20 Girls - 2017,Children Bicycles,Haro,1,209.99,0.1,Baldwin Bikes,Venita Daniel,188.991,2017,10
1211,2017-10-27,Lizzette Stein,Orchard Park,Sun Bicycles Cruz 3 - Women's - 2017,Comfort Bicycles,Sun Bicycles,2,449.99,0.2,Baldwin Bikes,Venita Daniel,719.984,2017,10
1212,2017-10-27,Elenore Hensley,Hamburg,Electra Cruiser Lux 1 - 2017,Cruisers Bicycles,Electra,1,439.99,0.1,Baldwin Bikes,Marcelene Boyer,395.99100000000004,2017,10
1212,2017-10-27,Elenore Hensley,Hamburg,Haro Flightline One ST - 2017,Mountain Bikes,Haro,2,379.99,0.07,Baldwin Bikes,Marcelene Boyer,706.7814,2017,10
1212,2017-10-27,Elenore Hensley,Hamburg,Trek Stache 5 - 2017,Mountain Bikes,Trek,2,1499.99,0.05,Baldwin Bikes,Marcelene Boyer,2849.9809999999998,2017,10
1212,2017-10-27,Elenore Hensley,Hamburg,Sun Bicycles Cruz 3 - 2017,Cruisers Bicycles,Sun Bicycles,2,449.99,0.07,Baldwin Bikes,Marcelene Boyer,836.9814,2017,10
1213,2017-10-27,Willis Randolph,Harlingen,Electra Townie Original 7D - 2017,Cruisers Bicycles,Electra,2,489.99,0.07,Rowlett Bikes,Layla Terrell,911.3814,2017,10
1213,2017-10-27,Willis Randolph,Harlingen,Sun Bicycles Biscayne Tandem CB - 2017,Cruisers Bicycles,Sun Bicycles,1,647.99,0.07,Rowlett Bikes,Layla Terrell,602.6306999999999,2017,10
1213,2017-10-27,Willis Randolph,Harlingen,Electra Townie Original 7D - 2017,Comfort Bicycles,Electra,2,489.99,0.1,Rowlett Bikes,Layla Terrell,881.9820000000001,2017,10
1213,2017-10-27,Willis Randolph,Harlingen,Electra Moto 1 - 2016,Cruisers Bicycles,Electra,1,529.99,0.05,Rowlett Bikes,Layla Terrell,503.4905,2017,10
1214,2017-10-28,Celestine Kent,Lancaster,Trek Conduit+ - 2016,Electric Bikes,Trek,2,2999.99,0.05,Baldwin Bikes,Marcelene Boyer,5699.981,2017,10
1214,2017-10-28,Celestine Kent,Lancaster,Trek Slash 8 27.5 - 2016,Mountain Bikes,Trek,1,3999.99,0.2,Baldwin Bikes,Marcelene Boyer,3199.992,2017,10
1214,2017-10-28,Celestine Kent,Lancaster,Electra Girl's Hawaii 1 (16-inch) - 2015/2016,Children Bicycles,Electra,1,269.99,0.05,Baldwin Bikes,Marcelene Boyer,256.4905,2017,10
1214,2017-10-28,Celestine Kent,Lancaster,Electra Glam Punk 3i Ladies' - 2017,Cruisers Bicycles,Electra,2,799.99,0.1,Baldwin Bikes,Marcelene Boyer,1439.982,2017,10
1214,2017-10-28,Celestine Kent,Lancaster,Sun Bicycles Revolutions 24 - Girl's - 2017,Cruisers Bicycles,Sun Bicycles,2,250.99,0.2,Baldwin Bikes,Marcelene Boyer,401.58400000000006,2017,10
1215,2017-10-28,Nathalie Knowles,West Islip,Sun Bicycles Brickell Tandem 7 - 2017,Cruisers Bicycles,Sun Bicycles,2,749.99,0.1,Baldwin Bikes,Venita Daniel,1349.982,2017,10
1215,2017-10-28,Nathalie Knowles,West Islip,Surly Straggler - 2016,Cyclocross Bicycles,Surly,2,1549.0,0.07,Baldwin Bikes,Venita Daniel,2881.14,2017,10
1216,2017-10-28,Letisha May,North Tonawanda,Electra Townie Original 7D - 2017,Cruisers Bicycles,Electra,2,489.99,0.1,Baldwin Bikes,Venita Daniel,881.9820000000001,2017,10
1216,2017-10-28,Letisha May,North Tonawanda,Trek Domane SL Disc Frameset - 2017,Road Bikes,Trek,1,3199.99,0.05,Baldwin Bikes,Venita Daniel,3039.9904999999994,2017,10
1216,2017-10-28,Letisha May,North Tonawanda,Pure Cycles William 3-Speed - 2016,Cruisers Bicycles,Pure Cycles,1,449.0,0.2,Baldwin Bikes,Venita Daniel,359.20000000000005,2017,10
1216,2017-10-28,Letisha May,North Tonawanda,Sun Bicycles Drifter 7 - 2017,Comfort Bicycles,Sun Bicycles,2,470.99,0.07,Baldwin Bikes,Venita Daniel,876.0414,2017,10
1216,2017-10-28,Letisha May,North Tonawanda,Trek Fuel EX 9.8 27.5 Plus - 2017,Mountain Bikes,Trek,1,5299.99,0.1,Baldwin Bikes,Venita Daniel,4769.991,2017,10
1217,2017-10-28,Verdell Joyner,Far Rockaway,Sun Bicycles Brickell Tandem 7 - 2017,Cruisers Bicycles,Sun Bicycles,1,749.99,0.05,Baldwin Bikes,Venita Daniel,712.4905,2017,10
1217,2017-10-28,Verdell Joyner,Far Rockaway,Sun Bicycles Cruz 3 - 2017,Comfort Bicycles,Sun Bicycles,2,449.99,0.05,Baldwin Bikes,Venita Daniel,854.981,2017,10
1218,2017-10-30,Philip Bryan,Oakland,Trek Farley Alloy Frameset - 2017,Mountain Bikes,Trek,1,469.99,0.07,Santa Cruz Bikes,Mireya Copeland,437.09069999999997,2017,10
1218,2017-10-30,Philip Bryan,Oakland,Electra Townie Original 7D - 2017,Comfort Bicycles,Electra,2,489.99,0.05,Santa Cruz Bikes,Mireya Copeland,930.981,2017,10
1219,2017-10-30,Gilbert Calhoun,East Elmhurst,Pure Cycles Vine 8-Speed - 2016,Cruisers Bicycles,Pure Cycles,2,429.0,0.07,Baldwin Bikes,Venita Daniel,797.9399999999999,2017,10
1219,2017-10-30,Gilbert Calhoun,East Elmhurst,Trek Boone 7 - 2017,Cyclocross Bicycles,Trek,2,3499.99,0.1,Baldwin Bikes,Venita Daniel,6299.982,2017,10
1219,2017-10-30,Gilbert Calhoun,East Elmhurst,Trek Fuel EX 9.8 29 - 2017,Mountain Bikes,Trek,2,4999.99,0.2,Baldwin Bikes,Venita Daniel,7999.984,2017,10
1220,2017-10-31,Bernardina Cooper,Whitestone,Trek Remedy 9.8 - 2017,Mountain Bikes,Trek,2,5299.99,0.1,Baldwin Bikes,Marcelene Boyer,9539.982,2017,10
1220,2017-10-31,Bernardina Cooper,Whitestone,Trek Domane SL 6 - 2017,Road Bikes,Trek,1,3499.99,0.2,Baldwin Bikes,Marcelene Boyer,2799.992,2017,10
1220,2017-10-31,Bernardina Cooper,Whitestone,Haro Downtown 16 - 2017,Children Bicycles,Haro,2,329.99,0.2,Baldwin Bikes,Marcelene Boyer,527.984,2017,10
1221,2017-10-31,Minnie Compton,South Richmond Hill,Electra Townie 3i EQ (20-inch) - Boys' - 2017,Children Bicycles,Electra,1,489.99,0.05,Baldwin Bikes,Venita Daniel,465.4905,2017,10
1221,2017-10-31,Minnie Compton,South Richmond Hill,Electra Amsterdam Fashion 7i Ladies' - 2017,Cruisers Bicycles,Electra,2,1099.99,0.05,Baldwin Bikes,Venita Daniel,2089.9809999999998,2017,10
1221,2017-10-31,Minnie Compton,South Richmond Hill,Trek Fuel EX 5 27.5 Plus - 2017,Mountain Bikes,Trek,2,2299.99,0.1,Baldwin Bikes,Venita Daniel,4139.982,2017,10
1221,2017-10-31,Minnie Compton,South Richmond Hill,Haro Flightline Two 26 Plus - 2017,Mountain Bikes,Haro,2,549.99,0.1,Baldwin Bikes,Venita Daniel,989.9820000000001,2017,10
1221,2017-10-31,Minnie Compton,South Richmond Hill,Electra Savannah 3i (20-inch) - Girl's - 2017,Children Bicycles,Electra,2,349.99,0.07,Baldwin Bikes,Venita Daniel,650.9814,2017,10
1222,2017-11-01,Narcisa Knapp,Amarillo,Electra Savannah 3i (20-inch) - Girl's - 2017,Children Bicycles,Electra,1,349.99,0.2,Rowlett Bikes,Layla Terrell,279.992,2017,11
1223,2017-11-02,Jenell Crosby,Brentwood,Sun Bicycles Streamway 3 - 2017,Comfort Bicycles,Sun Bicycles,1,551.99,0.05,Baldwin Bikes,Marcelene Boyer,524.3905,2017,11
1224,2017-11-03,Catarina Mendez,West Islip,Trek Boone 7 - 2017,Cyclocross Bicycles,Trek,1,3499.99,0.07,Baldwin Bikes,Marcelene Boyer,3254.9906999999994,2017,11
1224,2017-11-03,Catarina Mendez,West Islip,Trek Silque SLR 8 Women's - 2017,Road Bikes,Trek,1,6499.99,0.1,Baldwin Bikes,Marcelene Boyer,5849.991,2017,11
1224,2017-11-03,Catarina Mendez,West Islip,Sun Bicycles Cruz 3 - Women's - 2017,Comfort Bicycles,Sun Bicycles,1,449.99,0.05,Baldwin Bikes,Marcelene Boyer,427.4905,2017,11
1224,2017-11-03,Catarina Mendez,West Islip,Trek Farley Alloy Frameset - 2017,Mountain Bikes,Trek,1,469.99,0.2,Baldwin Bikes,Marcelene Boyer,375.992,2017,11
1225,2017-11-04,Yvone Yates,San Pablo,Electra Amsterdam Fashion 7i Ladies' - 2017,Cruisers Bicycles,Electra,1,1099.99,0.1,Santa Cruz Bikes,Mireya Copeland,989.991,2017,11
1225,2017-11-04,Yvone Yates,San Pablo,Trek Domane S 5 Disc - 2017,Road Bikes,Trek,2,2599.99,0.1,Santa Cruz Bikes,Mireya Copeland,4679.982,2017,11
1225,2017-11-04,Yvone Yates,San Pablo,Surly Ice Cream Truck Frameset - 2016,Mountain Bikes,Surly,2,469.99,0.1,Santa Cruz Bikes,Mireya Copeland,845.9820000000001,2017,11
1226,2017-11-04,Kiana Rivera,Richmond Hill,Electra Glam Punk 3i Ladies' - 2017,Cruisers Bicycles,Electra,2,799.99,0.05,Baldwin Bikes,Venita Daniel,1519.981,2017,11
1226,2017-11-04,Kiana Rivera,Richmond Hill,Electra Townie 7D (20-inch) - Boys' - 2017,Children Bicycles,Electra,1,339.99,0.2,Baldwin Bikes,Venita Daniel,271.992,2017,11
1226,2017-11-04,Kiana Rivera,Richmond Hill,Surly Straggler 650b - 2016,Cyclocross Bicycles,Surly,2,1680.99,0.07,Baldwin Bikes,Venita Daniel,3126.6414,2017,11
1226,2017-11-04,Kiana Rivera,Richmond Hill,Trek Silque SLR 8 Women's - 2017,Road Bikes,Trek,1,6499.99,0.07,Baldwin Bikes,Venita Daniel,6044.990699999999,2017,11
1226,2017-11-04,Kiana Rivera,Richmond Hill,Trek Fuel EX 5 27.5 Plus - 2017,Mountain Bikes,Trek,1,2299.99,0.1,Baldwin Bikes,Venita Daniel,2069.991,2017,11
1227,2017-11-04,Sharie Whitaker,Merrick,Trek Precaliber 16 Girls - 2017,Children Bicycles,Trek,2,209.99,0.2,Baldwin Bikes,Marcelene Boyer,335.98400000000004,2017,11
1227,2017-11-04,Sharie Whitaker,Merrick,Haro SR 1.1 - 2017,Mountain Bikes,Haro,1,539.99,0.07,Baldwin Bikes,Marcelene Boyer,502.1907,2017,11
1227,2017-11-04,Sharie Whitaker,Merrick,Electra Townie Original 7D EQ - 2016,Comfort Bicycles,Electra,1,599.99,0.05,Baldwin Bikes,Marcelene Boyer,569.9905,2017,11
1227,2017-11-04,Sharie Whitaker,Merrick,Trek Remedy 29 Carbon Frameset - 2016,Mountain Bikes,Trek,1,1799.99,0.07,Baldwin Bikes,Marcelene Boyer,1673.9906999999998,2017,11
1227,2017-11-04,Sharie Whitaker,Merrick,Trek Fuel EX 5 27.5 Plus - 2017,Mountain Bikes,Trek,2,2299.99,0.2,Baldwin Bikes,Marcelene Boyer,3679.984,2017,11
1228,2017-11-04,Bettye Espinoza,Oswego,Haro Shredder 20 - 2017,Children Bicycles,Haro,1,209.99,0.2,Baldwin Bikes,Marcelene Boyer,167.99200000000002,2017,11
1228,2017-11-04,Bettye Espinoza,Oswego,Trek Domane S 6 - 2017,Road Bikes,Trek,2,2699.99,0.2,Baldwin Bikes,Marcelene Boyer,4319.9839999999995,2017,11
1228,2017-11-04,Bettye Espinoza,Oswego,Electra Townie Original 7D EQ - Women's - 2016,Cruisers Bicycles,Electra,2,599.99,0.05,Baldwin Bikes,Marcelene Boyer,1139.981,2017,11
1229,2017-11-05,Arvilla Osborn,Upland,Surly Troll Frameset - 2017,Mountain Bikes,Surly,2,832.99,0.07,Santa Cruz Bikes,Genna Serrano,1549.3614,2017,11
1229,2017-11-05,Arvilla Osborn,Upland,Trek Powerfly 8 FS Plus - 2017,Electric Bikes,Trek,2,4999.99,0.1,Santa Cruz Bikes,Genna Serrano,8999.982,2017,11
1230,2017-11-05,Lynda Newman,Saratoga Springs,Trek Farley Alloy Frameset - 2017,Mountain Bikes,Trek,2,469.99,0.1,Baldwin Bikes,Marcelene Boyer,845.9820000000001,2017,11
1230,2017-11-05,Lynda Newman,Saratoga Springs,Haro Flightline Two 26 Plus - 2017,Mountain Bikes,Haro,2,549.99,0.07,Baldwin Bikes,Marcelene Boyer,1022.9813999999999,2017,11
1231,2017-11-05,Myrtle Gardner,Farmingdale,Electra Cruiser Lux Fat Tire 1 Ladies - 2017,Cruisers Bicycles,Electra,2,599.99,0.05,Baldwin Bikes,Marcelene Boyer,1139.981,2017,11
1231,2017-11-05,Myrtle Gardner,Farmingdale,Electra Amsterdam Original 3i - 2015/2017,Cruisers Bicycles,Electra,1,659.99,0.07,Baldwin Bikes,Marcelene Boyer,613.7907,2017,11
1232,2017-11-06,Stacie Sims,Oakland,Trek Fuel EX 8 29 - 2016,Mountain Bikes,Trek,2,2899.99,0.07,Santa Cruz Bikes,Genna Serrano,5393.9814,2017,11
1232,2017-11-06,Stacie Sims,Oakland,Sun Bicycles Drifter 7 - 2017,Comfort Bicycles,Sun Bicycles,2,470.99,0.05,Santa Cruz Bikes,Genna Serrano,894.881,2017,11
1232,2017-11-06,Stacie Sims,Oakland,Surly Ice Cream Truck Frameset - 2016,Mountain Bikes,Surly,2,469.99,0.2,Santa Cruz Bikes,Genna Serrano,751.984,2017,11
1233,2017-11-06,Efren Oliver,Nanuet,Trek Precaliber 12 Boys - 2017,Children Bicycles,Trek,2,189.99,0.2,Baldwin Bikes,Marcelene Boyer,303.98400000000004,2017,11
1233,2017-11-06,Efren Oliver,Nanuet,Trek Powerfly 8 FS Plus - 2017,Electric Bikes,Trek,2,4999.99,0.1,Baldwin Bikes,Marcelene Boyer,8999.982,2017,11
1233,2017-11-06,Efren Oliver,Nanuet,Trek Domane S 6 - 2017,Road Bikes,Trek,1,2699.99,0.2,Baldwin Bikes,Marcelene Boyer,2159.9919999999997,2017,11
1234,2017-11-07,Lizzette Stein,Orchard Park,Trek Domane SLR 6 Disc - 2017,Road Bikes,Trek,2,5499.99,0.07,Baldwin Bikes,Marcelene Boyer,10229.981399999999,2017,11
1234,2017-11-07,Lizzette Stein,Orchard Park,Sun Bicycles Atlas X-Type - 2017,Cruisers Bicycles,Sun Bicycles,2,416.99,0.07,Baldwin Bikes,Marcelene Boyer,775.6014,2017,11
1235,2017-11-07,Priscilla Wilkins,Albany,Trek Slash 8 27.5 - 2016,Mountain Bikes,Trek,1,3999.99,0.1,Baldwin Bikes,Marcelene Boyer,3599.991,2017,11
1236,2017-11-08,Natosha Rowland,Ballston Spa,Sun Bicycles ElectroLite - 2017,Electric Bikes,Sun Bicycles,1,1559.99,0.07,Baldwin Bikes,Venita Daniel,1450.7907,2017,11
1236,2017-11-08,Natosha Rowland,Ballston Spa,Trek Farley Alloy Frameset - 2017,Mountain Bikes,Trek,2,469.99,0.05,Baldwin Bikes,Venita Daniel,892.981,2017,11
1236,2017-11-08,Natosha Rowland,Ballston Spa,Trek Precaliber 24 (21-Speed) - Girls - 2017,Children Bicycles,Trek,1,349.99,0.1,Baldwin Bikes,Venita Daniel,314.99100000000004,2017,11
1237,2017-11-09,Kaley Blanchard,Palos Verdes Peninsula,Electra Girl's Hawaii 1 (20-inch) - 2015/2016,Children Bicycles,Electra,1,299.99,0.1,Santa Cruz Bikes,Mireya Copeland,269.99100000000004,2017,11
1237,2017-11-09,Kaley Blanchard,Palos Verdes Peninsula,Trek Precaliber 12 Boys - 2017,Children Bicycles,Trek,2,189.99,0.1,Santa Cruz Bikes,Mireya Copeland,341.982,2017,11
1237,2017-11-09,Kaley Blanchard,Palos Verdes Peninsula,"Electra Girl's Hawaii 1 16"" - 2017",Children Bicycles,Electra,2,299.99,0.2,Santa Cruz Bikes,Mireya Copeland,479.98400000000004,2017,11
1237,2017-11-09,Kaley Blanchard,Palos Verdes Peninsula,Trek Domane S 6 - 2017,Road Bikes,Trek,2,2699.99,0.07,Santa Cruz Bikes,Mireya Copeland,5021.9814,2017,11
1237,2017-11-09,Kaley Blanchard,Palos Verdes Peninsula,Electra Townie Original 7D - 2015/2016,Comfort Bicycles,Electra,1,499.99,0.07,Santa Cruz Bikes,Mireya Copeland,464.9907,2017,11
1238,2017-11-09,Heather Chaney,Jamestown,Trek Fuel EX 9.8 29 - 2017,Mountain Bikes,Trek,1,4999.99,0.1,Baldwin Bikes,Marcelene Boyer,4499.991,2017,11
1238,2017-11-09,Heather Chaney,Jamestown,Electra Girl's Hawaii 1 (16-inch) - 2015/2016,Cruisers Bicycles,Electra,1,269.99,0.1,Baldwin Bikes,Marcelene Boyer,242.991,2017,11
1238,2017-11-09,Heather Chaney,Jamestown,Electra Sugar Skulls 1 (20-inch) - Girl's - 2017,Children Bicycles,Electra,2,299.99,0.2,Baldwin Bikes,Marcelene Boyer,479.98400000000004,2017,11
1238,2017-11-09,Heather Chaney,Jamestown,Electra Townie 7D (20-inch) - Boys' - 2017,Children Bicycles,Electra,1,339.99,0.1,Baldwin Bikes,Marcelene Boyer,305.99100000000004,2017,11
1239,2017-11-09,Nakisha Clay,Port Washington,Electra Moto 1 - 2016,Cruisers Bicycles,Electra,2,529.99,0.2,Baldwin Bikes,Venita Daniel,847.984,2017,11
1239,2017-11-09,Nakisha Clay,Port Washington,Trek Precaliber 24 (21-Speed) - Girls - 2017,Children Bicycles,Trek,1,349.99,0.1,Baldwin Bikes,Venita Daniel,314.99100000000004,2017,11
1239,2017-11-09,Nakisha Clay,Port Washington,Trek Session DH 27.5 Carbon Frameset - 2017,Mountain Bikes,Trek,2,469.99,0.1,Baldwin Bikes,Venita Daniel,845.9820000000001,2017,11
1239,2017-11-09,Nakisha Clay,Port Washington,Surly Troll Frameset - 2017,Mountain Bikes,Surly,1,832.99,0.05,Baldwin Bikes,Venita Daniel,791.3405,2017,11
1240,2017-11-10,Maira Long,Hicksville,Sun Bicycles Cruz 7 - 2017,Comfort Bicycles,Sun Bicycles,2,416.99,0.1,Baldwin Bikes,Venita Daniel,750.582,2017,11
1240,2017-11-10,Maira Long,Hicksville,Electra Girl's Hawaii 1 (20-inch) - 2015/2016,Children Bicycles,Electra,2,299.99,0.05,Baldwin Bikes,Venita Daniel,569.981,2017,11
1240,2017-11-10,Maira Long,Hicksville,Electra Moto 1 - 2016,Cruisers Bicycles,Electra,2,529.99,0.2,Baldwin Bikes,Venita Daniel,847.984,2017,11
1240,2017-11-10,Maira Long,Hicksville,Electra Glam Punk 3i Ladies' - 2017,Cruisers Bicycles,Electra,2,799.99,0.05,Baldwin Bikes,Venita Daniel,1519.981,2017,11
1240,2017-11-10,Maira Long,Hicksville,Trek Emonda S 5 - 2017,Road Bikes,Trek,1,1999.99,0.05,Baldwin Bikes,Venita Daniel,1899.9904999999999,2017,11
1241,2017-11-10,Mechelle Chan,Richmond Hill,Electra Cruiser Lux 1 - 2017,Cruisers Bicycles,Electra,1,439.99,0.05,Baldwin Bikes,Venita Daniel,417.9905,2017,11
1241,2017-11-10,Mechelle Chan,Richmond Hill,Sun Bicycles Atlas X-Type - 2017,Cruisers Bicycles,Sun Bicycles,2,416.99,0.05,Baldwin Bikes,Venita Daniel,792.281,2017,11
1242,2017-11-11,Rolanda Larsen,Woodhaven,Haro Shredder Pro 20 - 2017,Children Bicycles,Haro,1,249.99,0.05,Baldwin Bikes,Marcelene Boyer,237.4905,2017,11
1242,2017-11-11,Rolanda Larsen,Woodhaven,Surly Big Dummy Frameset - 2017,Mountain Bikes,Surly,1,999.99,0.07,Baldwin Bikes,Marcelene Boyer,929.9907,2017,11
1242,2017-11-11,Rolanda Larsen,Woodhaven,Surly Straggler - 2016,Cyclocross Bicycles,Surly,1,1549.0,0.07,Baldwin Bikes,Marcelene Boyer,1440.57,2017,11
1242,2017-11-11,Rolanda Larsen,Woodhaven,Electra Amsterdam Original 3i - 2015/2017,Cruisers Bicycles,Electra,1,659.99,0.2,Baldwin Bikes,Marcelene Boyer,527.9920000000001,2017,11
1243,2017-11-11,Jacalyn Barnett,Maspeth,Haro SR 1.1 - 2017,Mountain Bikes,Haro,1,539.99,0.07,Baldwin Bikes,Marcelene Boyer,502.1907,2017,11
1244,2017-11-12,Ami Mcmahon,Sunnyside,Haro SR 1.2 - 2017,Mountain Bikes,Haro,1,869.99,0.2,Baldwin Bikes,Marcelene Boyer,695.9920000000001,2017,11
1244,2017-11-12,Ami Mcmahon,Sunnyside,Haro Flightline Two 26 Plus - 2017,Mountain Bikes,Haro,2,549.99,0.07,Baldwin Bikes,Marcelene Boyer,1022.9813999999999,2017,11
1244,2017-11-12,Ami Mcmahon,Sunnyside,Surly Wednesday Frameset - 2017,Mountain Bikes,Surly,1,469.99,0.07,Baldwin Bikes,Marcelene Boyer,437.09069999999997,2017,11
1244,2017-11-12,Ami Mcmahon,Sunnyside,Haro Flightline One ST - 2017,Mountain Bikes,Haro,2,379.99,0.1,Baldwin Bikes,Marcelene Boyer,683.9820000000001,2017,11
1245,2017-11-13,Junita Reese,Bay Shore,Electra Cruiser 1 (24-Inch) - 2016,Cruisers Bicycles,Electra,1,269.99,0.1,Baldwin Bikes,Venita Daniel,242.991,2017,11
1246,2017-11-13,Sharyn Brewer,Hollis,Sun Bicycles Biscayne Tandem CB - 2017,Cruisers Bicycles,Sun Bicycles,2,647.99,0.2,Baldwin Bikes,Venita Daniel,1036.784,2017,11
1246,2017-11-13,Sharyn Brewer,Hollis,Haro SR 1.3 - 2017,Mountain Bikes,Haro,1,1409.99,0.05,Baldwin Bikes,Venita Daniel,1339.4904999999999,2017,11
1246,2017-11-13,Sharyn Brewer,Hollis,Haro SR 1.2 - 2017,Mountain Bikes,Haro,2,869.99,0.07,Baldwin Bikes,Venita Daniel,1618.1814,2017,11
1247,2017-11-16,Daisy Ward,Pomona,Electra Moto 1 - 2016,Cruisers Bicycles,Electra,2,529.99,0.1,Santa Cruz Bikes,Mireya Copeland,953.9820000000001,2017,11
1247,2017-11-16,Daisy Ward,Pomona,Surly Karate Monkey 27.5+ Frameset - 2017,Mountain Bikes,Surly,2,2499.99,0.1,Santa Cruz Bikes,Mireya Copeland,4499.982,2017,11
1247,2017-11-16,Daisy Ward,Pomona,Electra Townie Original 7D EQ - 2016,Comfort Bicycles,Electra,1,599.99,0.05,Santa Cruz Bikes,Mireya Copeland,569.9905,2017,11
1248,2017-11-16,Lucile Manning,Campbell,Haro Shredder Pro 20 - 2017,Children Bicycles,Haro,2,249.99,0.05,Santa Cruz Bikes,Genna Serrano,474.981,2017,11
1248,2017-11-16,Lucile Manning,Campbell,Surly Wednesday Frameset - 2017,Mountain Bikes,Surly,2,469.99,0.1,Santa Cruz Bikes,Genna Serrano,845.9820000000001,2017,11
1248,2017-11-16,Lucile Manning,Campbell,Haro Shredder 20 - 2017,Children Bicycles,Haro,1,209.99,0.1,Santa Cruz Bikes,Genna Serrano,188.991,2017,11
1248,2017-11-16,Lucile Manning,Campbell,Electra Townie Original 21D - 2016,Cruisers Bicycles,Electra,1,549.99,0.05,Santa Cruz Bikes,Genna Serrano,522.4905,2017,11
1249,2017-11-17,Tajuana Rollins,Oswego,Trek Boone 7 - 2017,Cyclocross Bicycles,Trek,1,3499.99,0.05,Baldwin Bikes,Marcelene Boyer,3324.9904999999994,2017,11
1249,2017-11-17,Tajuana Rollins,Oswego,Sun Bicycles Streamway - 2017,Comfort Bicycles,Sun Bicycles,1,481.99,0.05,Baldwin Bikes,Marcelene Boyer,457.8905,2017,11
1249,2017-11-17,Tajuana Rollins,Oswego,Trek Powerfly 8 FS Plus - 2017,Electric Bikes,Trek,1,4999.99,0.2,Baldwin Bikes,Marcelene Boyer,3999.992,2017,11
1250,2017-11-17,Marcene Curtis,Yonkers,Sun Bicycles Biscayne Tandem CB - 2017,Cruisers Bicycles,Sun Bicycles,2,647.99,0.05,Baldwin Bikes,Marcelene Boyer,1231.181,2017,11
1250,2017-11-17,Marcene Curtis,Yonkers,Sun Bicycles Revolutions 24 - 2017,Cruisers Bicycles,Sun Bicycles,2,250.99,0.1,Baldwin Bikes,Marcelene Boyer,451.78200000000004,2017,11
1250,2017-11-17,Marcene Curtis,Yonkers,Electra Townie Original 7D EQ - Women's - 2016,Cruisers Bicycles,Electra,2,599.99,0.05,Baldwin Bikes,Marcelene Boyer,1139.981,2017,11
1250,2017-11-17,Marcene Curtis,Yonkers,Surly Ice Cream Truck Frameset - 2016,Mountain Bikes,Surly,2,469.99,0.1,Baldwin Bikes,Marcelene Boyer,845.9820000000001,2017,11
1251,2017-11-17,Charmain Webster,Richardson,Trek Fuel EX 9.8 29 - 2017,Mountain Bikes,Trek,2,4999.99,0.1,Rowlett Bikes,Layla Terrell,8999.982,2017,11
1251,2017-11-17,Charmain Webster,Richardson,Trek Domane SLR 6 Disc - 2017,Road Bikes,Trek,1,5499.99,0.07,Rowlett Bikes,Layla Terrell,5114.990699999999,2017,11
1251,2017-11-17,Charmain Webster,Richardson,Trek Slash 8 27.5 - 2016,Mountain Bikes,Trek,1,3999.99,0.07,Rowlett Bikes,Layla Terrell,3719.9906999999994,2017,11
1252,2017-11-18,Ollie Zimmerman,Anaheim,Sun Bicycles Boardwalk (24-inch Wheels) - 2017,Cruisers Bicycles,Sun Bicycles,1,402.99,0.2,Santa Cruz Bikes,Genna Serrano,322.39200000000005,2017,11
1252,2017-11-18,Ollie Zimmerman,Anaheim,Sun Bicycles Lil Kitt'n - 2017,Children Bicycles,Sun Bicycles,1,109.99,0.2,Santa Cruz Bikes,Genna Serrano,87.992,2017,11
1252,2017-11-18,Ollie Zimmerman,Anaheim,Trek Emonda S 5 - 2017,Road Bikes,Trek,2,1999.99,0.05,Santa Cruz Bikes,Genna Serrano,3799.9809999999998,2017,11
1253,2017-11-18,Onita Johns,Elmont,Electra Townie Original 7D - 2015/2016,Comfort Bicycles,Electra,2,499.99,0.1,Baldwin Bikes,Marcelene Boyer,899.9820000000001,2017,11
1253,2017-11-18,Onita Johns,Elmont,Electra Cruiser 1 (24-Inch) - 2016,Children Bicycles,Electra,1,269.99,0.07,Baldwin Bikes,Marcelene Boyer,251.0907,2017,11
1253,2017-11-18,Onita Johns,Elmont,Trek Precaliber 12 Girls - 2017,Children Bicycles,Trek,1,189.99,0.2,Baldwin Bikes,Marcelene Boyer,151.99200000000002,2017,11
1254,2017-11-18,Treasa Dickerson,Rockville Centre,Sun Bicycles Brickell Tandem CB - 2017,Cruisers Bicycles,Sun Bicycles,1,761.99,0.2,Baldwin Bikes,Venita Daniel,609.592,2017,11
1254,2017-11-18,Treasa Dickerson,Rockville Centre,Trek Precaliber 24 (21-Speed) - Girls - 2017,Children Bicycles,Trek,1,349.99,0.2,Baldwin Bikes,Venita Daniel,279.992,2017,11
1255,2017-11-19,Yan Trevino,Uniondale,Trek Fuel EX 9.8 27.5 Plus - 2017,Mountain Bikes,Trek,2,5299.99,0.2,Baldwin Bikes,Marcelene Boyer,8479.984,2017,11
1255,2017-11-19,Yan Trevino,Uniondale,Surly Ogre Frameset - 2017,Road Bikes,Surly,1,749.99,0.05,Baldwin Bikes,Marcelene Boyer,712.4905,2017,11
1255,2017-11-19,Yan Trevino,Uniondale,Electra Girl's Hawaii 1 (16-inch) - 2015/2016,Cruisers Bicycles,Electra,2,269.99,0.2,Baldwin Bikes,Marcelene Boyer,431.98400000000004,2017,11
1255,2017-11-19,Yan Trevino,Uniondale,Electra Townie Original 7D EQ - 2016,Comfort Bicycles,Electra,2,599.99,0.05,Baldwin Bikes,Marcelene Boyer,1139.981,2017,11
1255,2017-11-19,Yan Trevino,Uniondale,Electra Amsterdam Original 3i Ladies' - 2017,Cruisers Bicycles,Electra,1,659.99,0.05,Baldwin Bikes,Marcelene Boyer,626.9905,2017,11
1256,2017-11-19,Everett Vega,Holbrook,Haro SR 1.1 - 2017,Mountain Bikes,Haro,2,539.99,0.2,Baldwin Bikes,Marcelene Boyer,863.984,2017,11
1256,2017-11-19,Everett Vega,Holbrook,Electra Townie 3i EQ (20-inch) - Boys' - 2017,Children Bicycles,Electra,1,489.99,0.1,Baldwin Bikes,Marcelene Boyer,440.99100000000004,2017,11
1257,2017-11-19,Kallie Best,Rochester,Surly Ice Cream Truck Frameset - 2017,Mountain Bikes,Surly,2,999.99,0.05,Baldwin Bikes,Venita Daniel,1899.981,2017,11
1257,2017-11-19,Kallie Best,Rochester,Trek Powerfly 8 FS Plus - 2017,Electric Bikes,Trek,1,4999.99,0.05,Baldwin Bikes,Venita Daniel,4749.9905,2017,11
1257,2017-11-19,Kallie Best,Rochester,Pure Cycles Vine 8-Speed - 2016,Cruisers Bicycles,Pure Cycles,2,429.0,0.1,Baldwin Bikes,Venita Daniel,772.2,2017,11
1257,2017-11-19,Kallie Best,Rochester,Haro Shift R3 - 2017,Mountain Bikes,Haro,1,1469.99,0.05,Baldwin Bikes,Venita Daniel,1396.4904999999999,2017,11
1257,2017-11-19,Kallie Best,Rochester,Trek Fuel EX 8 29 - 2016,Mountain Bikes,Trek,1,2899.99,0.1,Baldwin Bikes,Venita Daniel,2609.991,2017,11
1258,2017-11-20,Jewell Reyes,Jackson Heights,Haro Shredder Pro 20 - 2017,Children Bicycles,Haro,2,249.99,0.1,Baldwin Bikes,Venita Daniel,449.982,2017,11
1258,2017-11-20,Jewell Reyes,Jackson Heights,Electra Sugar Skulls 1 (20-inch) - Girl's - 2017,Children Bicycles,Electra,2,299.99,0.05,Baldwin Bikes,Venita Daniel,569.981,2017,11
1259,2017-11-21,Daryl Spence,Uniondale,Sun Bicycles ElectroLite - 2017,Electric Bikes,Sun Bicycles,1,1559.99,0.1,Baldwin Bikes,Venita Daniel,1403.991,2017,11
1259,2017-11-21,Daryl Spence,Uniondale,Pure Cycles William 3-Speed - 2016,Cruisers Bicycles,Pure Cycles,1,449.0,0.2,Baldwin Bikes,Venita Daniel,359.20000000000005,2017,11
1260,2017-11-22,Jeffrey Hill,Rosedale,Trek Remedy 29 Carbon Frameset - 2016,Mountain Bikes,Trek,1,1799.99,0.1,Baldwin Bikes,Marcelene Boyer,1619.991,2017,11
1260,2017-11-22,Jeffrey Hill,Rosedale,Sun Bicycles Revolutions 24 - 2017,Cruisers Bicycles,Sun Bicycles,1,250.99,0.1,Baldwin Bikes,Marcelene Boyer,225.89100000000002,2017,11
1261,2017-11-23,Izola Hobbs,Woodhaven,Sun Bicycles Brickell Tandem 7 - 2017,Cruisers Bicycles,Sun Bicycles,1,749.99,0.2,Baldwin Bikes,Venita Daniel,599.9920000000001,2017,11
1261,2017-11-23,Izola Hobbs,Woodhaven,Trek Precaliber 12 Girls - 2017,Children Bicycles,Trek,2,189.99,0.2,Baldwin Bikes,Venita Daniel,303.98400000000004,2017,11
1261,2017-11-23,Izola Hobbs,Woodhaven,Electra Townie 3i EQ (20-inch) - Boys' - 2017,Children Bicycles,Electra,1,489.99,0.05,Baldwin Bikes,Venita Daniel,465.4905,2017,11
1261,2017-11-23,Izola Hobbs,Woodhaven,Trek Fuel EX 5 27.5 Plus - 2017,Mountain Bikes,Trek,1,2299.99,0.1,Baldwin Bikes,Venita Daniel,2069.991,2017,11
1262,2017-11-23,Terra Pickett,Amsterdam,Haro Flightline One ST - 2017,Mountain Bikes,Haro,1,379.99,0.07,Baldwin Bikes,Marcelene Boyer,353.3907,2017,11
1262,2017-11-23,Terra Pickett,Amsterdam,Surly Steamroller - 2017,Road Bikes,Surly,1,875.99,0.05,Baldwin Bikes,Marcelene Boyer,832.1904999999999,2017,11
1262,2017-11-23,Terra Pickett,Amsterdam,Trek Fuel EX 9.8 27.5 Plus - 2017,Mountain Bikes,Trek,2,5299.99,0.07,Baldwin Bikes,Marcelene Boyer,9857.981399999999,2017,11
1262,2017-11-23,Terra Pickett,Amsterdam,Electra Glam Punk 3i Ladies' - 2017,Cruisers Bicycles,Electra,1,799.99,0.07,Baldwin Bikes,Marcelene Boyer,743.9907,2017,11
1263,2017-11-23,Eleanor Mendez,Port Chester,Haro SR 1.2 - 2017,Mountain Bikes,Haro,1,869.99,0.2,Baldwin Bikes,Marcelene Boyer,695.9920000000001,2017,11
1263,2017-11-23,Eleanor Mendez,Port Chester,Trek Boone 7 - 2017,Cyclocross Bicycles,Trek,1,3499.99,0.05,Baldwin Bikes,Marcelene Boyer,3324.9904999999994,2017,11
1263,2017-11-23,Eleanor Mendez,Port Chester,Pure Cycles William 3-Speed - 2016,Cruisers Bicycles,Pure Cycles,2,449.0,0.1,Baldwin Bikes,Marcelene Boyer,808.2,2017,11
1264,2017-11-24,Eliana Silva,Farmingdale,Electra Townie 7D (20-inch) - Boys' - 2017,Children Bicycles,Electra,1,339.99,0.07,Baldwin Bikes,Marcelene Boyer,316.1907,2017,11
1264,2017-11-24,Eliana Silva,Farmingdale,Electra Glam Punk 3i Ladies' - 2017,Cruisers Bicycles,Electra,2,799.99,0.07,Baldwin Bikes,Marcelene Boyer,1487.9814,2017,11
1264,2017-11-24,Eliana Silva,Farmingdale,Trek X-Caliber 8 - 2017,Mountain Bikes,Trek,2,999.99,0.2,Baldwin Bikes,Marcelene Boyer,1599.9840000000002,2017,11
1264,2017-11-24,Eliana Silva,Farmingdale,Surly Steamroller - 2017,Road Bikes,Surly,1,875.99,0.05,Baldwin Bikes,Marcelene Boyer,832.1904999999999,2017,11
1265,2017-11-24,Verna Solis,Rochester,Haro Shift R3 - 2017,Mountain Bikes,Haro,2,1469.99,0.1,Baldwin Bikes,Venita Daniel,2645.982,2017,11
1265,2017-11-24,Verna Solis,Rochester,Sun Bicycles Biscayne Tandem 7 - 2017,Cruisers Bicycles,Sun Bicycles,2,619.99,0.07,Baldwin Bikes,Venita Daniel,1153.1814,2017,11
1266,2017-11-25,Kaila Walters,Elmhurst,Trek Precaliber 16 Girls - 2017,Children Bicycles,Trek,1,209.99,0.2,Baldwin Bikes,Marcelene Boyer,167.99200000000002,2017,11
1266,2017-11-25,Kaila Walters,Elmhurst,Trek Emonda S 4 - 2017,Road Bikes,Trek,1,1499.99,0.2,Baldwin Bikes,Marcelene Boyer,1199.992,2017,11
1267,2017-11-25,Clare Neal,Mahopac,Haro SR 1.2 - 2017,Mountain Bikes,Haro,1,869.99,0.1,Baldwin Bikes,Marcelene Boyer,782.991,2017,11
1267,2017-11-25,Clare Neal,Mahopac,Surly Big Dummy Frameset - 2017,Mountain Bikes,Surly,1,999.99,0.07,Baldwin Bikes,Marcelene Boyer,929.9907,2017,11
1267,2017-11-25,Clare Neal,Mahopac,Sun Bicycles Cruz 3 - Women's - 2017,Comfort Bicycles,Sun Bicycles,1,449.99,0.2,Baldwin Bikes,Marcelene Boyer,359.992,2017,11
1267,2017-11-25,Clare Neal,Mahopac,"Electra Girl's Hawaii 1 16"" - 2017",Children Bicycles,Electra,1,299.99,0.05,Baldwin Bikes,Marcelene Boyer,284.9905,2017,11
1268,2017-11-26,Nenita Mooney,Lawndale,Sun Bicycles Cruz 3 - 2017,Cruisers Bicycles,Sun Bicycles,2,449.99,0.07,Santa Cruz Bikes,Genna Serrano,836.9814,2017,11
1268,2017-11-26,Nenita Mooney,Lawndale,Trek Precaliber 12 Boys - 2017,Children Bicycles,Trek,2,189.99,0.07,Santa Cruz Bikes,Genna Serrano,353.3814,2017,11
1268,2017-11-26,Nenita Mooney,Lawndale,Trek Domane S 5 Disc - 2017,Road Bikes,Trek,2,2599.99,0.2,Santa Cruz Bikes,Genna Serrano,4159.9839999999995,2017,11
1268,2017-11-26,Nenita Mooney,Lawndale,Electra Townie 3i EQ (20-inch) - Boys' - 2017,Children Bicycles,Electra,1,489.99,0.07,Santa Cruz Bikes,Genna Serrano,455.6907,2017,11
1269,2017-11-26,Rudolph Velez,Mount Vernon,Trek Fuel EX 8 29 - 2016,Mountain Bikes,Trek,2,2899.99,0.2,Baldwin Bikes,Marcelene Boyer,4639.9839999999995,2017,11
1269,2017-11-26,Rudolph Velez,Mount Vernon,Trek Slash 8 27.5 - 2016,Mountain Bikes,Trek,1,3999.99,0.2,Baldwin Bikes,Marcelene Boyer,3199.992,2017,11
1269,2017-11-26,Rudolph Velez,Mount Vernon,Sun Bicycles Drifter 7 - Women's - 2017,Comfort Bicycles,Sun Bicycles,1,470.99,0.1,Baldwin Bikes,Marcelene Boyer,423.891,2017,11
1270,2017-11-26,Nanette Harris,East Meadow,Trek Domane SL Disc Frameset - 2017,Road Bikes,Trek,1,3199.99,0.2,Baldwin Bikes,Marcelene Boyer,2559.992,2017,11
1271,2017-11-27,Alina Mcleod,Patchogue,Electra Townie Original 7D - 2015/2016,Comfort Bicycles,Electra,2,499.99,0.1,Baldwin Bikes,Marcelene Boyer,899.9820000000001,2017,11
1271,2017-11-27,Alina Mcleod,Patchogue,Trek Silque SLR 7 Women's - 2017,Road Bikes,Trek,2,5999.99,0.07,Baldwin Bikes,Marcelene Boyer,11159.981399999999,2017,11
1271,2017-11-27,Alina Mcleod,Patchogue,Trek Precaliber 12 Boys - 2017,Children Bicycles,Trek,2,189.99,0.07,Baldwin Bikes,Marcelene Boyer,353.3814,2017,11
1271,2017-11-27,Alina Mcleod,Patchogue,Trek Farley Alloy Frameset - 2017,Mountain Bikes,Trek,2,469.99,0.07,Baldwin Bikes,Marcelene Boyer,874.1813999999999,2017,11
1272,2017-11-27,Genevie Miles,Monroe,Electra Townie Original 7D EQ - 2016,Cruisers Bicycles,Electra,2,599.99,0.2,Baldwin Bikes,Marcelene Boyer,959.984,2017,11
1272,2017-11-27,Genevie Miles,Monroe,Sun Bicycles Atlas X-Type - 2017,Cruisers Bicycles,Sun Bicycles,2,416.99,0.1,Baldwin Bikes,Marcelene Boyer,750.582,2017,11
1272,2017-11-27,Genevie Miles,Monroe,Trek Girl's Kickster - 2017,Children Bicycles,Trek,1,149.99,0.07,Baldwin Bikes,Marcelene Boyer,139.4907,2017,11
1273,2017-11-27,Sung Chambers,Kingston,"Electra Girl's Hawaii 1 16"" - 2017",Children Bicycles,Electra,2,299.99,0.07,Baldwin Bikes,Marcelene Boyer,557.9814,2017,11
1273,2017-11-27,Sung Chambers,Kingston,Electra Townie Original 7D EQ - Women's - 2016,Cruisers Bicycles,Electra,1,599.99,0.07,Baldwin Bikes,Marcelene Boyer,557.9907,2017,11
1273,2017-11-27,Sung Chambers,Kingston,Trek Madone 9.2 - 2017,Road Bikes,Trek,1,4999.99,0.2,Baldwin Bikes,Marcelene Boyer,3999.992,2017,11
1274,2017-11-28,Grisel Maynard,Ballston Spa,Electra Amsterdam Fashion 7i Ladies' - 2017,Cruisers Bicycles,Electra,1,1099.99,0.1,Baldwin Bikes,Venita Daniel,989.991,2017,11
1275,2017-11-29,Jeromy Burch,San Jose,Trek Madone 9.2 - 2017,Road Bikes,Trek,1,4999.99,0.07,Santa Cruz Bikes,Mireya Copeland,4649.990699999999,2017,11
1275,2017-11-29,Jeromy Burch,San Jose,Surly Ice Cream Truck Frameset - 2017,Mountain Bikes,Surly,1,999.99,0.1,Santa Cruz Bikes,Mireya Copeland,899.991,2017,11
1276,2017-11-30,Letty Cobb,Depew,Pure Cycles Western 3-Speed - Women's - 2015/2016,Cruisers Bicycles,Pure Cycles,2,449.0,0.2,Baldwin Bikes,Marcelene Boyer,718.4000000000001,2017,11
1276,2017-11-30,Letty Cobb,Depew,Trek Madone 9.2 - 2017,Road Bikes,Trek,1,4999.99,0.2,Baldwin Bikes,Marcelene Boyer,3999.992,2017,11
1276,2017-11-30,Letty Cobb,Depew,Trek Fuel EX 5 27.5 Plus - 2017,Mountain Bikes,Trek,1,2299.99,0.05,Baldwin Bikes,Marcelene Boyer,2184.9905,2017,11
1276,2017-11-30,Letty Cobb,Depew,Electra Townie Original 21D - 2016,Comfort Bicycles,Electra,2,549.99,0.2,Baldwin Bikes,Marcelene Boyer,879.984,2017,11
1276,2017-11-30,Letty Cobb,Depew,Sun Bicycles Biscayne Tandem CB - 2017,Cruisers Bicycles,Sun Bicycles,2,647.99,0.2,Baldwin Bikes,Marcelene Boyer,1036.784,2017,11
1277,2017-12-01,Danielle Bond,Patchogue,Trek Domane SLR 6 Disc - 2017,Road Bikes,Trek,2,5499.99,0.2,Baldwin Bikes,Marcelene Boyer,8799.984,2017,12
1277,2017-12-01,Danielle Bond,Patchogue,Haro Shredder 20 Girls - 2017,Children Bicycles,Haro,2,209.99,0.05,Baldwin Bikes,Marcelene Boyer,398.981,2017,12
1277,2017-12-01,Danielle Bond,Patchogue,Trek Conduit+ - 2016,Electric Bikes,Trek,2,2999.99,0.1,Baldwin Bikes,Marcelene Boyer,5399.982,2017,12
1277,2017-12-01,Danielle Bond,Patchogue,Trek Fuel EX 8 29 - 2016,Mountain Bikes,Trek,1,2899.99,0.1,Baldwin Bikes,Marcelene Boyer,2609.991,2017,12
1277,2017-12-01,Danielle Bond,Patchogue,Surly Straggler 650b - 2016,Cyclocross Bicycles,Surly,1,1680.99,0.2,Baldwin Bikes,Marcelene Boyer,1344.7920000000001,2017,12
1278,2017-12-01,Carter Booth,Port Chester,Sun Bicycles Streamway 3 - 2017,Comfort Bicycles,Sun Bicycles,2,551.99,0.1,Baldwin Bikes,Venita Daniel,993.582,2017,12
1278,2017-12-01,Carter Booth,Port Chester,Trek Farley Alloy Frameset - 2017,Mountain Bikes,Trek,1,469.99,0.1,Baldwin Bikes,Venita Daniel,422.99100000000004,2017,12
1279,2017-12-01,Ling Newman,South Richmond Hill,Trek Conduit+ - 2016,Electric Bikes,Trek,2,2999.99,0.05,Baldwin Bikes,Marcelene Boyer,5699.981,2017,12
1280,2017-12-01,Robena Hill,Corpus Christi,Sun Bicycles Biscayne Tandem 7 - 2017,Cruisers Bicycles,Sun Bicycles,2,619.99,0.07,Rowlett Bikes,Layla Terrell,1153.1814,2017,12
1280,2017-12-01,Robena Hill,Corpus Christi,Electra Cruiser Lux 1 - 2017,Cruisers Bicycles,Electra,1,439.99,0.05,Rowlett Bikes,Layla Terrell,417.9905,2017,12
1280,2017-12-01,Robena Hill,Corpus Christi,Surly Steamroller - 2017,Road Bikes,Surly,1,875.99,0.07,Rowlett Bikes,Layla Terrell,814.6707,2017,12
1280,2017-12-01,Robena Hill,Corpus Christi,Trek Boone Race Shop Limited - 2017,Cyclocross Bicycles,Trek,1,3499.99,0.2,Rowlett Bikes,Layla Terrell,2799.992,2017,12
1281,2017-12-02,Tommie Cooley,Lancaster,Surly Troll Frameset - 2017,Mountain Bikes,Surly,1,832.99,0.05,Baldwin Bikes,Marcelene Boyer,791.3405,2017,12
1281,2017-12-02,Tommie Cooley,Lancaster,Trek Domane SL 6 - 2017,Road Bikes,Trek,2,3499.99,0.05,Baldwin Bikes,Marcelene Boyer,6649.980999999999,2017,12
1281,2017-12-02,Tommie Cooley,Lancaster,Electra Cruiser Lux Fat Tire 1 Ladies - 2017,Cruisers Bicycles,Electra,1,599.99,0.05,Baldwin Bikes,Marcelene Boyer,569.9905,2017,12
1282,2017-12-03,Aron Wiggins,Oceanside,Sun Bicycles Drifter 7 - Women's - 2017,Comfort Bicycles,Sun Bicycles,1,470.99,0.05,Baldwin Bikes,Marcelene Boyer,447.4405,2017,12
1282,2017-12-03,Aron Wiggins,Oceanside,Trek Silque SLR 7 Women's - 2017,Road Bikes,Trek,2,5999.99,0.2,Baldwin Bikes,Marcelene Boyer,9599.984,2017,12
1283,2017-12-04,Teofila Fischer,Huntington Station,Trek Powerfly 8 FS Plus - 2017,Electric Bikes,Trek,2,4999.99,0.05,Baldwin Bikes,Venita Daniel,9499.981,2017,12
1283,2017-12-04,Teofila Fischer,Huntington Station,Electra Amsterdam Fashion 7i Ladies' - 2017,Cruisers Bicycles,Electra,1,1099.99,0.2,Baldwin Bikes,Venita Daniel,879.9920000000001,2017,12
1283,2017-12-04,Teofila Fischer,Huntington Station,Trek Slash 8 27.5 - 2016,Mountain Bikes,Trek,1,3999.99,0.1,Baldwin Bikes,Venita Daniel,3599.991,2017,12
1283,2017-12-04,Teofila Fischer,Huntington Station,Trek Farley Alloy Frameset - 2017,Mountain Bikes,Trek,1,469.99,0.1,Baldwin Bikes,Venita Daniel,422.99100000000004,2017,12
1283,2017-12-04,Teofila Fischer,Huntington Station,Surly Straggler 650b - 2016,Cyclocross Bicycles,Surly,1,1680.99,0.2,Baldwin Bikes,Venita Daniel,1344.7920000000001,2017,12
1284,2017-12-04,Terrance Lynn,Plattsburgh,Electra Townie 7D (20-inch) - Boys' - 2017,Children Bicycles,Electra,1,339.99,0.07,Baldwin Bikes,Venita Daniel,316.1907,2017,12
1284,2017-12-04,Terrance Lynn,Plattsburgh,Trek Remedy 29 Carbon Frameset - 2016,Mountain Bikes,Trek,1,1799.99,0.05,Baldwin Bikes,Venita Daniel,1709.9904999999999,2017,12
1284,2017-12-04,Terrance Lynn,Plattsburgh,Trek Fuel EX 8 29 - 2016,Mountain Bikes,Trek,2,2899.99,0.05,Baldwin Bikes,Venita Daniel,5509.981,2017,12
1285,2017-12-04,Rubin Decker,Buffalo,Sun Bicycles Biscayne Tandem CB - 2017,Cruisers Bicycles,Sun Bicycles,2,647.99,0.07,Baldwin Bikes,Venita Daniel,1205.2613999999999,2017,12
1285,2017-12-04,Rubin Decker,Buffalo,Haro Shredder 20 Girls - 2017,Children Bicycles,Haro,1,209.99,0.1,Baldwin Bikes,Venita Daniel,188.991,2017,12
1285,2017-12-04,Rubin Decker,Buffalo,Sun Bicycles Cruz 7 - 2017,Cruisers Bicycles,Sun Bicycles,2,416.99,0.2,Baldwin Bikes,Venita Daniel,667.1840000000001,2017,12
1285,2017-12-04,Rubin Decker,Buffalo,Surly Ice Cream Truck Frameset - 2016,Mountain Bikes,Surly,1,469.99,0.1,Baldwin Bikes,Venita Daniel,422.99100000000004,2017,12
1286,2017-12-04,Jeannette Skinner,Forest Hills,Sun Bicycles Cruz 7 - Women's - 2017,Comfort Bicycles,Sun Bicycles,2,416.99,0.2,Baldwin Bikes,Venita Daniel,667.1840000000001,2017,12
1286,2017-12-04,Jeannette Skinner,Forest Hills,Electra Amsterdam Fashion 7i Ladies' - 2017,Cruisers Bicycles,Electra,2,1099.99,0.07,Baldwin Bikes,Venita Daniel,2045.9814,2017,12
1286,2017-12-04,Jeannette Skinner,Forest Hills,Trek Precaliber 12 Boys - 2017,Children Bicycles,Trek,1,189.99,0.07,Baldwin Bikes,Venita Daniel,176.6907,2017,12
1287,2017-12-07,Justina Long,South El Monte,Surly Big Dummy Frameset - 2017,Mountain Bikes,Surly,2,999.99,0.2,Santa Cruz Bikes,Genna Serrano,1599.9840000000002,2017,12
1287,2017-12-07,Justina Long,South El Monte,Trek Boone 7 - 2017,Cyclocross Bicycles,Trek,2,3499.99,0.1,Santa Cruz Bikes,Genna Serrano,6299.982,2017,12
1287,2017-12-07,Justina Long,South El Monte,Sun Bicycles Streamway 3 - 2017,Comfort Bicycles,Sun Bicycles,1,551.99,0.1,Santa Cruz Bikes,Genna Serrano,496.791,2017,12
1287,2017-12-07,Justina Long,South El Monte,Electra Townie 3i EQ (20-inch) - Boys' - 2017,Children Bicycles,Electra,2,489.99,0.05,Santa Cruz Bikes,Genna Serrano,930.981,2017,12
1288,2017-12-07,Corrinne Garrison,Victoria,Sun Bicycles Brickell Tandem 7 - 2017,Cruisers Bicycles,Sun Bicycles,1,749.99,0.2,Rowlett Bikes,Layla Terrell,599.9920000000001,2017,12
1288,2017-12-07,Corrinne Garrison,Victoria,Electra Townie Original 7D - 2017,Cruisers Bicycles,Electra,2,489.99,0.2,Rowlett Bikes,Layla Terrell,783.984,2017,12
1288,2017-12-07,Corrinne Garrison,Victoria,Trek Boone 7 - 2017,Cyclocross Bicycles,Trek,2,3499.99,0.1,Rowlett Bikes,Layla Terrell,6299.982,2017,12
1288,2017-12-07,Corrinne Garrison,Victoria,Pure Cycles Vine 8-Speed - 2016,Cruisers Bicycles,Pure Cycles,2,429.0,0.07,Rowlett Bikes,Layla Terrell,797.9399999999999,2017,12
1289,2017-12-08,Lakenya Oliver,San Lorenzo,Trek Precaliber 16 Boys - 2017,Children Bicycles,Trek,1,209.99,0.05,Santa Cruz Bikes,Genna Serrano,199.4905,2017,12
1289,2017-12-08,Lakenya Oliver,San Lorenzo,Surly Wednesday Frameset - 2016,Mountain Bikes,Surly,1,999.99,0.1,Santa Cruz Bikes,Genna Serrano,899.991,2017,12
1290,2017-12-08,Laurette Hebert,Canandaigua,Electra Cruiser Lux Fat Tire 1 Ladies - 2017,Cruisers Bicycles,Electra,2,599.99,0.05,Baldwin Bikes,Marcelene Boyer,1139.981,2017,12
1290,2017-12-08,Laurette Hebert,Canandaigua,Surly Troll Frameset - 2017,Mountain Bikes,Surly,1,832.99,0.05,Baldwin Bikes,Marcelene Boyer,791.3405,2017,12
1290,2017-12-08,Laurette Hebert,Canandaigua,Haro Shredder 20 - 2017,Children Bicycles,Haro,2,209.99,0.1,Baldwin Bikes,Marcelene Boyer,377.982,2017,12
1291,2017-12-09,Shanice Spears,Brooklyn,Trek Emonda S 5 - 2017,Road Bikes,Trek,1,1999.99,0.1,Baldwin Bikes,Marcelene Boyer,1799.991,2017,12
1291,2017-12-09,Shanice Spears,Brooklyn,Trek Madone 9.2 - 2017,Road Bikes,Trek,2,4999.99,0.05,Baldwin Bikes,Marcelene Boyer,9499.981,2017,12
1292,2017-12-10,Leola Gould,Astoria,Electra Amsterdam Original 3i - 2015/2017,Cruisers Bicycles,Electra,1,659.99,0.07,Baldwin Bikes,Marcelene Boyer,613.7907,2017,12
1293,2017-12-10,Willetta Murphy,East Elmhurst,Trek Precaliber 12 Girls - 2017,Children Bicycles,Trek,2,189.99,0.1,Baldwin Bikes,Venita Daniel,341.982,2017,12
1293,2017-12-10,Willetta Murphy,East Elmhurst,Electra Cruiser Lux 1 - 2017,Cruisers Bicycles,Electra,2,439.99,0.05,Baldwin Bikes,Venita Daniel,835.981,2017,12
1293,2017-12-10,Willetta Murphy,East Elmhurst,Haro Flightline Two 26 Plus - 2017,Mountain Bikes,Haro,2,549.99,0.07,Baldwin Bikes,Venita Daniel,1022.9813999999999,2017,12
1294,2017-12-11,Angele Castro,Palos Verdes Peninsula,"Electra Girl's Hawaii 1 16"" - 2017",Children Bicycles,Electra,2,299.99,0.05,Santa Cruz Bikes,Mireya Copeland,569.981,2017,12
1294,2017-12-11,Angele Castro,Palos Verdes Peninsula,Haro SR 1.1 - 2017,Mountain Bikes,Haro,1,539.99,0.05,Santa Cruz Bikes,Mireya Copeland,512.9905,2017,12
1295,2017-12-11,Melia Brady,Maspeth,Heller Shagamaw Frame - 2016,Mountain Bikes,Heller,2,1320.99,0.2,Baldwin Bikes,Venita Daniel,2113.5840000000003,2017,12
1295,2017-12-11,Melia Brady,Maspeth,Trek Powerfly 8 FS Plus - 2017,Electric Bikes,Trek,1,4999.99,0.2,Baldwin Bikes,Venita Daniel,3999.992,2017,12
1295,2017-12-11,Melia Brady,Maspeth,Surly Steamroller - 2017,Road Bikes,Surly,1,875.99,0.05,Baldwin Bikes,Venita Daniel,832.1904999999999,2017,12
1296,2017-12-14,Jenee Rasmussen,Sacramento,Electra Townie Original 7D - 2015/2016,Comfort Bicycles,Electra,2,499.99,0.05,Santa Cruz Bikes,Genna Serrano,949.981,2017,12
1296,2017-12-14,Jenee Rasmussen,Sacramento,Trek Precaliber 16 Girls - 2017,Children Bicycles,Trek,1,209.99,0.1,Santa Cruz Bikes,Genna Serrano,188.991,2017,12
1296,2017-12-14,Jenee Rasmussen,Sacramento,Electra Townie Original 7D EQ - 2016,Cruisers Bicycles,Electra,1,599.99,0.05,Santa Cruz Bikes,Genna Serrano,569.9905,2017,12
1296,2017-12-14,Jenee Rasmussen,Sacramento,Ritchey Timberwolf Frameset - 2016,Mountain Bikes,Ritchey,2,749.99,0.1,Santa Cruz Bikes,Genna Serrano,1349.982,2017,12
1297,2017-12-14,Shae Hickman,Floral Park,Sun Bicycles Streamway - 2017,Comfort Bicycles,Sun Bicycles,2,481.99,0.07,Baldwin Bikes,Marcelene Boyer,896.5014,2017,12
1297,2017-12-14,Shae Hickman,Floral Park,Trek Fuel EX 9.8 27.5 Plus - 2017,Mountain Bikes,Trek,1,5299.99,0.05,Baldwin Bikes,Marcelene Boyer,5034.9905,2017,12
1297,2017-12-14,Shae Hickman,Floral Park,Trek Silque SLR 8 Women's - 2017,Road Bikes,Trek,2,6499.99,0.05,Baldwin Bikes,Marcelene Boyer,12349.981,2017,12
1298,2017-12-14,Garret Clay,Corpus Christi,Trek Domane S 5 Disc - 2017,Road Bikes,Trek,1,2599.99,0.05,Rowlett Bikes,Layla Terrell,2469.9905,2017,12
1298,2017-12-14,Garret Clay,Corpus Christi,Sun Bicycles Drifter 7 - 2017,Comfort Bicycles,Sun Bicycles,2,470.99,0.07,Rowlett Bikes,Layla Terrell,876.0414,2017,12
1299,2017-12-15,Elvina Gates,Pleasanton,Electra Girl's Hawaii 1 (16-inch) - 2015/2016,Cruisers Bicycles,Electra,2,269.99,0.1,Santa Cruz Bikes,Mireya Copeland,485.982,2017,12
1299,2017-12-15,Elvina Gates,Pleasanton,Electra Townie 7D (20-inch) - Boys' - 2017,Children Bicycles,Electra,1,339.99,0.05,Santa Cruz Bikes,Mireya Copeland,322.9905,2017,12
1299,2017-12-15,Elvina Gates,Pleasanton,Electra Cruiser Lux Fat Tire 1 Ladies - 2017,Cruisers Bicycles,Electra,1,599.99,0.05,Santa Cruz Bikes,Mireya Copeland,569.9905,2017,12
1299,2017-12-15,Elvina Gates,Pleasanton,Surly Steamroller - 2017,Road Bikes,Surly,2,875.99,0.2,Santa Cruz Bikes,Mireya Copeland,1401.584,2017,12
1300,2017-12-15,Veronika Rollins,Webster,Electra Townie 7D (20-inch) - Boys' - 2017,Children Bicycles,Electra,2,339.99,0.07,Baldwin Bikes,Marcelene Boyer,632.3814,2017,12
1300,2017-12-15,Veronika Rollins,Webster,Trek Madone 9.2 - 2017,Road Bikes,Trek,2,4999.99,0.05,Baldwin Bikes,Marcelene Boyer,9499.981,2017,12
1301,2017-12-16,Jane Henderson,Apple Valley,Haro SR 1.2 - 2017,Mountain Bikes,Haro,2,869.99,0.2,Santa Cruz Bikes,Genna Serrano,1391.9840000000002,2017,12
1301,2017-12-16,Jane Henderson,Apple Valley,Sun Bicycles Streamway 7 - 2017,Comfort Bicycles,Sun Bicycles,2,533.99,0.1,Santa Cruz Bikes,Genna Serrano,961.182,2017,12
1301,2017-12-16,Jane Henderson,Apple Valley,Trek Remedy 29 Carbon Frameset - 2016,Mountain Bikes,Trek,1,1799.99,0.2,Santa Cruz Bikes,Genna Serrano,1439.9920000000002,2017,12
1302,2017-12-16,Merideth Preston,Poughkeepsie,Haro Flightline Two 26 Plus - 2017,Mountain Bikes,Haro,1,549.99,0.05,Baldwin Bikes,Venita Daniel,522.4905,2017,12
1302,2017-12-16,Merideth Preston,Poughkeepsie,Electra Townie Original 7D EQ - Women's - 2016,Cruisers Bicycles,Electra,2,599.99,0.1,Baldwin Bikes,Venita Daniel,1079.982,2017,12
1302,2017-12-16,Merideth Preston,Poughkeepsie,Trek Domane SLR 6 Disc - 2017,Road Bikes,Trek,2,5499.99,0.07,Baldwin Bikes,Venita Daniel,10229.981399999999,2017,12
1303,2017-12-16,Melodie Melton,Smithtown,Electra Moto 3i (20-inch) - Boy's - 2017,Children Bicycles,Electra,1,349.99,0.1,Baldwin Bikes,Venita Daniel,314.99100000000004,2017,12
1303,2017-12-16,Melodie Melton,Smithtown,Trek Boone Race Shop Limited - 2017,Cyclocross Bicycles,Trek,2,3499.99,0.2,Baldwin Bikes,Venita Daniel,5599.984,2017,12
1303,2017-12-16,Melodie Melton,Smithtown,Sun Bicycles Cruz 3 - Women's - 2017,Comfort Bicycles,Sun Bicycles,1,449.99,0.1,Baldwin Bikes,Venita Daniel,404.99100000000004,2017,12
1303,2017-12-16,Melodie Melton,Smithtown,Sun Bicycles Brickell Tandem 7 - 2017,Cruisers Bicycles,Sun Bicycles,1,749.99,0.1,Baldwin Bikes,Venita Daniel,674.991,2017,12
1303,2017-12-16,Melodie Melton,Smithtown,Electra Townie Original 21D - 2016,Comfort Bicycles,Electra,2,549.99,0.1,Baldwin Bikes,Venita Daniel,989.9820000000001,2017,12
1304,2017-12-16,Lamar Bush,Buffalo,Sun Bicycles Brickell Tandem CB - 2017,Cruisers Bicycles,Sun Bicycles,1,761.99,0.05,Baldwin Bikes,Marcelene Boyer,723.8905,2017,12
1304,2017-12-16,Lamar Bush,Buffalo,Electra Sugar Skulls 1 (20-inch) - Girl's - 2017,Children Bicycles,Electra,2,299.99,0.05,Baldwin Bikes,Marcelene Boyer,569.981,2017,12
1304,2017-12-16,Lamar Bush,Buffalo,Electra Townie Original 7D - 2017,Comfort Bicycles,Electra,1,489.99,0.2,Baldwin Bikes,Marcelene Boyer,391.992,2017,12
1304,2017-12-16,Lamar Bush,Buffalo,Pure Cycles Vine 8-Speed - 2016,Cruisers Bicycles,Pure Cycles,1,429.0,0.05,Baldwin Bikes,Marcelene Boyer,407.54999999999995,2017,12
1305,2017-12-17,Earl Stanley,Elmhurst,Haro Downtown 16 - 2017,Children Bicycles,Haro,1,329.99,0.2,Baldwin Bikes,Venita Daniel,263.992,2017,12
1305,2017-12-17,Earl Stanley,Elmhurst,Trek Conduit+ - 2016,Electric Bikes,Trek,1,2999.99,0.07,Baldwin Bikes,Venita Daniel,2789.9907,2017,12
1305,2017-12-17,Earl Stanley,Elmhurst,Surly Straggler 650b - 2016,Cyclocross Bicycles,Surly,1,1680.99,0.05,Baldwin Bikes,Venita Daniel,1596.9405,2017,12
1305,2017-12-17,Earl Stanley,Elmhurst,Trek Precaliber 24 (21-Speed) - Girls - 2017,Children Bicycles,Trek,2,349.99,0.05,Baldwin Bikes,Venita Daniel,664.981,2017,12
1306,2017-12-20,Jeanice Frost,Ossining,Sun Bicycles Streamway 3 - 2017,Comfort Bicycles,Sun Bicycles,2,551.99,0.05,Baldwin Bikes,Marcelene Boyer,1048.781,2017,12
1306,2017-12-20,Jeanice Frost,Ossining,Electra Amsterdam Fashion 7i Ladies' - 2017,Cruisers Bicycles,Electra,2,1099.99,0.07,Baldwin Bikes,Marcelene Boyer,2045.9814,2017,12
1306,2017-12-20,Jeanice Frost,Ossining,Haro SR 1.2 - 2017,Mountain Bikes,Haro,1,869.99,0.2,Baldwin Bikes,Marcelene Boyer,695.9920000000001,2017,12
1306,2017-12-20,Jeanice Frost,Ossining,Trek Fuel EX 5 27.5 Plus - 2017,Mountain Bikes,Trek,1,2299.99,0.2,Baldwin Bikes,Marcelene Boyer,1839.992,2017,12
1306,2017-12-20,Jeanice Frost,Ossining,Trek Conduit+ - 2016,Electric Bikes,Trek,2,2999.99,0.07,Baldwin Bikes,Marcelene Boyer,5579.9814,2017,12
1307,2017-12-22,Elmo Sweeney,San Carlos,Electra Moto 3i (20-inch) - Boy's - 2017,Children Bicycles,Electra,2,349.99,0.07,Santa Cruz Bikes,Mireya Copeland,650.9814,2017,12
1307,2017-12-22,Elmo Sweeney,San Carlos,Surly Ogre Frameset - 2017,Road Bikes,Surly,2,749.99,0.2,Santa Cruz Bikes,Mireya Copeland,1199.9840000000002,2017,12
1307,2017-12-22,Elmo Sweeney,San Carlos,Sun Bicycles Cruz 7 - 2017,Cruisers Bicycles,Sun Bicycles,2,416.99,0.2,Santa Cruz Bikes,Mireya Copeland,667.1840000000001,2017,12
1308,2017-12-22,Ilona Spears,Port Jefferson Station,Trek Domane SL Disc Frameset - 2017,Road Bikes,Trek,1,3199.99,0.05,Baldwin Bikes,Venita Daniel,3039.9904999999994,2017,12
1308,2017-12-22,Ilona Spears,Port Jefferson Station,Sun Bicycles Cruz 7 - 2017,Cruisers Bicycles,Sun Bicycles,1,416.99,0.2,Baldwin Bikes,Venita Daniel,333.59200000000004,2017,12
1308,2017-12-22,Ilona Spears,Port Jefferson Station,Electra Girl's Hawaii 1 (16-inch) - 2015/2016,Cruisers Bicycles,Electra,2,269.99,0.07,Baldwin Bikes,Venita Daniel,502.1814,2017,12
1308,2017-12-22,Ilona Spears,Port Jefferson Station,Trek Domane SLR 6 Disc - 2017,Road Bikes,Trek,1,5499.99,0.2,Baldwin Bikes,Venita Daniel,4399.992,2017,12
1308,2017-12-22,Ilona Spears,Port Jefferson Station,Trek Farley Alloy Frameset - 2017,Mountain Bikes,Trek,1,469.99,0.07,Baldwin Bikes,Venita Daniel,437.09069999999997,2017,12
1309,2017-12-22,Cassidy Clark,Astoria,Sun Bicycles Lil Bolt Type-R - 2017,Cruisers Bicycles,Sun Bicycles,1,346.99,0.05,Baldwin Bikes,Marcelene Boyer,329.6405,2017,12
1309,2017-12-22,Cassidy Clark,Astoria,Trek Precaliber 12 Boys - 2017,Children Bicycles,Trek,2,189.99,0.2,Baldwin Bikes,Marcelene Boyer,303.98400000000004,2017,12
1310,2017-12-24,Caridad Compton,San Lorenzo,Trek Domane S 5 Disc - 2017,Road Bikes,Trek,1,2599.99,0.2,Santa Cruz Bikes,Genna Serrano,2079.9919999999997,2017,12
1310,2017-12-24,Caridad Compton,San Lorenzo,Electra Glam Punk 3i Ladies' - 2017,Cruisers Bicycles,Electra,2,799.99,0.2,Santa Cruz Bikes,Genna Serrano,1279.9840000000002,2017,12
1310,2017-12-24,Caridad Compton,San Lorenzo,Surly Straggler 650b - 2016,Cyclocross Bicycles,Surly,2,1680.99,0.1,Santa Cruz Bikes,Genna Serrano,3025.782,2017,12
1310,2017-12-24,Caridad Compton,San Lorenzo,Trek Domane SL Disc Frameset - 2017,Road Bikes,Trek,1,3199.99,0.2,Santa Cruz Bikes,Genna Serrano,2559.992,2017,12
1311,2017-12-24,Nicolas Carlson,Saint Albans,Sun Bicycles Cruz 7 - 2017,Cruisers Bicycles,Sun Bicycles,1,416.99,0.1,Baldwin Bikes,Marcelene Boyer,375.291,2017,12
1311,2017-12-24,Nicolas Carlson,Saint Albans,Haro SR 1.2 - 2017,Mountain Bikes,Haro,2,869.99,0.07,Baldwin Bikes,Marcelene Boyer,1618.1814,2017,12
1311,2017-12-24,Nicolas Carlson,Saint Albans,Surly Big Dummy Frameset - 2017,Mountain Bikes,Surly,2,999.99,0.1,Baldwin Bikes,Marcelene Boyer,1799.982,2017,12
1311,2017-12-24,Nicolas Carlson,Saint Albans,Trek Fuel EX 5 27.5 Plus - 2017,Mountain Bikes,Trek,1,2299.99,0.1,Baldwin Bikes,Marcelene Boyer,2069.991,2017,12
1312,2017-12-25,Charise Burt,Fresno,Sun Bicycles Revolutions 24 - Girl's - 2017,Cruisers Bicycles,Sun Bicycles,2,250.99,0.05,Santa Cruz Bikes,Genna Serrano,476.881,2017,12
1312,2017-12-25,Charise Burt,Fresno,Electra Girl's Hawaii 1 (16-inch) - 2015/2016,Cruisers Bicycles,Electra,1,269.99,0.2,Santa Cruz Bikes,Genna Serrano,215.99200000000002,2017,12
1312,2017-12-25,Charise Burt,Fresno,Electra Townie Original 7D EQ - Women's - 2016,Cruisers Bicycles,Electra,1,599.99,0.07,Santa Cruz Bikes,Genna Serrano,557.9907,2017,12
1313,2017-12-25,Edith Davenport,Ontario,Electra Cruiser Lux Fat Tire 1 Ladies - 2017,Cruisers Bicycles,Electra,1,599.99,0.2,Santa Cruz Bikes,Genna Serrano,479.992,2017,12
1313,2017-12-25,Edith Davenport,Ontario,Surly Wednesday Frameset - 2017,Mountain Bikes,Surly,1,469.99,0.2,Santa Cruz Bikes,Genna Serrano,375.992,2017,12
1313,2017-12-25,Edith Davenport,Ontario,Sun Bicycles Cruz 7 - 2017,Cruisers Bicycles,Sun Bicycles,1,416.99,0.07,Santa Cruz Bikes,Genna Serrano,387.8007,2017,12
1314,2017-12-25,Shanita Wiley,Saint Albans,Surly Steamroller - 2017,Road Bikes,Surly,1,875.99,0.07,Baldwin Bikes,Venita Daniel,814.6707,2017,12
1314,2017-12-25,Shanita Wiley,Saint Albans,Sun Bicycles Biscayne Tandem 7 - 2017,Cruisers Bicycles,Sun Bicycles,2,619.99,0.05,Baldwin Bikes,Venita Daniel,1177.981,2017,12
1314,2017-12-25,Shanita Wiley,Saint Albans,Haro Shredder Pro 20 - 2017,Children Bicycles,Haro,1,249.99,0.1,Baldwin Bikes,Venita Daniel,224.991,2017,12
1315,2017-12-25,Porter Bass,San Angelo,Sun Bicycles Streamway - 2017,Comfort Bicycles,Sun Bicycles,2,481.99,0.07,Rowlett Bikes,Layla Terrell,896.5014,2017,12
1315,2017-12-25,Porter Bass,San Angelo,Haro Shift R3 - 2017,Mountain Bikes,Haro,1,1469.99,0.05,Rowlett Bikes,Layla Terrell,1396.4904999999999,2017,12
1315,2017-12-25,Porter Bass,San Angelo,Electra Townie Original 21D - 2016,Comfort Bicycles,Electra,1,549.99,0.1,Rowlett Bikes,Layla Terrell,494.99100000000004,2017,12
1315,2017-12-25,Porter Bass,San Angelo,Electra Townie Original 7D EQ - 2016,Comfort Bicycles,Electra,1,599.99,0.07,Rowlett Bikes,Layla Terrell,557.9907,2017,12
1315,2017-12-25,Porter Bass,San Angelo,Electra Townie Original 7D EQ - 2016,Cruisers Bicycles,Electra,2,599.99,0.2,Rowlett Bikes,Layla Terrell,959.984,2017,12
1316,2017-12-26,Sylvester Chan,Rocklin,"Electra Girl's Hawaii 1 16"" - 2017",Cruisers Bicycles,Electra,2,299.99,0.1,Santa Cruz Bikes,Genna Serrano,539.9820000000001,2017,12
1316,2017-12-26,Sylvester Chan,Rocklin,Trek Precaliber 16 Girls - 2017,Children Bicycles,Trek,1,209.99,0.1,Santa Cruz Bikes,Genna Serrano,188.991,2017,12
1317,2017-12-27,Georgeanna Webster,Oxnard,Electra Amsterdam Original 3i Ladies' - 2017,Cruisers Bicycles,Electra,1,659.99,0.1,Santa Cruz Bikes,Genna Serrano,593.991,2017,12
1318,2017-12-27,Abby Gamble,Amityville,Electra Amsterdam Original 3i Ladies' - 2017,Cruisers Bicycles,Electra,2,659.99,0.2,Baldwin Bikes,Marcelene Boyer,1055.9840000000002,2017,12
1318,2017-12-27,Abby Gamble,Amityville,Trek Boone 7 - 2017,Cyclocross Bicycles,Trek,2,3499.99,0.2,Baldwin Bikes,Marcelene Boyer,5599.984,2017,12
1318,2017-12-27,Abby Gamble,Amityville,Sun Bicycles Drifter 7 - Women's - 2017,Comfort Bicycles,Sun Bicycles,1,470.99,0.2,Baldwin Bikes,Marcelene Boyer,376.79200000000003,2017,12
1318,2017-12-27,Abby Gamble,Amityville,Haro Shredder 20 - 2017,Children Bicycles,Haro,1,209.99,0.07,Baldwin Bikes,Marcelene Boyer,195.2907,2017,12
1319,2017-12-27,Kylee Dickson,Amityville,Electra Cruiser Lux Fat Tire 1 Ladies - 2017,Cruisers Bicycles,Electra,1,599.99,0.07,Baldwin Bikes,Marcelene Boyer,557.9907,2017,12
1319,2017-12-27,Kylee Dickson,Amityville,Trek Precaliber 24 (21-Speed) - Girls - 2017,Children Bicycles,Trek,1,349.99,0.2,Baldwin Bikes,Marcelene Boyer,279.992,2017,12
1320,2017-12-28,Jessika Bray,San Pablo,Sun Bicycles Streamway - 2017,Comfort Bicycles,Sun Bicycles,1,481.99,0.1,Santa Cruz Bikes,Genna Serrano,433.791,2017,12
1320,2017-12-28,Jessika Bray,San Pablo,Haro Shredder 20 Girls - 2017,Children Bicycles,Haro,1,209.99,0.05,Santa Cruz Bikes,Genna Serrano,199.4905,2017,12
1320,2017-12-28,Jessika Bray,San Pablo,Electra Sugar Skulls 1 (20-inch) - Girl's - 2017,Children Bicycles,Electra,2,299.99,0.2,Santa Cruz Bikes,Genna Serrano,479.98400000000004,2017,12
1321,2017-12-30,Carline Collier,Fresno,Trek Session DH 27.5 Carbon Frameset - 2017,Mountain Bikes,Trek,1,469.99,0.1,Santa Cruz Bikes,Genna Serrano,422.99100000000004,2017,12
1321,2017-12-30,Carline Collier,Fresno,Sun Bicycles Cruz 7 - 2017,Comfort Bicycles,Sun Bicycles,1,416.99,0.1,Santa Cruz Bikes,Genna Serrano,375.291,2017,12
1321,2017-12-30,Carline Collier,Fresno,Surly Straggler 650b - 2016,Cyclocross Bicycles,Surly,2,1680.99,0.1,Santa Cruz Bikes,Genna Serrano,3025.782,2017,12
1322,2017-12-31,Janetta Aguirre,Lancaster,Surly Karate Monkey 27.5+ Frameset - 2017,Mountain Bikes,Surly,2,2499.99,0.05,Baldwin Bikes,Venita Daniel,4749.981,2017,12
1322,2017-12-31,Janetta Aguirre,Lancaster,Sun Bicycles Streamway - 2017,Comfort Bicycles,Sun Bicycles,2,481.99,0.05,Baldwin Bikes,Venita Daniel,915.781,2017,12
1323,2017-12-31,Queenie Vance,Ozone Park,Surly Big Dummy Frameset - 2017,Mountain Bikes,Surly,2,999.99,0.07,Baldwin Bikes,Marcelene Boyer,1859.9814,2017,12
1323,2017-12-31,Queenie Vance,Ozone Park,Electra Townie Original 7D EQ - Women's - 2016,Cruisers Bicycles,Electra,1,599.99,0.05,Baldwin Bikes,Marcelene Boyer,569.9905,2017,12
1323,2017-12-31,Queenie Vance,Ozone Park,Electra Amsterdam Original 3i - 2015/2017,Cruisers Bicycles,Electra,1,659.99,0.05,Baldwin Bikes,Marcelene Boyer,626.9905,2017,12
1324,2018-01-01,Mellie Puckett,Fresh Meadows,Sun Bicycles Revolutions 24 - 2017,Cruisers Bicycles,Sun Bicycles,1,250.99,0.1,Baldwin Bikes,Marcelene Boyer,225.89100000000002,2018,1
1324,2018-01-01,Mellie Puckett,Fresh Meadows,Trek Fuel EX 7 29 - 2018,Mountain Bikes,Trek,2,2499.99,0.2,Baldwin Bikes,Marcelene Boyer,3999.984,2018,1
1324,2018-01-01,Mellie Puckett,Fresh Meadows,Electra Koa 3i Ladies' - 2018,Cruisers Bicycles,Electra,1,899.99,0.1,Baldwin Bikes,Marcelene Boyer,809.991,2018,1
1324,2018-01-01,Mellie Puckett,Fresh Meadows,Surly Wednesday Frameset - 2016,Mountain Bikes,Surly,1,999.99,0.2,Baldwin Bikes,Marcelene Boyer,799.9920000000001,2018,1
1325,2018-01-01,Jayne Kirkland,Rowlett,Trek Remedy 7 27.5 - 2018,Mountain Bikes,Trek,1,2999.99,0.05,Rowlett Bikes,Kali Vargas,2849.9905,2018,1
1325,2018-01-01,Jayne Kirkland,Rowlett,Electra Amsterdam Fashion 3i Ladies' - 2017/2018,Cruisers Bicycles,Electra,1,899.99,0.05,Rowlett Bikes,Kali Vargas,854.9905,2018,1
1325,2018-01-01,Jayne Kirkland,Rowlett,Trek Crockett 7 Disc - 2018,Cyclocross Bicycles,Trek,1,2999.99,0.1,Rowlett Bikes,Kali Vargas,2699.991,2018,1
1325,2018-01-01,Jayne Kirkland,Rowlett,Surly Karate Monkey 27.5+ Frameset - 2017,Mountain Bikes,Surly,1,2499.99,0.07,Rowlett Bikes,Kali Vargas,2324.9907,2018,1
1326,2018-01-01,Sheila Travis,Longview,Trek Dual Sport+ - 2018,Electric Bikes,Trek,2,2799.99,0.07,Rowlett Bikes,Layla Terrell,5207.9814,2018,1
1326,2018-01-01,Sheila Travis,Longview,Trek Precaliber 12 Boy's - 2018,Children Bicycles,Trek,2,199.99,0.07,Rowlett Bikes,Layla Terrell,371.9814,2018,1
1327,2018-01-02,Jenine Dawson,Endicott,Trek Domane ALR 4 Disc Women's - 2018,Road Bikes,Trek,2,1549.99,0.07,Baldwin Bikes,Marcelene Boyer,2882.9813999999997,2018,1
1327,2018-01-02,Jenine Dawson,Endicott,Electra Koa 3i Ladies' - 2018,Cruisers Bicycles,Electra,2,899.99,0.1,Baldwin Bikes,Marcelene Boyer,1619.982,2018,1
1327,2018-01-02,Jenine Dawson,Endicott,Trek Emonda S 4 - 2017,Road Bikes,Trek,2,1499.99,0.1,Baldwin Bikes,Marcelene Boyer,2699.982,2018,1
1327,2018-01-02,Jenine Dawson,Endicott,Trek Domane AL 3 Women's - 2018,Road Bikes,Trek,1,919.99,0.2,Baldwin Bikes,Marcelene Boyer,735.9920000000001,2018,1
1328,2018-01-02,Cher Alston,Wantagh,Electra Townie Commute 8D - 2018,Cruisers Bicycles,Electra,1,749.99,0.07,Baldwin Bikes,Marcelene Boyer,697.4907,2018,1
1328,2018-01-02,Cher Alston,Wantagh,Trek X-Caliber 7 - 2018,Mountain Bikes,Trek,2,919.99,0.1,Baldwin Bikes,Marcelene Boyer,1655.982,2018,1
1328,2018-01-02,Cher Alston,Wantagh,Electra Cruiser 7D Tall - 2016/2018,Cruisers Bicycles,Electra,1,319.99,0.07,Baldwin Bikes,Marcelene Boyer,297.59069999999997,2018,1
1328,2018-01-02,Cher Alston,Wantagh,Electra Townie Commute 8D - 2018,Comfort Bicycles,Electra,1,749.99,0.1,Baldwin Bikes,Marcelene Boyer,674.991,2018,1
1328,2018-01-02,Cher Alston,Wantagh,Electra Townie Original 7D EQ - 2018,Cruisers Bicycles,Electra,1,599.99,0.1,Baldwin Bikes,Marcelene Boyer,539.991,2018,1
1329,2018-01-04,Ayana Keith,Oxnard,Trek Domane ALR 3 - 2018,Road Bikes,Trek,1,1099.99,0.07,Santa Cruz Bikes,Genna Serrano,1022.9907,2018,1
1329,2018-01-04,Ayana Keith,Oxnard,Sun Bicycles Cruz 7 - 2017,Comfort Bicycles,Sun Bicycles,1,416.99,0.05,Santa Cruz Bikes,Genna Serrano,396.1405,2018,1
1329,2018-01-04,Ayana Keith,Oxnard,Trek Domane S 6 - 2017,Road Bikes,Trek,1,2699.99,0.07,Santa Cruz Bikes,Genna Serrano,2510.9907,2018,1
1329,2018-01-04,Ayana Keith,Oxnard,Electra Heartchya 1 (20-inch) - Girl's - 2018,Children Bicycles,Electra,2,319.99,0.2,Santa Cruz Bikes,Genna Serrano,511.98400000000004,2018,1
1329,2018-01-04,Ayana Keith,Oxnard,Electra Cruiser 1 (24-Inch) - 2016,Cruisers Bicycles,Electra,1,269.99,0.1,Santa Cruz Bikes,Genna Serrano,242.991,2018,1
1330,2018-01-04,Rod Hatfield,Ronkonkoma,Electra Cruiser Lux 7D Ladies' - 2018,Cruisers Bicycles,Electra,1,479.99,0.2,Baldwin Bikes,Venita Daniel,383.992,2018,1
1330,2018-01-04,Rod Hatfield,Ronkonkoma,Electra Townie Original 21D EQ Ladies' - 2018,Cruisers Bicycles,Electra,2,679.99,0.05,Baldwin Bikes,Venita Daniel,1291.981,2018,1
1330,2018-01-04,Rod Hatfield,Ronkonkoma,Electra Cruiser Lux 1 Ladies' - 2018,Cruisers Bicycles,Electra,2,429.99,0.2,Baldwin Bikes,Venita Daniel,687.984,2018,1
1330,2018-01-04,Rod Hatfield,Ronkonkoma,Electra Townie Original 7D - 2017,Comfort Bicycles,Electra,2,489.99,0.05,Baldwin Bikes,Venita Daniel,930.981,2018,1
1330,2018-01-04,Rod Hatfield,Ronkonkoma,Electra Cyclosaurus 1 (16-inch) - Boy's - 2018,Children Bicycles,Electra,1,279.99,0.1,Baldwin Bikes,Venita Daniel,251.991,2018,1
1331,2018-01-05,Cicely Deleon,Massapequa Park,Electra Townie Go! 8i Ladies' - 2018,Cruisers Bicycles,Electra,1,2599.99,0.05,Baldwin Bikes,Marcelene Boyer,2469.9905,2018,1
1331,2018-01-05,Cicely Deleon,Massapequa Park,"Electra Superbolt 3i 20"" - 2018",Children Bicycles,Electra,1,369.99,0.05,Baldwin Bikes,Marcelene Boyer,351.4905,2018,1
1331,2018-01-05,Cicely Deleon,Massapequa Park,Trek Domane ALR 5 Disc - 2018,Road Bikes,Trek,2,1799.99,0.1,Baldwin Bikes,Marcelene Boyer,3239.982,2018,1
1331,2018-01-05,Cicely Deleon,Massapequa Park,Electra Townie Balloon 3i EQ Ladies' - 2018,Comfort Bicycles,Electra,1,799.99,0.2,Baldwin Bikes,Marcelene Boyer,639.9920000000001,2018,1
1332,2018-01-06,Erma Salinas,Merrick,"Electra Treasure 3i 20"" - 2018",Children Bicycles,Electra,1,369.99,0.2,Baldwin Bikes,Venita Daniel,295.992,2018,1
1332,2018-01-06,Erma Salinas,Merrick,Haro Shredder 20 Girls - 2017,Children Bicycles,Haro,2,209.99,0.05,Baldwin Bikes,Venita Daniel,398.981,2018,1
1332,2018-01-06,Erma Salinas,Merrick,Trek Domane AL 3 - 2018,Road Bikes,Trek,2,919.99,0.07,Baldwin Bikes,Venita Daniel,1711.1814,2018,1
1332,2018-01-06,Erma Salinas,Merrick,Electra Water Lily 1 (16-inch) - Girl's - 2018,Children Bicycles,Electra,1,279.99,0.1,Baldwin Bikes,Venita Daniel,251.991,2018,1
1333,2018-01-06,Minerva Decker,Houston,Trek Super Commuter+ 8S - 2018,Electric Bikes,Trek,2,4999.99,0.05,Rowlett Bikes,Kali Vargas,9499.981,2018,1
1333,2018-01-06,Minerva Decker,Houston,Electra Townie Original 21D EQ - 2017/2018,Comfort Bicycles,Electra,2,679.99,0.1,Rowlett Bikes,Kali Vargas,1223.982,2018,1
1333,2018-01-06,Minerva Decker,Houston,Electra Sugar Skulls 1 (20-inch) - Girl's - 2017,Children Bicycles,Electra,2,299.99,0.1,Rowlett Bikes,Kali Vargas,539.9820000000001,2018,1
1333,2018-01-06,Minerva Decker,Houston,Electra Townie Original 21D - 2016,Cruisers Bicycles,Electra,1,549.99,0.05,Rowlett Bikes,Kali Vargas,522.4905,2018,1
1333,2018-01-06,Minerva Decker,Houston,Sun Bicycles Biscayne Tandem CB - 2017,Cruisers Bicycles,Sun Bicycles,1,647.99,0.1,Rowlett Bikes,Kali Vargas,583.191,2018,1
1334,2018-01-07,Augustina Joyner,Mount Vernon,Trek Powerfly 7 FS - 2018,Electric Bikes,Trek,2,4999.99,0.05,Baldwin Bikes,Marcelene Boyer,9499.981,2018,1
1334,2018-01-07,Augustina Joyner,Mount Vernon,Trek Emonda SLR 6 - 2018,Road Bikes,Trek,2,4499.99,0.07,Baldwin Bikes,Marcelene Boyer,8369.981399999999,2018,1
1334,2018-01-07,Augustina Joyner,Mount Vernon,Sun Bicycles Lil Kitt'n - 2017,Children Bicycles,Sun Bicycles,2,109.99,0.1,Baldwin Bikes,Marcelene Boyer,197.982,2018,1
1334,2018-01-07,Augustina Joyner,Mount Vernon,Electra Cruiser 1 (24-Inch) - 2016,Cruisers Bicycles,Electra,1,269.99,0.05,Baldwin Bikes,Marcelene Boyer,256.4905,2018,1
1334,2018-01-07,Augustina Joyner,Mount Vernon,Trek Fuel EX 5 27.5 Plus - 2017,Mountain Bikes,Trek,1,2299.99,0.05,Baldwin Bikes,Marcelene Boyer,2184.9905,2018,1
1335,2018-01-07,Delfina Gilliam,West Babylon,Trek Fuel EX 5 Plus - 2018,Mountain Bikes,Trek,2,2249.99,0.05,Baldwin Bikes,Venita Daniel,4274.981,2018,1
1336,2018-01-09,Jana Thomas,San Jose,Trek X-Caliber 8 - 2017,Mountain Bikes,Trek,2,999.99,0.2,Santa Cruz Bikes,Mireya Copeland,1599.9840000000002,2018,1
1336,2018-01-09,Jana Thomas,San Jose,Trek Domane SL Frameset Women's - 2018,Road Bikes,Trek,1,6499.99,0.05,Santa Cruz Bikes,Mireya Copeland,6174.9905,2018,1
1336,2018-01-09,Jana Thomas,San Jose,Electra Cruiser 1 (24-Inch) - 2016,Children Bicycles,Electra,2,269.99,0.07,Santa Cruz Bikes,Mireya Copeland,502.1814,2018,1
1336,2018-01-09,Jana Thomas,San Jose,Trek Boone 7 Disc - 2018,Cyclocross Bicycles,Trek,1,3999.99,0.1,Santa Cruz Bikes,Mireya Copeland,3599.991,2018,1
1336,2018-01-09,Jana Thomas,San Jose,Trek Conduit+ - 2018,Electric Bikes,Trek,1,2799.99,0.1,Santa Cruz Bikes,Mireya Copeland,2519.991,2018,1
1337,2018-01-09,Ruth Horton,Hollis,Trek Domane SL 7 Women's - 2018,Road Bikes,Trek,1,4999.99,0.1,Baldwin Bikes,Venita Daniel,4499.991,2018,1
1338,2018-01-10,Hae Ramirez,Baldwinsville,Trek Emonda SLR 8 - 2018,Road Bikes,Trek,2,6499.99,0.07,Baldwin Bikes,Marcelene Boyer,12089.981399999999,2018,1
1339,2018-01-11,Mellisa Kim,Los Angeles,Trek Domane SLR Frameset - 2018,Road Bikes,Trek,1,3199.99,0.07,Santa Cruz Bikes,Genna Serrano,2975.9906999999994,2018,1
1340,2018-01-12,Raeann Duncan,Anaheim,Electra Townie Go! 8i Ladies' - 2018,Cruisers Bicycles,Electra,1,2599.99,0.2,Santa Cruz Bikes,Genna Serrano,2079.9919999999997,2018,1
1340,2018-01-12,Raeann Duncan,Anaheim,Haro Shredder 20 - 2017,Children Bicycles,Haro,2,209.99,0.2,Santa Cruz Bikes,Genna Serrano,335.98400000000004,2018,1
1340,2018-01-12,Raeann Duncan,Anaheim,Electra Relic 3i - 2018,Cruisers Bicycles,Electra,2,849.99,0.05,Santa Cruz Bikes,Genna Serrano,1614.981,2018,1
1341,2018-01-12,Todd Waters,Bay Shore,Electra Queen of Hearts 3i - 2018,Cruisers Bicycles,Electra,2,749.99,0.07,Baldwin Bikes,Venita Daniel,1394.9814,2018,1
1341,2018-01-12,Todd Waters,Bay Shore,Trek Domane SLR 6 Disc - 2017,Road Bikes,Trek,2,5499.99,0.2,Baldwin Bikes,Venita Daniel,8799.984,2018,1
1341,2018-01-12,Todd Waters,Bay Shore,Electra Daydreamer 3i Ladies' - 2018,Cruisers Bicycles,Electra,2,899.99,0.05,Baldwin Bikes,Venita Daniel,1709.981,2018,1
1341,2018-01-12,Todd Waters,Bay Shore,Sun Bicycles Revolutions 24 - 2017,Cruisers Bicycles,Sun Bicycles,2,250.99,0.05,Baldwin Bikes,Venita Daniel,476.881,2018,1
1342,2018-01-12,Vivian Deleon,Jamaica,Sun Bicycles ElectroLite - 2017,Electric Bikes,Sun Bicycles,1,1559.99,0.05,Baldwin Bikes,Venita Daniel,1481.9904999999999,2018,1
1342,2018-01-12,Vivian Deleon,Jamaica,Trek Precaliber 16 Boy's - 2018,Children Bicycles,Trek,1,209.99,0.05,Baldwin Bikes,Venita Daniel,199.4905,2018,1
1343,2018-01-13,Deanne Parsons,Lindenhurst,Electra Townie Original 21D Ladies' - 2018,Cruisers Bicycles,Electra,1,559.99,0.05,Baldwin Bikes,Marcelene Boyer,531.9905,2018,1
1343,2018-01-13,Deanne Parsons,Lindenhurst,Electra Sugar Skulls 1 (20-inch) - Girl's - 2017,Children Bicycles,Electra,1,299.99,0.05,Baldwin Bikes,Marcelene Boyer,284.9905,2018,1
1343,2018-01-13,Deanne Parsons,Lindenhurst,Trek Domane SL 6 Disc - 2018,Road Bikes,Trek,2,3499.99,0.2,Baldwin Bikes,Marcelene Boyer,5599.984,2018,1
1343,2018-01-13,Deanne Parsons,Lindenhurst,Sun Bicycles Lil Bolt Type-R - 2017,Cruisers Bicycles,Sun Bicycles,2,346.99,0.2,Baldwin Bikes,Marcelene Boyer,555.1840000000001,2018,1
1343,2018-01-13,Deanne Parsons,Lindenhurst,Trek Boone 5 Disc - 2018,Cyclocross Bicycles,Trek,1,3299.99,0.1,Baldwin Bikes,Marcelene Boyer,2969.991,2018,1
1344,2018-01-13,Alishia Elliott,Mount Vernon,Electra Glam Punk 3i Ladies' - 2017,Cruisers Bicycles,Electra,2,799.99,0.07,Baldwin Bikes,Marcelene Boyer,1487.9814,2018,1
1344,2018-01-13,Alishia Elliott,Mount Vernon,Sun Bicycles Streamway 3 - 2017,Comfort Bicycles,Sun Bicycles,2,551.99,0.2,Baldwin Bikes,Marcelene Boyer,883.1840000000001,2018,1
1344,2018-01-13,Alishia Elliott,Mount Vernon,Surly Wednesday Frameset - 2016,Mountain Bikes,Surly,1,999.99,0.07,Baldwin Bikes,Marcelene Boyer,929.9907,2018,1
1344,2018-01-13,Alishia Elliott,Mount Vernon,Trek Powerfly 8 FS Plus - 2017,Electric Bikes,Trek,1,4999.99,0.07,Baldwin Bikes,Marcelene Boyer,4649.990699999999,2018,1
1345,2018-01-14,Ashanti Hammond,Nanuet,Trek Fuel EX 9.8 29 - 2017,Mountain Bikes,Trek,2,4999.99,0.2,Baldwin Bikes,Marcelene Boyer,7999.984,2018,1
1345,2018-01-14,Ashanti Hammond,Nanuet,Trek Domane ALR Disc Frameset - 2018,Road Bikes,Trek,2,3199.99,0.05,Baldwin Bikes,Marcelene Boyer,6079.980999999999,2018,1
1345,2018-01-14,Ashanti Hammond,Nanuet,Surly Straggler 650b - 2018,Road Bikes,Surly,2,1549.0,0.2,Baldwin Bikes,Marcelene Boyer,2478.4,2018,1
1345,2018-01-14,Ashanti Hammond,Nanuet,Ritchey Timberwolf Frameset - 2016,Mountain Bikes,Ritchey,2,749.99,0.2,Baldwin Bikes,Marcelene Boyer,1199.9840000000002,2018,1
1346,2018-01-14,Sarita Parks,Forney,Trek Remedy 27.5 C Frameset - 2018,Mountain Bikes,Trek,2,1499.99,0.05,Rowlett Bikes,Kali Vargas,2849.9809999999998,2018,1
1346,2018-01-14,Sarita Parks,Forney,Trek Emonda SL 7 - 2018,Road Bikes,Trek,1,4499.99,0.05,Rowlett Bikes,Kali Vargas,4274.9905,2018,1
1346,2018-01-14,Sarita Parks,Forney,Pure Cycles Western 3-Speed - Women's - 2015/2016,Cruisers Bicycles,Pure Cycles,2,449.0,0.05,Rowlett Bikes,Kali Vargas,853.0999999999999,2018,1
1346,2018-01-14,Sarita Parks,Forney,Electra White Water 3i - 2018,Cruisers Bicycles,Electra,1,749.99,0.1,Rowlett Bikes,Kali Vargas,674.991,2018,1
1346,2018-01-14,Sarita Parks,Forney,Strider Classic 12 Balance Bike - 2018,Children Bicycles,Strider,2,89.99,0.2,Rowlett Bikes,Kali Vargas,143.984,2018,1
1347,2018-01-15,Muriel Juarez,Palos Verdes Peninsula,Trek Fuel EX 9.8 27.5 Plus - 2017,Mountain Bikes,Trek,2,5299.99,0.07,Santa Cruz Bikes,Mireya Copeland,9857.981399999999,2018,1
1347,2018-01-15,Muriel Juarez,Palos Verdes Peninsula,Surly Ogre Frameset - 2017,Road Bikes,Surly,1,749.99,0.05,Santa Cruz Bikes,Mireya Copeland,712.4905,2018,1
1348,2018-01-15,Brigid Sharp,Santa Clara,Trek Powerfly 7 FS - 2018,Electric Bikes,Trek,1,4999.99,0.05,Santa Cruz Bikes,Mireya Copeland,4749.9905,2018,1
1348,2018-01-15,Brigid Sharp,Santa Clara,Trek Domane SL 8 Disc - 2018,Road Bikes,Trek,1,5499.99,0.05,Santa Cruz Bikes,Mireya Copeland,5224.9905,2018,1
1348,2018-01-15,Brigid Sharp,Santa Clara,Trek Madone 9.2 - 2017,Road Bikes,Trek,2,4999.99,0.1,Santa Cruz Bikes,Mireya Copeland,8999.982,2018,1
1348,2018-01-15,Brigid Sharp,Santa Clara,Trek Domane ALR 5 Gravel - 2018,Road Bikes,Trek,1,1799.99,0.07,Santa Cruz Bikes,Mireya Copeland,1673.9906999999998,2018,1
1349,2018-01-15,Bess Mcbride,Garden City,Trek Fuel EX 5 Plus - 2018,Mountain Bikes,Trek,2,2249.99,0.05,Baldwin Bikes,Marcelene Boyer,4274.981,2018,1
1349,2018-01-15,Bess Mcbride,Garden City,Trek Super Commuter+ 8S - 2018,Electric Bikes,Trek,2,4999.99,0.07,Baldwin Bikes,Marcelene Boyer,9299.981399999999,2018,1
1349,2018-01-15,Bess Mcbride,Garden City,Surly Straggler - 2018,Road Bikes,Surly,2,1549.0,0.2,Baldwin Bikes,Marcelene Boyer,2478.4,2018,1
1349,2018-01-15,Bess Mcbride,Garden City,Trek Domane SL 6 Disc - 2018,Road Bikes,Trek,1,3499.99,0.2,Baldwin Bikes,Marcelene Boyer,2799.992,2018,1
1350,2018-01-15,Kara Higgins,Ossining,Electra Townie Balloon 3i EQ - 2017/2018,Comfort Bicycles,Electra,1,749.99,0.1,Baldwin Bikes,Venita Daniel,674.991,2018,1
1350,2018-01-15,Kara Higgins,Ossining,Electra Townie Go! 8i - 2017/2018,Cruisers Bicycles,Electra,1,2599.99,0.07,Baldwin Bikes,Venita Daniel,2417.9907,2018,1
1350,2018-01-15,Kara Higgins,Ossining,Electra Townie Go! 8i Ladies' - 2018,Cruisers Bicycles,Electra,1,2599.99,0.07,Baldwin Bikes,Venita Daniel,2417.9907,2018,1
1350,2018-01-15,Kara Higgins,Ossining,Trek Emonda ALR 6 - 2018,Road Bikes,Trek,1,2299.99,0.05,Baldwin Bikes,Venita Daniel,2184.9905,2018,1
1350,2018-01-15,Kara Higgins,Ossining,Electra Cruiser 1 (24-Inch) - 2016,Cruisers Bicycles,Electra,2,269.99,0.2,Baldwin Bikes,Venita Daniel,431.98400000000004,2018,1
1351,2018-01-16,Shenna Benton,New York,"Electra Under-The-Sea 1 16"" - 2018",Children Bicycles,Electra,2,279.99,0.2,Baldwin Bikes,Venita Daniel,447.98400000000004,2018,1
1351,2018-01-16,Shenna Benton,New York,Trek Procaliber Frameset - 2018,Mountain Bikes,Trek,1,1499.99,0.1,Baldwin Bikes,Venita Daniel,1349.991,2018,1
1352,2018-01-16,Nicola Knight,Scarsdale,Trek Procaliber 6 - 2018,Mountain Bikes,Trek,1,1799.99,0.2,Baldwin Bikes,Marcelene Boyer,1439.9920000000002,2018,1
1352,2018-01-16,Nicola Knight,Scarsdale,Surly Steamroller - 2017,Road Bikes,Surly,2,875.99,0.1,Baldwin Bikes,Marcelene Boyer,1576.7820000000002,2018,1
1352,2018-01-16,Nicola Knight,Scarsdale,Electra Cyclosaurus 1 (16-inch) - Boy's - 2018,Children Bicycles,Electra,2,279.99,0.1,Baldwin Bikes,Marcelene Boyer,503.982,2018,1
1352,2018-01-16,Nicola Knight,Scarsdale,Trek Girl's Kickster - 2017,Children Bicycles,Trek,2,149.99,0.2,Baldwin Bikes,Marcelene Boyer,239.98400000000004,2018,1
1352,2018-01-16,Nicola Knight,Scarsdale,Electra Townie 3i EQ (20-inch) - Boys' - 2017,Children Bicycles,Electra,1,489.99,0.05,Baldwin Bikes,Marcelene Boyer,465.4905,2018,1
1353,2018-01-17,Malinda Baxter,Whitestone,Sun Bicycles Cruz 7 - 2017,Comfort Bicycles,Sun Bicycles,2,416.99,0.05,Baldwin Bikes,Marcelene Boyer,792.281,2018,1
1353,2018-01-17,Malinda Baxter,Whitestone,Electra Cruiser Lux Fat Tire 7D - 2018,Cruisers Bicycles,Electra,1,639.99,0.07,Baldwin Bikes,Marcelene Boyer,595.1907,2018,1
1353,2018-01-17,Malinda Baxter,Whitestone,Electra Townie Balloon 3i EQ Ladies' - 2018,Comfort Bicycles,Electra,1,799.99,0.2,Baldwin Bikes,Marcelene Boyer,639.9920000000001,2018,1
1353,2018-01-17,Malinda Baxter,Whitestone,Trek Girl's Kickster - 2017,Children Bicycles,Trek,2,149.99,0.05,Baldwin Bikes,Marcelene Boyer,284.981,2018,1
1354,2018-01-19,Christopher Richardson,Santa Cruz,Trek Domane AL 2 Women's - 2018,Road Bikes,Trek,2,749.99,0.07,Santa Cruz Bikes,Genna Serrano,1394.9814,2018,1
1355,2018-01-19,Katia Henry,Bethpage,"Electra Under-The-Sea 1 16"" - 2018",Children Bicycles,Electra,1,279.99,0.1,Baldwin Bikes,Venita Daniel,251.991,2018,1
1355,2018-01-19,Katia Henry,Bethpage,Electra Townie Go! 8i Ladies' - 2018,Cruisers Bicycles,Electra,1,2599.99,0.07,Baldwin Bikes,Venita Daniel,2417.9907,2018,1
1355,2018-01-19,Katia Henry,Bethpage,Trek Domane SLR 8 Disc - 2018,Road Bikes,Trek,1,7499.99,0.2,Baldwin Bikes,Venita Daniel,5999.992,2018,1
1355,2018-01-19,Katia Henry,Bethpage,Electra Townie Original 1 Ladies' - 2018,Comfort Bicycles,Electra,2,449.99,0.1,Baldwin Bikes,Venita Daniel,809.9820000000001,2018,1
1356,2018-01-19,Santa Larson,Valley Stream,Electra Townie Go! 8i - 2017/2018,Electric Bikes,Electra,1,2599.99,0.05,Baldwin Bikes,Marcelene Boyer,2469.9905,2018,1
1356,2018-01-19,Santa Larson,Valley Stream,Electra Townie Commute Go! Ladies' - 2018,Electric Bikes,Electra,2,2999.99,0.1,Baldwin Bikes,Marcelene Boyer,5399.982,2018,1
1356,2018-01-19,Santa Larson,Valley Stream,Trek Precaliber 24 (7-Speed) - Boys - 2018,Children Bicycles,Trek,2,319.99,0.1,Baldwin Bikes,Marcelene Boyer,575.9820000000001,2018,1
1357,2018-01-20,Yevette Todd,Ballston Spa,Trek Domane ALR 5 Disc - 2018,Road Bikes,Trek,2,1799.99,0.2,Baldwin Bikes,Marcelene Boyer,2879.9840000000004,2018,1
1357,2018-01-20,Yevette Todd,Ballston Spa,Sun Bicycles ElectroLite - 2017,Electric Bikes,Sun Bicycles,1,1559.99,0.2,Baldwin Bikes,Marcelene Boyer,1247.9920000000002,2018,1
1357,2018-01-20,Yevette Todd,Ballston Spa,Trek Stache Carbon Frameset - 2018,Mountain Bikes,Trek,1,919.99,0.2,Baldwin Bikes,Marcelene Boyer,735.9920000000001,2018,1
1358,2018-01-21,Maurice Norton,Atwater,Electra Amsterdam Fashion 3i Ladies' - 2017/2018,Cruisers Bicycles,Electra,2,899.99,0.2,Santa Cruz Bikes,Mireya Copeland,1439.9840000000002,2018,1
1359,2018-01-21,Berneice Pollard,Forney,Electra Cyclosaurus 1 (16-inch) - Boy's - 2018,Children Bicycles,Electra,1,279.99,0.05,Rowlett Bikes,Layla Terrell,265.9905,2018,1
1359,2018-01-21,Berneice Pollard,Forney,Electra Amsterdam Original 3i Ladies' - 2017,Cruisers Bicycles,Electra,1,659.99,0.05,Rowlett Bikes,Layla Terrell,626.9905,2018,1
1360,2018-01-22,Takako Casey,Bronx,Surly Wednesday - 2017,Mountain Bikes,Surly,1,1632.99,0.05,Baldwin Bikes,Marcelene Boyer,1551.3405,2018,1
1361,2018-01-22,Regine Odom,Franklin Square,Electra Townie Balloon 8D EQ - 2016/2017/2018,Comfort Bicycles,Electra,2,749.99,0.07,Baldwin Bikes,Venita Daniel,1394.9814,2018,1
1361,2018-01-22,Regine Odom,Franklin Square,Trek Domane SL 7 Women's - 2018,Road Bikes,Trek,1,4999.99,0.05,Baldwin Bikes,Venita Daniel,4749.9905,2018,1
1361,2018-01-22,Regine Odom,Franklin Square,Surly Pack Rat - 2018,Road Bikes,Surly,2,1349.0,0.2,Baldwin Bikes,Venita Daniel,2158.4,2018,1
1362,2018-01-23,Gilberto Parsons,Middle Village,Surly Big Dummy Frameset - 2017,Mountain Bikes,Surly,2,999.99,0.2,Baldwin Bikes,Marcelene Boyer,1599.9840000000002,2018,1
1362,2018-01-23,Gilberto Parsons,Middle Village,Trek Super Commuter+ 7 - 2018,Electric Bikes,Trek,2,3599.99,0.07,Baldwin Bikes,Marcelene Boyer,6695.981399999999,2018,1
1362,2018-01-23,Gilberto Parsons,Middle Village,Trek Fuel EX 8 29 - 2016,Mountain Bikes,Trek,2,2899.99,0.2,Baldwin Bikes,Marcelene Boyer,4639.9839999999995,2018,1
1363,2018-01-24,Loni Mullen,South Ozone Park,Sun Bicycles Revolutions 24 - 2017,Cruisers Bicycles,Sun Bicycles,2,250.99,0.1,Baldwin Bikes,Marcelene Boyer,451.78200000000004,2018,1
1364,2018-01-25,Shena Carter,Howard Beach,Sun Bicycles Biscayne Tandem CB - 2017,Cruisers Bicycles,Sun Bicycles,1,647.99,0.07,Baldwin Bikes,Marcelene Boyer,602.6306999999999,2018,1
1364,2018-01-25,Shena Carter,Howard Beach,Trek Domane SLR 9 Disc - 2018,Road Bikes,Trek,2,11999.99,0.1,Baldwin Bikes,Marcelene Boyer,21599.982,2018,1
1364,2018-01-25,Shena Carter,Howard Beach,Trek Domane SL 5 Disc Women's - 2018,Road Bikes,Trek,1,2499.99,0.1,Baldwin Bikes,Marcelene Boyer,2249.991,2018,1
1364,2018-01-25,Shena Carter,Howard Beach,Sun Bicycles Drifter 7 - 2017,Comfort Bicycles,Sun Bicycles,1,470.99,0.07,Baldwin Bikes,Marcelene Boyer,438.0207,2018,1
1365,2018-01-25,Deirdre Ryan,Utica,Trek Domane ALR 4 Disc - 2018,Road Bikes,Trek,1,1549.99,0.07,Baldwin Bikes,Venita Daniel,1441.4906999999998,2018,1
1365,2018-01-25,Deirdre Ryan,Utica,Trek Madone 9.2 - 2017,Road Bikes,Trek,1,4999.99,0.07,Baldwin Bikes,Venita Daniel,4649.990699999999,2018,1
1365,2018-01-25,Deirdre Ryan,Utica,Electra Morningstar 3i Ladies' - 2018,Cruisers Bicycles,Electra,1,749.99,0.05,Baldwin Bikes,Venita Daniel,712.4905,2018,1
1366,2018-01-26,Jamaal Morrison,Staten Island,Trek Fuel EX 8 29 - 2018,Mountain Bikes,Trek,1,3199.99,0.1,Baldwin Bikes,Marcelene Boyer,2879.991,2018,1
1366,2018-01-26,Jamaal Morrison,Staten Island,Surly ECR 27.5 - 2018,Mountain Bikes,Surly,2,1899.0,0.2,Baldwin Bikes,Marcelene Boyer,3038.4,2018,1
1366,2018-01-26,Jamaal Morrison,Staten Island,Trek Powerfly 5 - 2018,Electric Bikes,Trek,1,3499.99,0.07,Baldwin Bikes,Marcelene Boyer,3254.9906999999994,2018,1
1367,2018-01-27,Ja Dillard,Canyon Country,Trek Procal AL Frameset - 2018,Mountain Bikes,Trek,1,1499.99,0.1,Santa Cruz Bikes,Genna Serrano,1349.991,2018,1
1367,2018-01-27,Ja Dillard,Canyon Country,Heller Bloodhound Trail - 2018,Mountain Bikes,Heller,2,2599.0,0.2,Santa Cruz Bikes,Genna Serrano,4158.400000000001,2018,1
1367,2018-01-27,Ja Dillard,Canyon Country,Surly Krampus - 2018,Mountain Bikes,Surly,1,1499.0,0.07,Santa Cruz Bikes,Genna Serrano,1394.07,2018,1
1367,2018-01-27,Ja Dillard,Canyon Country,Electra Townie Original 21D - 2016,Comfort Bicycles,Electra,2,549.99,0.05,Santa Cruz Bikes,Genna Serrano,1044.981,2018,1
1368,2018-01-27,Spring Hayes,Ossining,Sun Bicycles Revolutions 24 - 2017,Cruisers Bicycles,Sun Bicycles,1,250.99,0.1,Baldwin Bikes,Marcelene Boyer,225.89100000000002,2018,1
1368,2018-01-27,Spring Hayes,Ossining,Trek Marlin 5 - 2018,Mountain Bikes,Trek,2,489.99,0.07,Baldwin Bikes,Marcelene Boyer,911.3814,2018,1
1368,2018-01-27,Spring Hayes,Ossining,Trek CrossRip+ - 2018,Electric Bikes,Trek,1,4499.99,0.2,Baldwin Bikes,Marcelene Boyer,3599.992,2018,1
1369,2018-01-28,Tena Cruz,Farmingdale,Electra Cruiser 1 - 2016/2017/2018,Cruisers Bicycles,Electra,2,269.99,0.05,Baldwin Bikes,Marcelene Boyer,512.981,2018,1
1370,2018-01-28,Rey Lindsay,Monroe,Trek Slash 8 27.5 - 2016,Mountain Bikes,Trek,1,3999.99,0.07,Baldwin Bikes,Venita Daniel,3719.9906999999994,2018,1
1370,2018-01-28,Rey Lindsay,Monroe,Trek Precaliber 16 Boys - 2017,Children Bicycles,Trek,2,209.99,0.1,Baldwin Bikes,Venita Daniel,377.982,2018,1
1370,2018-01-28,Rey Lindsay,Monroe,Trek Crockett 5 Disc - 2018,Cyclocross Bicycles,Trek,2,1799.99,0.2,Baldwin Bikes,Venita Daniel,2879.9840000000004,2018,1
1370,2018-01-28,Rey Lindsay,Monroe,Trek Remedy 27.5 C Frameset - 2018,Mountain Bikes,Trek,1,1499.99,0.1,Baldwin Bikes,Venita Daniel,1349.991,2018,1
1371,2018-01-29,Aida Koch,West Hempstead,Electra Cruiser Lux 3i - 2018,Cruisers Bicycles,Electra,2,529.99,0.07,Baldwin Bikes,Venita Daniel,985.7814,2018,1
1371,2018-01-29,Aida Koch,West Hempstead,Trek Remedy 29 Carbon Frameset - 2016,Mountain Bikes,Trek,2,1799.99,0.2,Baldwin Bikes,Venita Daniel,2879.9840000000004,2018,1
1372,2018-01-29,Alma Peck,Corona,Electra Townie Balloon 8D EQ - 2016/2017/2018,Comfort Bicycles,Electra,1,749.99,0.07,Baldwin Bikes,Marcelene Boyer,697.4907,2018,1
1372,2018-01-29,Alma Peck,Corona,Electra Heartchya 1 (20-inch) - Girl's - 2018,Children Bicycles,Electra,2,319.99,0.2,Baldwin Bikes,Marcelene Boyer,511.98400000000004,2018,1
1373,2018-01-29,Latonya Dixon,Garland,Trek Boone Race Shop Limited - 2017,Cyclocross Bicycles,Trek,1,3499.99,0.1,Rowlett Bikes,Layla Terrell,3149.991,2018,1
1374,2018-01-30,Karren Stevenson,San Carlos,Trek Domane SL 5 - 2018,Road Bikes,Trek,2,2199.99,0.05,Santa Cruz Bikes,Genna Serrano,4179.981,2018,1
1374,2018-01-30,Karren Stevenson,San Carlos,Trek Stache Carbon Frameset - 2018,Mountain Bikes,Trek,2,919.99,0.07,Santa Cruz Bikes,Genna Serrano,1711.1814,2018,1
1375,2018-01-30,Cameron Carroll,Longview,Trek Domane ALR 5 Gravel - 2018,Road Bikes,Trek,2,1799.99,0.05,Rowlett Bikes,Kali Vargas,3419.9809999999998,2018,1
1375,2018-01-30,Cameron Carroll,Longview,Trek Domane SL 5 Disc - 2018,Road Bikes,Trek,1,2499.99,0.2,Rowlett Bikes,Kali Vargas,1999.992,2018,1
1376,2018-02-01,Kiesha Bond,San Carlos,Heller Shagamaw Frame - 2016,Mountain Bikes,Heller,1,1320.99,0.07,Santa Cruz Bikes,Mireya Copeland,1228.5207,2018,2
1377,2018-02-01,Jimmy Russell,Howard Beach,Trek Domane SL 7 Women's - 2018,Road Bikes,Trek,2,4999.99,0.05,Baldwin Bikes,Venita Daniel,9499.981,2018,2
1377,2018-02-01,Jimmy Russell,Howard Beach,Trek Stache Carbon Frameset - 2018,Mountain Bikes,Trek,1,919.99,0.05,Baldwin Bikes,Venita Daniel,873.9905,2018,2
1377,2018-02-01,Jimmy Russell,Howard Beach,Trek Emonda S 4 - 2017,Road Bikes,Trek,1,1499.99,0.07,Baldwin Bikes,Venita Daniel,1394.9906999999998,2018,2
1377,2018-02-01,Jimmy Russell,Howard Beach,Trek XM700+ Lowstep - 2018,Electric Bikes,Trek,2,3499.99,0.07,Baldwin Bikes,Venita Daniel,6509.981399999999,2018,2
1378,2018-02-02,Marguerite Berger,Fullerton,Electra Moto 3i (20-inch) - Boy's - 2017,Children Bicycles,Electra,2,349.99,0.07,Santa Cruz Bikes,Mireya Copeland,650.9814,2018,2
1378,2018-02-02,Marguerite Berger,Fullerton,Trek Fuel EX 8 29 XT - 2018,Mountain Bikes,Trek,2,3199.99,0.07,Santa Cruz Bikes,Mireya Copeland,5951.981399999999,2018,2
1378,2018-02-02,Marguerite Berger,Fullerton,Ritchey Timberwolf Frameset - 2016,Mountain Bikes,Ritchey,2,749.99,0.2,Santa Cruz Bikes,Mireya Copeland,1199.9840000000002,2018,2
1378,2018-02-02,Marguerite Berger,Fullerton,Sun Bicycles Drifter 7 - 2017,Comfort Bicycles,Sun Bicycles,1,470.99,0.07,Santa Cruz Bikes,Mireya Copeland,438.0207,2018,2
1378,2018-02-02,Marguerite Berger,Fullerton,Trek X-Caliber 7 - 2018,Mountain Bikes,Trek,2,919.99,0.2,Santa Cruz Bikes,Mireya Copeland,1471.9840000000002,2018,2
1379,2018-02-02,Nubia Anderson,Ronkonkoma,Electra Moto 1 - 2016,Cruisers Bicycles,Electra,1,529.99,0.1,Baldwin Bikes,Marcelene Boyer,476.99100000000004,2018,2
1379,2018-02-02,Nubia Anderson,Ronkonkoma,Trek X-Caliber 8 - 2018,Mountain Bikes,Trek,1,999.99,0.1,Baldwin Bikes,Marcelene Boyer,899.991,2018,2
1379,2018-02-02,Nubia Anderson,Ronkonkoma,Strider Classic 12 Balance Bike - 2018,Children Bicycles,Strider,2,89.99,0.1,Baldwin Bikes,Marcelene Boyer,161.982,2018,2
1380,2018-02-05,Joel Wynn,San Diego,Electra Townie Balloon 7i EQ Ladies' - 2017/2018,Cruisers Bicycles,Electra,2,899.99,0.1,Santa Cruz Bikes,Genna Serrano,1619.982,2018,2
1380,2018-02-05,Joel Wynn,San Diego,Electra Cruiser Lux 1 - 2016/2018,Cruisers Bicycles,Electra,2,429.99,0.07,Santa Cruz Bikes,Genna Serrano,799.7814,2018,2
1381,2018-02-05,Mathilda Pennington,New City,Trek Precaliber 20 Boy's - 2018,Children Bicycles,Trek,2,229.99,0.2,Baldwin Bikes,Venita Daniel,367.98400000000004,2018,2
1381,2018-02-05,Mathilda Pennington,New City,Electra Tiger Shark 3i - 2018,Cruisers Bicycles,Electra,2,899.99,0.1,Baldwin Bikes,Venita Daniel,1619.982,2018,2
1382,2018-02-06,Renay Atkins,Woodside,Electra Cruiser Lux 7D Ladies' - 2018,Cruisers Bicycles,Electra,1,479.99,0.2,Baldwin Bikes,Marcelene Boyer,383.992,2018,2
1382,2018-02-06,Renay Atkins,Woodside,Electra Amsterdam Fashion 7i Ladies' - 2017,Cruisers Bicycles,Electra,2,1099.99,0.05,Baldwin Bikes,Marcelene Boyer,2089.9809999999998,2018,2
1382,2018-02-06,Renay Atkins,Woodside,Electra Delivery 3i - 2016/2017/2018,Cruisers Bicycles,Electra,1,959.99,0.1,Baldwin Bikes,Marcelene Boyer,863.991,2018,2
1382,2018-02-06,Renay Atkins,Woodside,Trek X-Caliber Frameset - 2018,Mountain Bikes,Trek,1,1499.99,0.07,Baldwin Bikes,Marcelene Boyer,1394.9906999999998,2018,2
1382,2018-02-06,Renay Atkins,Woodside,Electra Townie Balloon 8D EQ - 2016/2017/2018,Cruisers Bicycles,Electra,1,749.99,0.2,Baldwin Bikes,Marcelene Boyer,599.9920000000001,2018,2
1383,2018-02-07,Joaquin Hawkins,Anaheim,Trek XM700+ Lowstep - 2018,Electric Bikes,Trek,2,3499.99,0.2,Santa Cruz Bikes,Genna Serrano,5599.984,2018,2
1383,2018-02-07,Joaquin Hawkins,Anaheim,Sun Bicycles Lil Bolt Type-R - 2017,Cruisers Bicycles,Sun Bicycles,2,346.99,0.05,Santa Cruz Bikes,Genna Serrano,659.281,2018,2
1384,2018-02-08,Elmira Levy,Spring Valley,Trek Farley Alloy Frameset - 2017,Mountain Bikes,Trek,1,469.99,0.07,Baldwin Bikes,Venita Daniel,437.09069999999997,2018,2
1384,2018-02-08,Elmira Levy,Spring Valley,Trek Fuel EX 8 29 XT - 2018,Mountain Bikes,Trek,2,3199.99,0.1,Baldwin Bikes,Venita Daniel,5759.982,2018,2
1384,2018-02-08,Elmira Levy,Spring Valley,Trek Precaliber 16 Boys - 2017,Children Bicycles,Trek,1,209.99,0.1,Baldwin Bikes,Venita Daniel,188.991,2018,2
1384,2018-02-08,Elmira Levy,Spring Valley,Electra Savannah 3i (20-inch) - Girl's - 2017,Children Bicycles,Electra,1,349.99,0.05,Baldwin Bikes,Venita Daniel,332.4905,2018,2
1385,2018-02-08,Lynwood Jackson,Longview,Electra Townie Original 21D - 2016,Comfort Bicycles,Electra,2,549.99,0.05,Rowlett Bikes,Layla Terrell,1044.981,2018,2
1385,2018-02-08,Lynwood Jackson,Longview,Trek Domane ALR 5 Disc - 2018,Road Bikes,Trek,1,1799.99,0.07,Rowlett Bikes,Layla Terrell,1673.9906999999998,2018,2
1385,2018-02-08,Lynwood Jackson,Longview,Trek Stache 5 - 2017,Mountain Bikes,Trek,2,1499.99,0.1,Rowlett Bikes,Layla Terrell,2699.982,2018,2
1385,2018-02-08,Lynwood Jackson,Longview,Trek X-Caliber Frameset - 2018,Mountain Bikes,Trek,1,1499.99,0.05,Rowlett Bikes,Layla Terrell,1424.9904999999999,2018,2
1386,2018-02-09,Dung Reid,Canyon Country,Electra Sweet Ride 3i (20-inch) - Girls' - 2018,Children Bicycles,Electra,1,369.99,0.2,Santa Cruz Bikes,Mireya Copeland,295.992,2018,2
1386,2018-02-09,Dung Reid,Canyon Country,Trek MT 201 - 2018,Children Bicycles,Trek,1,249.99,0.1,Santa Cruz Bikes,Mireya Copeland,224.991,2018,2
1386,2018-02-09,Dung Reid,Canyon Country,Electra Townie Balloon 7i EQ Ladies' - 2017/2018,Comfort Bicycles,Electra,1,899.99,0.1,Santa Cruz Bikes,Mireya Copeland,809.991,2018,2
1386,2018-02-09,Dung Reid,Canyon Country,Trek Emonda SL 7 - 2018,Road Bikes,Trek,1,4499.99,0.07,Santa Cruz Bikes,Mireya Copeland,4184.990699999999,2018,2
1387,2018-02-09,Deshawn Mendoza,Monsey,Sun Bicycles Cruz 3 - 2017,Comfort Bicycles,Sun Bicycles,1,449.99,0.1,Baldwin Bikes,Venita Daniel,404.99100000000004,2018,2
1388,2018-02-09,Jeniffer Slater,Schenectady,Electra Townie Commute Go! - 2018,Cruisers Bicycles,Electra,1,2999.99,0.1,Baldwin Bikes,Venita Daniel,2699.991,2018,2
1389,2018-02-11,Celestine Jacobs,Massapequa,Haro Downtown 16 - 2017,Children Bicycles,Haro,2,329.99,0.1,Baldwin Bikes,Venita Daniel,593.9820000000001,2018,2
1389,2018-02-11,Celestine Jacobs,Massapequa,Trek Domane SL 6 - 2018,Road Bikes,Trek,2,3199.99,0.05,Baldwin Bikes,Venita Daniel,6079.980999999999,2018,2
1389,2018-02-11,Celestine Jacobs,Massapequa,Electra Cruiser 7D (24-Inch) Ladies' - 2016/2018,Cruisers Bicycles,Electra,1,319.99,0.07,Baldwin Bikes,Venita Daniel,297.59069999999997,2018,2
1390,2018-02-12,Tenisha Lyons,Amityville,Haro Shift R3 - 2017,Mountain Bikes,Haro,2,1469.99,0.05,Baldwin Bikes,Venita Daniel,2792.9809999999998,2018,2
1390,2018-02-12,Tenisha Lyons,Amityville,Surly Big Dummy Frameset - 2017,Mountain Bikes,Surly,2,999.99,0.05,Baldwin Bikes,Venita Daniel,1899.981,2018,2
1390,2018-02-12,Tenisha Lyons,Amityville,Electra Townie Balloon 7i EQ Ladies' - 2017/2018,Comfort Bicycles,Electra,1,899.99,0.1,Baldwin Bikes,Venita Daniel,809.991,2018,2
1390,2018-02-12,Tenisha Lyons,Amityville,Sun Bicycles Streamway - 2017,Comfort Bicycles,Sun Bicycles,1,481.99,0.05,Baldwin Bikes,Venita Daniel,457.8905,2018,2
1390,2018-02-12,Tenisha Lyons,Amityville,Trek Domane ALR 5 Gravel - 2018,Road Bikes,Trek,2,1799.99,0.1,Baldwin Bikes,Venita Daniel,3239.982,2018,2
1391,2018-02-13,Hortencia O'neil,Rockville Centre,Electra Cruiser Lux 3i - 2018,Cruisers Bicycles,Electra,2,529.99,0.07,Baldwin Bikes,Venita Daniel,985.7814,2018,2
1391,2018-02-13,Hortencia O'neil,Rockville Centre,"Electra Treasure 1 20"" - 2018",Children Bicycles,Electra,2,319.99,0.2,Baldwin Bikes,Venita Daniel,511.98400000000004,2018,2
1391,2018-02-13,Hortencia O'neil,Rockville Centre,Trek Precaliber 24 21-speed Boy's - 2018,Children Bicycles,Trek,1,369.99,0.2,Baldwin Bikes,Venita Daniel,295.992,2018,2
1392,2018-02-13,Kenyetta Mason,Flushing,Trek Precaliber 12 Boys - 2017,Children Bicycles,Trek,2,189.99,0.2,Baldwin Bikes,Marcelene Boyer,303.98400000000004,2018,2
1392,2018-02-13,Kenyetta Mason,Flushing,Electra Townie Commute 27D Ladies - 2018,Cruisers Bicycles,Electra,2,899.99,0.05,Baldwin Bikes,Marcelene Boyer,1709.981,2018,2
1393,2018-02-14,Tena Huber,Newburgh,Haro Shredder 20 - 2017,Children Bicycles,Haro,1,209.99,0.07,Baldwin Bikes,Venita Daniel,195.2907,2018,2
1393,2018-02-14,Tena Huber,Newburgh,Electra Amsterdam Original 3i Ladies' - 2017,Cruisers Bicycles,Electra,1,659.99,0.07,Baldwin Bikes,Venita Daniel,613.7907,2018,2
1393,2018-02-14,Tena Huber,Newburgh,Trek Remedy 9.8 - 2017,Mountain Bikes,Trek,2,5299.99,0.05,Baldwin Bikes,Venita Daniel,10069.981,2018,2
1393,2018-02-14,Tena Huber,Newburgh,Trek Kickster - 2018,Children Bicycles,Trek,2,159.99,0.05,Baldwin Bikes,Venita Daniel,303.981,2018,2
1394,2018-02-14,Erik Leblanc,Sugar Land,Trek 1120 - 2018,Road Bikes,Trek,2,2499.99,0.05,Rowlett Bikes,Kali Vargas,4749.981,2018,2
1395,2018-02-15,Zora Ford,Sacramento,Trek Super Commuter+ 7 - 2018,Electric Bikes,Trek,1,3599.99,0.2,Santa Cruz Bikes,Genna Serrano,2879.992,2018,2
1395,2018-02-15,Zora Ford,Sacramento,Trek Emonda S 4 - 2017,Road Bikes,Trek,2,1499.99,0.1,Santa Cruz Bikes,Genna Serrano,2699.982,2018,2
1395,2018-02-15,Zora Ford,Sacramento,Trek Domane AL 3 Women's - 2018,Road Bikes,Trek,2,919.99,0.2,Santa Cruz Bikes,Genna Serrano,1471.9840000000002,2018,2
1395,2018-02-15,Zora Ford,Sacramento,Electra Townie Original 21D EQ - 2017/2018,Cruisers Bicycles,Electra,1,679.99,0.1,Santa Cruz Bikes,Genna Serrano,611.991,2018,2
1396,2018-02-15,Lara Guy,Ronkonkoma,Trek Emonda S 5 - 2017,Road Bikes,Trek,1,1999.99,0.05,Baldwin Bikes,Venita Daniel,1899.9904999999999,2018,2
1396,2018-02-15,Lara Guy,Ronkonkoma,Trek Domane SL 5 - 2018,Road Bikes,Trek,1,2199.99,0.2,Baldwin Bikes,Venita Daniel,1759.992,2018,2
1397,2018-02-15,James Robles,North Tonawanda,Surly Pack Rat Frameset - 2018,Mountain Bikes,Surly,2,469.99,0.1,Baldwin Bikes,Marcelene Boyer,845.9820000000001,2018,2
1397,2018-02-15,James Robles,North Tonawanda,Trek Remedy 7 27.5 - 2018,Mountain Bikes,Trek,1,2999.99,0.07,Baldwin Bikes,Marcelene Boyer,2789.9907,2018,2
1397,2018-02-15,James Robles,North Tonawanda,Trek Slash 8 27.5 - 2016,Mountain Bikes,Trek,1,3999.99,0.05,Baldwin Bikes,Marcelene Boyer,3799.9904999999994,2018,2
1397,2018-02-15,James Robles,North Tonawanda,Electra White Water 3i - 2018,Cruisers Bicycles,Electra,1,749.99,0.05,Baldwin Bikes,Marcelene Boyer,712.4905,2018,2
1397,2018-02-15,James Robles,North Tonawanda,Sun Bicycles Biscayne Tandem CB - 2017,Cruisers Bicycles,Sun Bicycles,2,647.99,0.1,Baldwin Bikes,Marcelene Boyer,1166.382,2018,2
1398,2018-02-16,Desire Mcgowan,Bakersfield,Sun Bicycles Cruz 7 - 2017,Cruisers Bicycles,Sun Bicycles,2,416.99,0.05,Santa Cruz Bikes,Genna Serrano,792.281,2018,2
1398,2018-02-16,Desire Mcgowan,Bakersfield,Surly Ogre Frameset - 2017,Road Bikes,Surly,1,749.99,0.2,Santa Cruz Bikes,Genna Serrano,599.9920000000001,2018,2
1399,2018-02-16,Stefany Potter,Saratoga Springs,Surly Straggler - 2018,Cyclocross Bicycles,Surly,2,1549.0,0.2,Baldwin Bikes,Marcelene Boyer,2478.4,2018,2
1399,2018-02-16,Stefany Potter,Saratoga Springs,Electra Cruiser Lux 7D - 2018,Cruisers Bicycles,Electra,1,479.99,0.05,Baldwin Bikes,Marcelene Boyer,455.9905,2018,2
1399,2018-02-16,Stefany Potter,Saratoga Springs,Surly Pack Rat Frameset - 2018,Mountain Bikes,Surly,2,469.99,0.07,Baldwin Bikes,Marcelene Boyer,874.1813999999999,2018,2
1399,2018-02-16,Stefany Potter,Saratoga Springs,Surly Karate Monkey 27.5+ Frameset - 2017,Mountain Bikes,Surly,1,2499.99,0.05,Baldwin Bikes,Marcelene Boyer,2374.9905,2018,2
1400,2018-02-17,Louis Powell,Staten Island,Electra Townie Original 21D - 2016,Comfort Bicycles,Electra,2,549.99,0.2,Baldwin Bikes,Marcelene Boyer,879.984,2018,2
1400,2018-02-17,Louis Powell,Staten Island,Electra Straight 8 3i - 2018,Cruisers Bicycles,Electra,2,909.99,0.2,Baldwin Bikes,Marcelene Boyer,1455.9840000000002,2018,2
1400,2018-02-17,Louis Powell,Staten Island,Trek Precaliber 20 Girl's - 2018,Children Bicycles,Trek,1,229.99,0.1,Baldwin Bikes,Marcelene Boyer,206.991,2018,2
1400,2018-02-17,Louis Powell,Staten Island,Trek Precaliber 16 Girls - 2017,Children Bicycles,Trek,1,209.99,0.07,Baldwin Bikes,Marcelene Boyer,195.2907,2018,2
1401,2018-02-18,Linnie Branch,Plattsburgh,Trek 820 - 2018,Mountain Bikes,Trek,1,379.99,0.07,Baldwin Bikes,Venita Daniel,353.3907,2018,2
1401,2018-02-18,Linnie Branch,Plattsburgh,Electra Cruiser Lux 1 Ladies' - 2018,Cruisers Bicycles,Electra,1,429.99,0.05,Baldwin Bikes,Venita Daniel,408.4905,2018,2
1401,2018-02-18,Linnie Branch,Plattsburgh,Electra Townie Balloon 3i EQ - 2017/2018,Cruisers Bicycles,Electra,2,749.99,0.2,Baldwin Bikes,Venita Daniel,1199.9840000000002,2018,2
1402,2018-02-19,Earlean Pena,Rome,Trek Lift+ Lowstep - 2018,Electric Bikes,Trek,2,2799.99,0.2,Baldwin Bikes,Marcelene Boyer,4479.9839999999995,2018,2
1402,2018-02-19,Earlean Pena,Rome,Surly Karate Monkey 27.5+ Frameset - 2017,Mountain Bikes,Surly,2,2499.99,0.05,Baldwin Bikes,Marcelene Boyer,4749.981,2018,2
1402,2018-02-19,Earlean Pena,Rome,Trek Powerfly 7 FS - 2018,Electric Bikes,Trek,1,4999.99,0.05,Baldwin Bikes,Marcelene Boyer,4749.9905,2018,2
1402,2018-02-19,Earlean Pena,Rome,Trek Precaliber 20 6-speed Girl's - 2018,Children Bicycles,Trek,1,289.99,0.07,Baldwin Bikes,Marcelene Boyer,269.6907,2018,2
1403,2018-02-21,Cassandra Nichols,Hicksville,Haro Shredder 20 Girls - 2017,Children Bicycles,Haro,2,209.99,0.1,Baldwin Bikes,Venita Daniel,377.982,2018,2
1404,2018-02-23,Bella Perez,Duarte,Trek 820 - 2018,Mountain Bikes,Trek,2,379.99,0.05,Santa Cruz Bikes,Genna Serrano,721.981,2018,2
1404,2018-02-23,Bella Perez,Duarte,Electra Cruiser 1 Ladies' - 2018,Cruisers Bicycles,Electra,1,269.99,0.1,Santa Cruz Bikes,Genna Serrano,242.991,2018,2
1404,2018-02-23,Bella Perez,Duarte,Trek Lift+ - 2018,Electric Bikes,Trek,2,2799.99,0.2,Santa Cruz Bikes,Genna Serrano,4479.9839999999995,2018,2
1405,2018-02-25,Kellie Franco,Commack,Trek Emonda SL 6 Disc - 2018,Road Bikes,Trek,2,2999.99,0.1,Baldwin Bikes,Marcelene Boyer,5399.982,2018,2
1406,2018-02-25,Parthenia Figueroa,Mahopac,Electra Cruiser Lux 1 Ladies' - 2018,Cruisers Bicycles,Electra,2,429.99,0.05,Baldwin Bikes,Venita Daniel,816.981,2018,2
1406,2018-02-25,Parthenia Figueroa,Mahopac,Trek Marlin 5 - 2018,Mountain Bikes,Trek,1,489.99,0.1,Baldwin Bikes,Venita Daniel,440.99100000000004,2018,2
1407,2018-02-26,Georgetta Hardin,Canandaigua,Electra Townie Balloon 3i EQ Ladies' - 2018,Comfort Bicycles,Electra,1,799.99,0.05,Baldwin Bikes,Marcelene Boyer,759.9905,2018,2
1407,2018-02-26,Georgetta Hardin,Canandaigua,Surly Troll Frameset - 2017,Mountain Bikes,Surly,2,832.99,0.1,Baldwin Bikes,Marcelene Boyer,1499.382,2018,2
1407,2018-02-26,Georgetta Hardin,Canandaigua,Trek Superfly 20 - 2018,Children Bicycles,Trek,1,399.99,0.1,Baldwin Bikes,Marcelene Boyer,359.99100000000004,2018,2
1407,2018-02-26,Georgetta Hardin,Canandaigua,Sun Bicycles Spider 3i - 2017,Mountain Bikes,Sun Bicycles,1,832.99,0.2,Baldwin Bikes,Marcelene Boyer,666.392,2018,2
1408,2018-02-26,Katherin Clark,Pittsford,Electra Girl's Hawaii 1 (20-inch) - 2015/2016,Children Bicycles,Electra,2,299.99,0.2,Baldwin Bikes,Marcelene Boyer,479.98400000000004,2018,2
1408,2018-02-26,Katherin Clark,Pittsford,Trek Domane AL 2 Women's - 2018,Road Bikes,Trek,1,749.99,0.2,Baldwin Bikes,Marcelene Boyer,599.9920000000001,2018,2
1408,2018-02-26,Katherin Clark,Pittsford,Trek Marlin 6 - 2018,Mountain Bikes,Trek,1,579.99,0.07,Baldwin Bikes,Marcelene Boyer,539.3906999999999,2018,2
1408,2018-02-26,Katherin Clark,Pittsford,Heller Shagamaw GX1 - 2018,Mountain Bikes,Heller,2,2599.0,0.2,Baldwin Bikes,Marcelene Boyer,4158.400000000001,2018,2
1409,2018-02-26,Tobie Little,Victoria,Electra Townie Balloon 7i EQ - 2018,Comfort Bicycles,Electra,2,899.99,0.07,Rowlett Bikes,Kali Vargas,1673.9814,2018,2
1409,2018-02-26,Tobie Little,Victoria,Trek CrossRip 2 - 2018,Road Bikes,Trek,1,1299.99,0.07,Rowlett Bikes,Kali Vargas,1208.9906999999998,2018,2
1409,2018-02-26,Tobie Little,Victoria,Trek Domane SL 6 - 2018,Road Bikes,Trek,2,3199.99,0.05,Rowlett Bikes,Kali Vargas,6079.980999999999,2018,2
1409,2018-02-26,Tobie Little,Victoria,Strider Strider 20 Sport - 2018,Children Bicycles,Strider,1,289.99,0.05,Rowlett Bikes,Kali Vargas,275.4905,2018,2
1409,2018-02-26,Tobie Little,Victoria,Electra Cruiser 1 Tall - 2016/2018,Cruisers Bicycles,Electra,1,269.99,0.1,Rowlett Bikes,Kali Vargas,242.991,2018,2
1410,2018-02-27,Ruthanne Franco,Astoria,Trek Super Commuter+ 8S - 2018,Electric Bikes,Trek,2,4999.99,0.1,Baldwin Bikes,Venita Daniel,8999.982,2018,2
1410,2018-02-27,Ruthanne Franco,Astoria,Trek Powerfly 7 FS - 2018,Electric Bikes,Trek,2,4999.99,0.2,Baldwin Bikes,Venita Daniel,7999.984,2018,2
1410,2018-02-27,Ruthanne Franco,Astoria,Electra Townie Original 21D EQ - 2017/2018,Comfort Bicycles,Electra,1,679.99,0.1,Baldwin Bikes,Venita Daniel,611.991,2018,2
1411,2018-03-01,Monica Sears,San Jose,Trek Conduit+ - 2016,Electric Bikes,Trek,1,2999.99,0.1,Santa Cruz Bikes,Mireya Copeland,2699.991,2018,3
1411,2018-03-01,Monica Sears,San Jose,Electra Townie Balloon 8D EQ Ladies' - 2016/2017/2018,Comfort Bicycles,Electra,2,749.99,0.2,Santa Cruz Bikes,Mireya Copeland,1199.9840000000002,2018,3
1412,2018-03-01,Diane Jones,Fresh Meadows,Trek Domane AL 3 Women's - 2018,Road Bikes,Trek,2,919.99,0.07,Baldwin Bikes,Venita Daniel,1711.1814,2018,3
1412,2018-03-01,Diane Jones,Fresh Meadows,Trek Fuel EX 9.8 27.5 Plus - 2017,Mountain Bikes,Trek,1,5299.99,0.1,Baldwin Bikes,Venita Daniel,4769.991,2018,3
1412,2018-03-01,Diane Jones,Fresh Meadows,Sun Bicycles Cruz 7 - Women's - 2017,Comfort Bicycles,Sun Bicycles,2,416.99,0.07,Baldwin Bikes,Venita Daniel,775.6014,2018,3
1413,2018-03-01,Lolita Mosley,Houston,"Electra Under-The-Sea 1 16"" - 2018",Children Bicycles,Electra,2,279.99,0.05,Rowlett Bikes,Kali Vargas,531.981,2018,3
1414,2018-03-03,Tiny French,Plainview,Trek Emonda SL 6 Disc - 2018,Road Bikes,Trek,2,2999.99,0.1,Baldwin Bikes,Venita Daniel,5399.982,2018,3
1414,2018-03-03,Tiny French,Plainview,Electra Sweet Ride 3i (20-inch) - Girls' - 2018,Children Bicycles,Electra,2,369.99,0.05,Baldwin Bikes,Venita Daniel,702.981,2018,3
1415,2018-03-03,Carolann Russell,Glen Cove,Surly Wednesday - 2017,Mountain Bikes,Surly,2,1632.99,0.07,Baldwin Bikes,Venita Daniel,3037.3614,2018,3
1415,2018-03-03,Carolann Russell,Glen Cove,Pure Cycles Vine 8-Speed - 2016,Cruisers Bicycles,Pure Cycles,1,429.0,0.05,Baldwin Bikes,Venita Daniel,407.54999999999995,2018,3
1415,2018-03-03,Carolann Russell,Glen Cove,Strider Sport 16 - 2018,Children Bicycles,Strider,2,249.99,0.1,Baldwin Bikes,Venita Daniel,449.982,2018,3
1415,2018-03-03,Carolann Russell,Glen Cove,Electra Townie Original 3i EQ - 2017/2018,Cruisers Bicycles,Electra,1,659.99,0.05,Baldwin Bikes,Venita Daniel,626.9905,2018,3
1416,2018-03-03,Cinthia Poole,Lake Jackson,Trek XM700+ - 2018,Electric Bikes,Trek,1,3499.99,0.2,Rowlett Bikes,Kali Vargas,2799.992,2018,3
1416,2018-03-03,Cinthia Poole,Lake Jackson,Electra Townie Commute 8D Ladies' - 2018,Cruisers Bicycles,Electra,2,699.99,0.1,Rowlett Bikes,Kali Vargas,1259.982,2018,3
1416,2018-03-03,Cinthia Poole,Lake Jackson,Haro Shredder 20 - 2017,Children Bicycles,Haro,2,209.99,0.05,Rowlett Bikes,Kali Vargas,398.981,2018,3
1417,2018-03-04,Rayford Simon,Mountain View,Electra Moto 3i - 2018,Cruisers Bicycles,Electra,2,639.99,0.2,Santa Cruz Bikes,Mireya Copeland,1023.984,2018,3
1418,2018-03-04,Bev Chang,Ithaca,Trek Fuel EX 7 29 - 2018,Mountain Bikes,Trek,2,2499.99,0.2,Baldwin Bikes,Marcelene Boyer,3999.984,2018,3
1418,2018-03-04,Bev Chang,Ithaca,Electra Townie Original 21D EQ Ladies' - 2018,Cruisers Bicycles,Electra,2,679.99,0.05,Baldwin Bikes,Marcelene Boyer,1291.981,2018,3
1419,2018-03-04,Lavern Orr,Webster,Surly Krampus - 2018,Mountain Bikes,Surly,1,1499.0,0.07,Baldwin Bikes,Marcelene Boyer,1394.07,2018,3
1419,2018-03-04,Lavern Orr,Webster,Electra Koa 3i Ladies' - 2018,Cruisers Bicycles,Electra,2,899.99,0.2,Baldwin Bikes,Marcelene Boyer,1439.9840000000002,2018,3
1419,2018-03-04,Lavern Orr,Webster,Electra Daydreamer 3i Ladies' - 2018,Cruisers Bicycles,Electra,1,899.99,0.1,Baldwin Bikes,Marcelene Boyer,809.991,2018,3
1420,2018-03-04,Erna Sloan,Howard Beach,Trek Verve+ Lowstep - 2018,Electric Bikes,Trek,1,2299.99,0.2,Baldwin Bikes,Venita Daniel,1839.992,2018,3
1420,2018-03-04,Erna Sloan,Howard Beach,Trek XM700+ - 2018,Electric Bikes,Trek,2,3499.99,0.1,Baldwin Bikes,Venita Daniel,6299.982,2018,3
1420,2018-03-04,Erna Sloan,Howard Beach,Surly ECR 27.5 - 2018,Mountain Bikes,Surly,1,1899.0,0.1,Baldwin Bikes,Venita Daniel,1709.1000000000001,2018,3
1421,2018-03-05,Sheree Blanchard,Queensbury,Electra Water Lily 1 (16-inch) - Girl's - 2018,Children Bicycles,Electra,2,279.99,0.05,Baldwin Bikes,Venita Daniel,531.981,2018,3
1422,2018-03-05,Jonell Rivas,Amarillo,Sun Bicycles Brickell Tandem CB - 2017,Cruisers Bicycles,Sun Bicycles,2,761.99,0.07,Rowlett Bikes,Kali Vargas,1417.3013999999998,2018,3
1422,2018-03-05,Jonell Rivas,Amarillo,Trek Domane AL 3 Women's - 2018,Road Bikes,Trek,2,919.99,0.2,Rowlett Bikes,Kali Vargas,1471.9840000000002,2018,3
1422,2018-03-05,Jonell Rivas,Amarillo,Electra Townie Original 21D EQ Ladies' - 2018,Cruisers Bicycles,Electra,1,679.99,0.05,Rowlett Bikes,Kali Vargas,645.9905,2018,3
1423,2018-03-06,Selene Vega,Campbell,Electra White Water 3i - 2018,Cruisers Bicycles,Electra,1,749.99,0.2,Santa Cruz Bikes,Mireya Copeland,599.9920000000001,2018,3
1423,2018-03-06,Selene Vega,Campbell,Sun Bicycles Atlas X-Type - 2017,Cruisers Bicycles,Sun Bicycles,1,416.99,0.1,Santa Cruz Bikes,Mireya Copeland,375.291,2018,3
1423,2018-03-06,Selene Vega,Campbell,Electra Townie Original 1 - 2018,Comfort Bicycles,Electra,1,449.99,0.2,Santa Cruz Bikes,Mireya Copeland,359.992,2018,3
1423,2018-03-06,Selene Vega,Campbell,Trek Marlin 5 - 2018,Mountain Bikes,Trek,2,489.99,0.2,Santa Cruz Bikes,Mireya Copeland,783.984,2018,3
1424,2018-03-07,Ester Acevedo,San Lorenzo,Trek Remedy 9.8 27.5 - 2018,Mountain Bikes,Trek,2,4999.99,0.2,Santa Cruz Bikes,Mireya Copeland,7999.984,2018,3
1425,2018-03-07,Lavina Dejesus,Newburgh,Electra Cruiser 7D (24-Inch) Ladies' - 2016/2018,Cruisers Bicycles,Electra,2,319.99,0.05,Baldwin Bikes,Marcelene Boyer,607.981,2018,3
1425,2018-03-07,Lavina Dejesus,Newburgh,Strider Classic 12 Balance Bike - 2018,Children Bicycles,Strider,1,89.99,0.07,Baldwin Bikes,Marcelene Boyer,83.69069999999999,2018,3
1425,2018-03-07,Lavina Dejesus,Newburgh,Haro Shredder 20 Girls - 2017,Children Bicycles,Haro,1,209.99,0.07,Baldwin Bikes,Marcelene Boyer,195.2907,2018,3
1425,2018-03-07,Lavina Dejesus,Newburgh,Trek Domane SL Disc Frameset - 2017,Road Bikes,Trek,2,3199.99,0.05,Baldwin Bikes,Marcelene Boyer,6079.980999999999,2018,3
1425,2018-03-07,Lavina Dejesus,Newburgh,Trek Domane ALR 5 Disc - 2018,Road Bikes,Trek,2,1799.99,0.07,Baldwin Bikes,Marcelene Boyer,3347.9813999999997,2018,3
1426,2018-03-07,Emory O'connor,Rochester,Electra Queen of Hearts 3i - 2018,Cruisers Bicycles,Electra,1,749.99,0.07,Baldwin Bikes,Marcelene Boyer,697.4907,2018,3
1426,2018-03-07,Emory O'connor,Rochester,Electra Townie Original 7D EQ - Women's - 2016,Cruisers Bicycles,Electra,2,599.99,0.05,Baldwin Bikes,Marcelene Boyer,1139.981,2018,3
1426,2018-03-07,Emory O'connor,Rochester,Electra Cruiser 7D (24-Inch) Ladies' - 2016/2018,Children Bicycles,Electra,1,319.99,0.07,Baldwin Bikes,Marcelene Boyer,297.59069999999997,2018,3
1427,2018-03-07,Latoya Johns,Ballston Spa,Electra Cruiser Lux 1 Ladies' - 2018,Cruisers Bicycles,Electra,2,429.99,0.07,Baldwin Bikes,Marcelene Boyer,799.7814,2018,3
1427,2018-03-07,Latoya Johns,Ballston Spa,Trek Remedy 7 27.5 - 2018,Mountain Bikes,Trek,1,2999.99,0.05,Baldwin Bikes,Marcelene Boyer,2849.9905,2018,3
1427,2018-03-07,Latoya Johns,Ballston Spa,Surly Straggler 650b - 2018,Road Bikes,Surly,2,1549.0,0.07,Baldwin Bikes,Marcelene Boyer,2881.14,2018,3
1428,2018-03-08,Addie Hahn,Franklin Square,Electra Super Moto 8i - 2018,Cruisers Bicycles,Electra,2,899.99,0.2,Baldwin Bikes,Venita Daniel,1439.9840000000002,2018,3
1428,2018-03-08,Addie Hahn,Franklin Square,Surly Big Fat Dummy Frameset - 2018,Mountain Bikes,Surly,1,469.99,0.07,Baldwin Bikes,Venita Daniel,437.09069999999997,2018,3
1428,2018-03-08,Addie Hahn,Franklin Square,Trek Neko+ - 2018,Electric Bikes,Trek,2,2799.99,0.07,Baldwin Bikes,Venita Daniel,5207.9814,2018,3
1428,2018-03-08,Addie Hahn,Franklin Square,Surly Karate Monkey 27.5+ Frameset - 2017,Mountain Bikes,Surly,1,2499.99,0.1,Baldwin Bikes,Venita Daniel,2249.991,2018,3
1428,2018-03-08,Addie Hahn,Franklin Square,Trek XM700+ - 2018,Electric Bikes,Trek,2,3499.99,0.2,Baldwin Bikes,Venita Daniel,5599.984,2018,3
1429,2018-03-08,Patria Harper,Astoria,Electra Amsterdam Original 3i - 2015/2017,Cruisers Bicycles,Electra,2,659.99,0.2,Baldwin Bikes,Marcelene Boyer,1055.9840000000002,2018,3
1430,2018-03-10,Tara Maynard,Lindenhurst,Electra Cruiser 7D Ladies' - 2016/2018,Cruisers Bicycles,Electra,1,319.99,0.05,Baldwin Bikes,Venita Daniel,303.9905,2018,3
1430,2018-03-10,Tara Maynard,Lindenhurst,Electra Cruiser 7D (24-Inch) Ladies' - 2016/2018,Children Bicycles,Electra,1,319.99,0.07,Baldwin Bikes,Venita Daniel,297.59069999999997,2018,3
1431,2018-03-11,Mazie Fernandez,Webster,Trek Boone 7 Disc - 2018,Cyclocross Bicycles,Trek,1,3999.99,0.1,Baldwin Bikes,Marcelene Boyer,3599.991,2018,3
1431,2018-03-11,Mazie Fernandez,Webster,Surly Ogre Frameset - 2017,Road Bikes,Surly,1,749.99,0.07,Baldwin Bikes,Marcelene Boyer,697.4907,2018,3
1431,2018-03-11,Mazie Fernandez,Webster,Electra Townie Commute Go! Ladies' - 2018,Cruisers Bicycles,Electra,1,2999.99,0.2,Baldwin Bikes,Marcelene Boyer,2399.9919999999997,2018,3
1431,2018-03-11,Mazie Fernandez,Webster,Electra Townie Balloon 3i EQ - 2017/2018,Cruisers Bicycles,Electra,1,749.99,0.07,Baldwin Bikes,Marcelene Boyer,697.4907,2018,3
1432,2018-03-11,Gayla Sims,Lindenhurst,Surly ECR - 2018,Road Bikes,Surly,1,1899.0,0.2,Baldwin Bikes,Marcelene Boyer,1519.2,2018,3
1433,2018-03-11,Britteny Schroeder,Pittsford,Strider Sport 16 - 2018,Children Bicycles,Strider,1,249.99,0.07,Baldwin Bikes,Venita Daniel,232.4907,2018,3
1434,2018-03-14,Frederica Rojas,Ithaca,Electra Cruiser Lux 1 - 2016/2018,Cruisers Bicycles,Electra,2,429.99,0.2,Baldwin Bikes,Marcelene Boyer,687.984,2018,3
1434,2018-03-14,Frederica Rojas,Ithaca,Electra Townie Commute Go! - 2018,Electric Bikes,Electra,1,2999.99,0.1,Baldwin Bikes,Marcelene Boyer,2699.991,2018,3
1434,2018-03-14,Frederica Rojas,Ithaca,"Electra Starship 1 16"" - 2018",Children Bicycles,Electra,2,279.99,0.1,Baldwin Bikes,Marcelene Boyer,503.982,2018,3
1434,2018-03-14,Frederica Rojas,Ithaca,Trek Powerfly 8 FS Plus - 2017,Electric Bikes,Trek,2,4999.99,0.07,Baldwin Bikes,Marcelene Boyer,9299.981399999999,2018,3
1435,2018-03-14,Laurel Schultz,Mount Vernon,Trek Stache 5 - 2018,Mountain Bikes,Trek,2,1599.99,0.07,Baldwin Bikes,Marcelene Boyer,2975.9813999999997,2018,3
1435,2018-03-14,Laurel Schultz,Mount Vernon,Trek X-Caliber 8 - 2017,Mountain Bikes,Trek,1,999.99,0.2,Baldwin Bikes,Marcelene Boyer,799.9920000000001,2018,3
1435,2018-03-14,Laurel Schultz,Mount Vernon,Sun Bicycles ElectroLite - 2017,Electric Bikes,Sun Bicycles,1,1559.99,0.1,Baldwin Bikes,Marcelene Boyer,1403.991,2018,3
1435,2018-03-14,Laurel Schultz,Mount Vernon,Electra Townie Balloon 3i EQ Ladies' - 2018,Cruisers Bicycles,Electra,1,799.99,0.07,Baldwin Bikes,Marcelene Boyer,743.9907,2018,3
1436,2018-03-14,Zenia Bruce,Rosedale,Electra Townie Original 21D Ladies' - 2018,Cruisers Bicycles,Electra,2,559.99,0.07,Baldwin Bikes,Marcelene Boyer,1041.5814,2018,3
1437,2018-03-15,Homer Powers,Palos Verdes Peninsula,Trek Stache 5 - 2018,Mountain Bikes,Trek,2,1599.99,0.05,Santa Cruz Bikes,Mireya Copeland,3039.9809999999998,2018,3
1438,2018-03-15,Dortha Jarvis,Oceanside,Electra Delivery 3i - 2016/2017/2018,Cruisers Bicycles,Electra,1,959.99,0.2,Baldwin Bikes,Marcelene Boyer,767.9920000000001,2018,3
1438,2018-03-15,Dortha Jarvis,Oceanside,Trek Remedy 9.8 27.5 - 2018,Mountain Bikes,Trek,1,4999.99,0.2,Baldwin Bikes,Marcelene Boyer,3999.992,2018,3
1438,2018-03-15,Dortha Jarvis,Oceanside,Electra Amsterdam Fashion 7i Ladies' - 2017,Cruisers Bicycles,Electra,2,1099.99,0.05,Baldwin Bikes,Marcelene Boyer,2089.9809999999998,2018,3
1438,2018-03-15,Dortha Jarvis,Oceanside,Heller Shagamaw GX1 - 2018,Mountain Bikes,Heller,1,2599.0,0.1,Baldwin Bikes,Marcelene Boyer,2339.1,2018,3
1438,2018-03-15,Dortha Jarvis,Oceanside,Trek Dual Sport+ - 2018,Electric Bikes,Trek,2,2799.99,0.07,Baldwin Bikes,Marcelene Boyer,5207.9814,2018,3
1439,2018-03-15,Jerlene Rios,Plainview,Trek Fuel EX 5 27.5 Plus - 2017,Mountain Bikes,Trek,1,2299.99,0.07,Baldwin Bikes,Venita Daniel,2138.9907,2018,3
1439,2018-03-15,Jerlene Rios,Plainview,Strider Classic 12 Balance Bike - 2018,Children Bicycles,Strider,1,89.99,0.2,Baldwin Bikes,Venita Daniel,71.992,2018,3
1439,2018-03-15,Jerlene Rios,Plainview,Electra Townie Original 7D - 2017,Comfort Bicycles,Electra,2,489.99,0.05,Baldwin Bikes,Venita Daniel,930.981,2018,3
1439,2018-03-15,Jerlene Rios,Plainview,Trek Domane SLR 8 Disc - 2018,Road Bikes,Trek,1,7499.99,0.05,Baldwin Bikes,Venita Daniel,7124.9905,2018,3
1440,2018-03-15,Julianne Shannon,Sugar Land,Trek Marlin 7 - 2017/2018,Mountain Bikes,Trek,2,749.99,0.07,Rowlett Bikes,Kali Vargas,1394.9814,2018,3
1440,2018-03-15,Julianne Shannon,Sugar Land,Sun Bicycles Cruz 7 - Women's - 2017,Comfort Bicycles,Sun Bicycles,1,416.99,0.07,Rowlett Bikes,Kali Vargas,387.8007,2018,3
1440,2018-03-15,Julianne Shannon,Sugar Land,Trek CrossRip+ - 2018,Electric Bikes,Trek,1,4499.99,0.1,Rowlett Bikes,Kali Vargas,4049.991,2018,3
1440,2018-03-15,Julianne Shannon,Sugar Land,Trek Domane AL 2 - 2018,Road Bikes,Trek,2,749.99,0.05,Rowlett Bikes,Kali Vargas,1424.981,2018,3
1440,2018-03-15,Julianne Shannon,Sugar Land,Sun Bicycles Revolutions 24 - Girl's - 2017,Cruisers Bicycles,Sun Bicycles,2,250.99,0.2,Rowlett Bikes,Kali Vargas,401.58400000000006,2018,3
1441,2018-03-15,Orval Hunter,San Angelo,Surly Ice Cream Truck Frameset - 2016,Mountain Bikes,Surly,1,469.99,0.05,Rowlett Bikes,Kali Vargas,446.4905,2018,3
1441,2018-03-15,Orval Hunter,San Angelo,Electra Townie Commute 8D Ladies' - 2018,Cruisers Bicycles,Electra,2,699.99,0.2,Rowlett Bikes,Kali Vargas,1119.9840000000002,2018,3
1441,2018-03-15,Orval Hunter,San Angelo,Haro SR 1.3 - 2017,Mountain Bikes,Haro,1,1409.99,0.07,Rowlett Bikes,Kali Vargas,1311.2907,2018,3
1442,2018-03-16,Emmett Hahn,Freeport,Trek Emonda SLR 6 - 2018,Road Bikes,Trek,1,4499.99,0.1,Baldwin Bikes,Venita Daniel,4049.991,2018,3
1442,2018-03-16,Emmett Hahn,Freeport,Electra Cruiser 1 Ladies' - 2018,Cruisers Bicycles,Electra,1,269.99,0.07,Baldwin Bikes,Venita Daniel,251.0907,2018,3
1442,2018-03-16,Emmett Hahn,Freeport,Trek Precaliber 16 Girl's - 2018,Children Bicycles,Trek,2,209.99,0.05,Baldwin Bikes,Venita Daniel,398.981,2018,3
1443,2018-03-16,Damian Mills,Long Beach,Trek Emonda SLR 6 - 2018,Road Bikes,Trek,1,4499.99,0.07,Baldwin Bikes,Venita Daniel,4184.990699999999,2018,3
1443,2018-03-16,Damian Mills,Long Beach,Trek Emonda S 5 - 2017,Road Bikes,Trek,1,1999.99,0.2,Baldwin Bikes,Venita Daniel,1599.9920000000002,2018,3
1443,2018-03-16,Damian Mills,Long Beach,Electra Townie 7D (20-inch) - Boys' - 2017,Children Bicycles,Electra,2,339.99,0.1,Baldwin Bikes,Venita Daniel,611.9820000000001,2018,3
1444,2018-03-16,Barry Albert,Auburn,Trek Precaliber 16 Girls - 2017,Children Bicycles,Trek,1,209.99,0.1,Baldwin Bikes,Marcelene Boyer,188.991,2018,3
1444,2018-03-16,Barry Albert,Auburn,Surly ECR 27.5 - 2018,Mountain Bikes,Surly,2,1899.0,0.2,Baldwin Bikes,Marcelene Boyer,3038.4,2018,3
1445,2018-03-17,Reita Dickson,Scarsdale,Electra Moto 3i - 2018,Cruisers Bicycles,Electra,2,639.99,0.1,Baldwin Bikes,Venita Daniel,1151.982,2018,3
1445,2018-03-17,Reita Dickson,Scarsdale,Surly Steamroller - 2017,Road Bikes,Surly,1,875.99,0.07,Baldwin Bikes,Venita Daniel,814.6707,2018,3
1445,2018-03-17,Reita Dickson,Scarsdale,Trek Farley Carbon Frameset - 2018,Mountain Bikes,Trek,2,999.99,0.1,Baldwin Bikes,Venita Daniel,1799.982,2018,3
1446,2018-03-17,Sandy Mills,Schenectady,Electra Cruiser 7D (24-Inch) Ladies' - 2016/2018,Cruisers Bicycles,Electra,1,319.99,0.05,Baldwin Bikes,Marcelene Boyer,303.9905,2018,3
1446,2018-03-17,Sandy Mills,Schenectady,Electra Cruiser Lux Fat Tire 7D - 2018,Cruisers Bicycles,Electra,2,639.99,0.05,Baldwin Bikes,Marcelene Boyer,1215.981,2018,3
1446,2018-03-17,Sandy Mills,Schenectady,Electra Daydreamer 3i Ladies' - 2018,Cruisers Bicycles,Electra,2,899.99,0.05,Baldwin Bikes,Marcelene Boyer,1709.981,2018,3
1447,2018-03-18,Lurlene Cotton,Pleasanton,Trek Domane SL 8 Disc - 2018,Road Bikes,Trek,1,5499.99,0.2,Santa Cruz Bikes,Genna Serrano,4399.992,2018,3
1448,2018-03-18,Whitney Estes,Brentwood,Electra Townie Balloon 8D EQ Ladies' - 2016/2017/2018,Cruisers Bicycles,Electra,1,749.99,0.1,Baldwin Bikes,Marcelene Boyer,674.991,2018,3
1449,2018-03-18,Sheba Knapp,Woodside,Trek Emonda ALR 6 - 2018,Road Bikes,Trek,1,2299.99,0.07,Baldwin Bikes,Venita Daniel,2138.9907,2018,3
1449,2018-03-18,Sheba Knapp,Woodside,Trek Domane S 6 - 2017,Road Bikes,Trek,1,2699.99,0.2,Baldwin Bikes,Venita Daniel,2159.9919999999997,2018,3
1449,2018-03-18,Sheba Knapp,Woodside,Electra Townie Balloon 3i EQ Ladies' - 2018,Cruisers Bicycles,Electra,2,799.99,0.07,Baldwin Bikes,Venita Daniel,1487.9814,2018,3
1449,2018-03-18,Sheba Knapp,Woodside,Electra Townie Commute Go! Ladies' - 2018,Cruisers Bicycles,Electra,2,2999.99,0.05,Baldwin Bikes,Venita Daniel,5699.981,2018,3
1449,2018-03-18,Sheba Knapp,Woodside,Electra Girl's Hawaii 1 (16-inch) - 2015/2016,Cruisers Bicycles,Electra,2,269.99,0.1,Baldwin Bikes,Venita Daniel,485.982,2018,3
1450,2018-03-19,Sophia Mcmillan,Uniondale,Electra Straight 8 3i (20-inch) - Boy's - 2017,Children Bicycles,Electra,1,489.99,0.07,Baldwin Bikes,Venita Daniel,455.6907,2018,3
1450,2018-03-19,Sophia Mcmillan,Uniondale,Trek Domane ALR Frameset - 2018,Road Bikes,Trek,2,3199.99,0.1,Baldwin Bikes,Venita Daniel,5759.982,2018,3
1450,2018-03-19,Sophia Mcmillan,Uniondale,Electra Townie Original 21D - 2018,Comfort Bicycles,Electra,1,559.99,0.2,Baldwin Bikes,Venita Daniel,447.992,2018,3
1450,2018-03-19,Sophia Mcmillan,Uniondale,Trek Crockett 7 Disc - 2018,Cyclocross Bicycles,Trek,2,2999.99,0.1,Baldwin Bikes,Venita Daniel,5399.982,2018,3
1450,2018-03-19,Sophia Mcmillan,Uniondale,Electra Koa 3i Ladies' - 2018,Cruisers Bicycles,Electra,2,899.99,0.05,Baldwin Bikes,Venita Daniel,1709.981,2018,3
1451,2018-03-19,Kristy Watkins,Howard Beach,Trek Ticket S Frame - 2018,Mountain Bikes,Trek,1,1469.99,0.05,Baldwin Bikes,Marcelene Boyer,1396.4904999999999,2018,3
1452,2018-03-20,Mireille Puckett,Oxnard,Electra Sugar Skulls 1 (20-inch) - Girl's - 2017,Children Bicycles,Electra,2,299.99,0.1,Santa Cruz Bikes,Genna Serrano,539.9820000000001,2018,3
1452,2018-03-20,Mireille Puckett,Oxnard,Electra Daydreamer 3i Ladies' - 2018,Cruisers Bicycles,Electra,1,899.99,0.2,Santa Cruz Bikes,Genna Serrano,719.9920000000001,2018,3
1452,2018-03-20,Mireille Puckett,Oxnard,Trek Girl's Kickster - 2017,Children Bicycles,Trek,2,149.99,0.05,Santa Cruz Bikes,Genna Serrano,284.981,2018,3
1452,2018-03-20,Mireille Puckett,Oxnard,Sun Bicycles Cruz 7 - Women's - 2017,Comfort Bicycles,Sun Bicycles,2,416.99,0.07,Santa Cruz Bikes,Genna Serrano,775.6014,2018,3
1453,2018-03-20,Leland Mcdowell,Encino,Trek Precaliber 16 Boys - 2017,Children Bicycles,Trek,2,209.99,0.1,Santa Cruz Bikes,Genna Serrano,377.982,2018,3
1454,2018-03-20,Fairy Robinson,Liverpool,Electra Heartchya 1 (20-inch) - Girl's - 2018,Children Bicycles,Electra,1,319.99,0.07,Baldwin Bikes,Marcelene Boyer,297.59069999999997,2018,3
1454,2018-03-20,Fairy Robinson,Liverpool,Sun Bicycles Spider 3i - 2017,Mountain Bikes,Sun Bicycles,2,832.99,0.1,Baldwin Bikes,Marcelene Boyer,1499.382,2018,3
1454,2018-03-20,Fairy Robinson,Liverpool,Surly Krampus - 2018,Mountain Bikes,Surly,1,1499.0,0.2,Baldwin Bikes,Marcelene Boyer,1199.2,2018,3
1454,2018-03-20,Fairy Robinson,Liverpool,Haro Flightline Two 26 Plus - 2017,Mountain Bikes,Haro,2,549.99,0.05,Baldwin Bikes,Marcelene Boyer,1044.981,2018,3
1455,2018-03-20,Greta Page,Commack,Electra Townie 7D (20-inch) - Boys' - 2017,Children Bicycles,Electra,2,339.99,0.05,Baldwin Bikes,Marcelene Boyer,645.981,2018,3
1455,2018-03-20,Greta Page,Commack,Electra Townie Balloon 3i EQ - 2017/2018,Cruisers Bicycles,Electra,1,749.99,0.2,Baldwin Bikes,Marcelene Boyer,599.9920000000001,2018,3
1456,2018-03-20,Hue May,Valley Stream,Trek Lift+ - 2018,Electric Bikes,Trek,2,2799.99,0.05,Baldwin Bikes,Venita Daniel,5319.981,2018,3
1456,2018-03-20,Hue May,Valley Stream,Electra Townie Original 3i EQ Ladies' - 2018,Cruisers Bicycles,Electra,1,639.99,0.07,Baldwin Bikes,Venita Daniel,595.1907,2018,3
1456,2018-03-20,Hue May,Valley Stream,Trek Kickster - 2018,Children Bicycles,Trek,2,159.99,0.1,Baldwin Bikes,Venita Daniel,287.982,2018,3
1456,2018-03-20,Hue May,Valley Stream,Trek Precaliber 20 6-speed Boy's - 2018,Children Bicycles,Trek,1,289.99,0.1,Baldwin Bikes,Venita Daniel,260.99100000000004,2018,3
1456,2018-03-20,Hue May,Valley Stream,Surly Big Fat Dummy Frameset - 2018,Mountain Bikes,Surly,1,469.99,0.1,Baldwin Bikes,Venita Daniel,422.99100000000004,2018,3
1457,2018-03-20,Shanda Stevenson,Freeport,Trek Marlin 5 - 2018,Mountain Bikes,Trek,1,489.99,0.07,Baldwin Bikes,Marcelene Boyer,455.6907,2018,3
1457,2018-03-20,Shanda Stevenson,Freeport,Sun Bicycles Drifter 7 - Women's - 2017,Comfort Bicycles,Sun Bicycles,1,470.99,0.2,Baldwin Bikes,Marcelene Boyer,376.79200000000003,2018,3
1457,2018-03-20,Shanda Stevenson,Freeport,Trek Kickster - 2018,Children Bicycles,Trek,1,159.99,0.2,Baldwin Bikes,Marcelene Boyer,127.99200000000002,2018,3
1457,2018-03-20,Shanda Stevenson,Freeport,Trek Domane SL 5 Disc Women's - 2018,Road Bikes,Trek,2,2499.99,0.2,Baldwin Bikes,Marcelene Boyer,3999.984,2018,3
1458,2018-03-20,Ping Quinn,Rowlett,"Electra Treasure 1 20"" - 2018",Children Bicycles,Electra,2,319.99,0.05,Rowlett Bikes,Kali Vargas,607.981,2018,3
1458,2018-03-20,Ping Quinn,Rowlett,Sun Bicycles Streamway 7 - 2017,Comfort Bicycles,Sun Bicycles,1,533.99,0.05,Rowlett Bikes,Kali Vargas,507.2905,2018,3
1458,2018-03-20,Ping Quinn,Rowlett,Electra Townie Original 21D - 2016,Cruisers Bicycles,Electra,1,549.99,0.05,Rowlett Bikes,Kali Vargas,522.4905,2018,3
1458,2018-03-20,Ping Quinn,Rowlett,Sun Bicycles Biscayne Tandem CB - 2017,Cruisers Bicycles,Sun Bicycles,2,647.99,0.1,Rowlett Bikes,Kali Vargas,1166.382,2018,3
1459,2018-03-21,Genoveva Baldwin,Port Washington,Electra Amsterdam Royal 8i - 2017/2018,Cruisers Bicycles,Electra,1,1259.9,0.1,Baldwin Bikes,Venita Daniel,1133.91,2018,3
1460,2018-03-21,Desmond Rose,Mount Vernon,Trek Powerfly 5 FS - 2018,Electric Bikes,Trek,1,4499.99,0.05,Baldwin Bikes,Venita Daniel,4274.9905,2018,3
1460,2018-03-21,Desmond Rose,Mount Vernon,"Electra Girl's Hawaii 1 16"" - 2017",Cruisers Bicycles,Electra,1,299.99,0.07,Baldwin Bikes,Venita Daniel,278.9907,2018,3
1460,2018-03-21,Desmond Rose,Mount Vernon,Surly ECR Frameset - 2018,Road Bikes,Surly,1,749.99,0.05,Baldwin Bikes,Venita Daniel,712.4905,2018,3
1460,2018-03-21,Desmond Rose,Mount Vernon,Trek Slash 8 27.5 - 2016,Mountain Bikes,Trek,2,3999.99,0.07,Baldwin Bikes,Venita Daniel,7439.981399999999,2018,3
1460,2018-03-21,Desmond Rose,Mount Vernon,Trek Farley Carbon Frameset - 2018,Mountain Bikes,Trek,2,999.99,0.07,Baldwin Bikes,Venita Daniel,1859.9814,2018,3
1461,2018-03-22,Wanita Davenport,Spring Valley,Trek Emonda S 4 - 2017,Road Bikes,Trek,1,1499.99,0.2,Baldwin Bikes,Marcelene Boyer,1199.992,2018,3
1461,2018-03-22,Wanita Davenport,Spring Valley,Electra Townie Commute 8D Ladies' - 2018,Cruisers Bicycles,Electra,2,699.99,0.2,Baldwin Bikes,Marcelene Boyer,1119.9840000000002,2018,3
1462,2018-03-22,Louise Flowers,Depew,Strider Classic 12 Balance Bike - 2018,Children Bicycles,Strider,1,89.99,0.2,Baldwin Bikes,Marcelene Boyer,71.992,2018,3
1462,2018-03-22,Louise Flowers,Depew,Electra Townie Original 7D - 2015/2016,Comfort Bicycles,Electra,1,499.99,0.07,Baldwin Bikes,Marcelene Boyer,464.9907,2018,3
1462,2018-03-22,Louise Flowers,Depew,Electra Cruiser Lux 3i - 2018,Cruisers Bicycles,Electra,1,529.99,0.1,Baldwin Bikes,Marcelene Boyer,476.99100000000004,2018,3
1462,2018-03-22,Louise Flowers,Depew,Electra Tiger Shark 3i (20-inch) - Boys' - 2018,Children Bicycles,Electra,1,369.99,0.1,Baldwin Bikes,Marcelene Boyer,332.99100000000004,2018,3
1462,2018-03-22,Louise Flowers,Depew,Electra Townie Commute Go! - 2018,Cruisers Bicycles,Electra,1,2999.99,0.05,Baldwin Bikes,Marcelene Boyer,2849.9905,2018,3
1463,2018-03-23,Dorothea Chang,Astoria,Trek Silque SLR 8 Women's - 2017,Road Bikes,Trek,2,6499.99,0.05,Baldwin Bikes,Venita Daniel,12349.981,2018,3
1463,2018-03-23,Dorothea Chang,Astoria,Surly Straggler - 2018,Road Bikes,Surly,1,1549.0,0.05,Baldwin Bikes,Venita Daniel,1471.55,2018,3
1464,2018-03-24,Stan Saunders,Canandaigua,Sun Bicycles Cruz 7 - Women's - 2017,Comfort Bicycles,Sun Bicycles,2,416.99,0.05,Baldwin Bikes,Venita Daniel,792.281,2018,3
1464,2018-03-24,Stan Saunders,Canandaigua,Surly Krampus - 2018,Mountain Bikes,Surly,1,1499.0,0.2,Baldwin Bikes,Venita Daniel,1199.2,2018,3
1464,2018-03-24,Stan Saunders,Canandaigua,Trek 1120 - 2018,Road Bikes,Trek,2,2499.99,0.2,Baldwin Bikes,Venita Daniel,3999.984,2018,3
1464,2018-03-24,Stan Saunders,Canandaigua,Trek Domane ALR 4 Disc Women's - 2018,Road Bikes,Trek,2,1549.99,0.05,Baldwin Bikes,Venita Daniel,2944.9809999999998,2018,3
1465,2018-03-25,Cayla Johnson,Coram,Electra Amsterdam Original 3i - 2015/2017,Cruisers Bicycles,Electra,2,659.99,0.05,Baldwin Bikes,Venita Daniel,1253.981,2018,3
1466,2018-03-26,Fannie Jenkins,Oxnard,Electra Townie Commute 27D Ladies - 2018,Comfort Bicycles,Electra,2,899.99,0.07,Santa Cruz Bikes,Genna Serrano,1673.9814,2018,3
1466,2018-03-26,Fannie Jenkins,Oxnard,Electra Townie Commute Go! - 2018,Cruisers Bicycles,Electra,1,2999.99,0.05,Santa Cruz Bikes,Genna Serrano,2849.9905,2018,3
1466,2018-03-26,Fannie Jenkins,Oxnard,Surly Pack Rat - 2018,Road Bikes,Surly,2,1349.0,0.2,Santa Cruz Bikes,Genna Serrano,2158.4,2018,3
1466,2018-03-26,Fannie Jenkins,Oxnard,Trek Stache 5 - 2017,Mountain Bikes,Trek,2,1499.99,0.05,Santa Cruz Bikes,Genna Serrano,2849.9809999999998,2018,3
1467,2018-03-26,Katherina Odom,Plainview,Pure Cycles Western 3-Speed - Women's - 2015/2016,Cruisers Bicycles,Pure Cycles,1,449.0,0.07,Baldwin Bikes,Venita Daniel,417.57,2018,3
1467,2018-03-26,Katherina Odom,Plainview,Trek Fuel EX 8 29 - 2018,Mountain Bikes,Trek,1,3199.99,0.2,Baldwin Bikes,Venita Daniel,2559.992,2018,3
1467,2018-03-26,Katherina Odom,Plainview,Trek Precaliber 24 21-speed Girl's - 2018,Children Bicycles,Trek,2,369.99,0.1,Baldwin Bikes,Venita Daniel,665.9820000000001,2018,3
1468,2018-03-27,Tameka Fisher,Redondo Beach,Trek Precaliber 12 Boy's - 2018,Children Bicycles,Trek,1,199.99,0.05,Santa Cruz Bikes,Mireya Copeland,189.9905,2018,3
1468,2018-03-27,Tameka Fisher,Redondo Beach,Trek Madone 9.2 - 2017,Road Bikes,Trek,1,4999.99,0.07,Santa Cruz Bikes,Mireya Copeland,4649.990699999999,2018,3
1468,2018-03-27,Tameka Fisher,Redondo Beach,Trek Silque SLR 7 Women's - 2017,Road Bikes,Trek,2,5999.99,0.07,Santa Cruz Bikes,Mireya Copeland,11159.981399999999,2018,3
1469,2018-03-27,Alisia Albert,Garland,Electra Glam Punk 3i Ladies' - 2017,Cruisers Bicycles,Electra,2,799.99,0.2,Rowlett Bikes,Kali Vargas,1279.9840000000002,2018,3
1469,2018-03-27,Alisia Albert,Garland,Electra Relic 3i - 2018,Cruisers Bicycles,Electra,2,849.99,0.05,Rowlett Bikes,Kali Vargas,1614.981,2018,3
1469,2018-03-27,Alisia Albert,Garland,Trek Domane SL 5 Disc - 2018,Road Bikes,Trek,1,2499.99,0.07,Rowlett Bikes,Kali Vargas,2324.9907,2018,3
1469,2018-03-27,Alisia Albert,Garland,Electra Townie 3i EQ (20-inch) - Boys' - 2017,Children Bicycles,Electra,2,489.99,0.05,Rowlett Bikes,Kali Vargas,930.981,2018,3
1470,2018-03-28,Wilda Petersen,Jamaica,Sun Bicycles Drifter 7 - 2017,Comfort Bicycles,Sun Bicycles,2,470.99,0.1,Baldwin Bikes,Venita Daniel,847.782,2018,3
1470,2018-03-28,Wilda Petersen,Jamaica,Electra Straight 8 1 (16-inch) - Boy's - 2018,Children Bicycles,Electra,1,279.99,0.05,Baldwin Bikes,Venita Daniel,265.9905,2018,3
1470,2018-03-28,Wilda Petersen,Jamaica,Electra Townie Commute Go! Ladies' - 2018,Cruisers Bicycles,Electra,2,2999.99,0.05,Baldwin Bikes,Venita Daniel,5699.981,2018,3
1471,2018-03-28,Emanuel Mckee,Schenectady,Trek Domane S 5 Disc - 2017,Road Bikes,Trek,2,2599.99,0.2,Baldwin Bikes,Venita Daniel,4159.9839999999995,2018,3
1471,2018-03-28,Emanuel Mckee,Schenectady,Trek Procaliber 6 - 2018,Mountain Bikes,Trek,1,1799.99,0.07,Baldwin Bikes,Venita Daniel,1673.9906999999998,2018,3
1472,2018-03-29,Thalia Horne,Amityville,Sun Bicycles Lil Kitt'n - 2017,Children Bicycles,Sun Bicycles,1,109.99,0.2,Baldwin Bikes,Marcelene Boyer,87.992,2018,3
1472,2018-03-29,Thalia Horne,Amityville,Electra Townie Balloon 3i EQ Ladies' - 2018,Comfort Bicycles,Electra,1,799.99,0.2,Baldwin Bikes,Marcelene Boyer,639.9920000000001,2018,3
1473,2018-03-30,Hayden Cross,Apple Valley,Sun Bicycles Lil Kitt'n - 2017,Children Bicycles,Sun Bicycles,2,109.99,0.2,Santa Cruz Bikes,Mireya Copeland,175.984,2018,3
1473,2018-03-30,Hayden Cross,Apple Valley,Electra Townie Original 7D - 2017,Comfort Bicycles,Electra,1,489.99,0.07,Santa Cruz Bikes,Mireya Copeland,455.6907,2018,3
1474,2018-03-30,Marshall Johnson,Vista,Electra Townie Balloon 7i EQ - 2018,Comfort Bicycles,Electra,1,899.99,0.2,Santa Cruz Bikes,Genna Serrano,719.9920000000001,2018,3
1474,2018-03-30,Marshall Johnson,Vista,Trek Farley Carbon Frameset - 2018,Mountain Bikes,Trek,1,999.99,0.05,Santa Cruz Bikes,Genna Serrano,949.9905,2018,3
1475,2018-03-30,Yuk Vega,West Hempstead,Electra Townie Balloon 7i EQ Ladies' - 2017/2018,Comfort Bicycles,Electra,2,899.99,0.05,Baldwin Bikes,Marcelene Boyer,1709.981,2018,3
1475,2018-03-30,Yuk Vega,West Hempstead,Electra Townie Balloon 7i EQ - 2018,Cruisers Bicycles,Electra,2,899.99,0.07,Baldwin Bikes,Marcelene Boyer,1673.9814,2018,3
1475,2018-03-30,Yuk Vega,West Hempstead,Surly ECR - 2018,Road Bikes,Surly,2,1899.0,0.05,Baldwin Bikes,Marcelene Boyer,3608.1,2018,3
1475,2018-03-30,Yuk Vega,West Hempstead,Electra Townie Original 7D EQ Ladies' - 2017/2018,Cruisers Bicycles,Electra,2,599.99,0.2,Baldwin Bikes,Marcelene Boyer,959.984,2018,3
1476,2018-03-31,Guillermina Noble,Baldwinsville,Trek Fuel EX 8 29 XT - 2018,Mountain Bikes,Trek,2,3199.99,0.07,Baldwin Bikes,Venita Daniel,5951.981399999999,2018,3
1476,2018-03-31,Guillermina Noble,Baldwinsville,Trek Precaliber 24 (21-Speed) - Girls - 2017,Children Bicycles,Trek,2,349.99,0.07,Baldwin Bikes,Venita Daniel,650.9814,2018,3
1476,2018-03-31,Guillermina Noble,Baldwinsville,Trek Fuel EX 9.8 27.5 Plus - 2017,Mountain Bikes,Trek,1,5299.99,0.07,Baldwin Bikes,Venita Daniel,4928.990699999999,2018,3
1476,2018-03-31,Guillermina Noble,Baldwinsville,Electra Loft Go! 8i - 2018,Electric Bikes,Electra,1,2799.99,0.1,Baldwin Bikes,Venita Daniel,2519.991,2018,3
1476,2018-03-31,Guillermina Noble,Baldwinsville,Strider Strider 20 Sport - 2018,Children Bicycles,Strider,2,289.99,0.1,Baldwin Bikes,Venita Daniel,521.9820000000001,2018,3
1477,2018-03-31,Karey Steele,Farmingdale,Surly Straggler - 2018,Cyclocross Bicycles,Surly,2,1549.0,0.2,Baldwin Bikes,Marcelene Boyer,2478.4,2018,3
1478,2018-03-31,Cyndi Bush,Elmhurst,Electra Townie 3i EQ (20-inch) - Boys' - 2017,Children Bicycles,Electra,2,489.99,0.1,Baldwin Bikes,Marcelene Boyer,881.9820000000001,2018,3
1478,2018-03-31,Cyndi Bush,Elmhurst,Trek Farley Carbon Frameset - 2018,Mountain Bikes,Trek,1,999.99,0.2,Baldwin Bikes,Marcelene Boyer,799.9920000000001,2018,3
1479,2018-04-01,Kaylee English,Hollis,Electra Townie Commute Go! Ladies' - 2018,Cruisers Bicycles,Electra,1,2999.99,0.05,Baldwin Bikes,Venita Daniel,2849.9905,2018,4
1479,2018-04-01,Kaylee English,Hollis,Electra Townie Commute 27D - 2018,Cruisers Bicycles,Electra,1,899.99,0.1,Baldwin Bikes,Venita Daniel,809.991,2018,4
1480,2018-04-01,Santos Valencia,Sunnyside,Electra Townie Balloon 8D EQ Ladies' - 2016/2017/2018,Comfort Bicycles,Electra,2,749.99,0.1,Baldwin Bikes,Venita Daniel,1349.982,2018,4
1480,2018-04-01,Santos Valencia,Sunnyside,Electra Amsterdam Original 3i Ladies' - 2017,Cruisers Bicycles,Electra,2,659.99,0.1,Baldwin Bikes,Venita Daniel,1187.982,2018,4
1480,2018-04-01,Santos Valencia,Sunnyside,Haro Shredder 20 - 2017,Children Bicycles,Haro,2,209.99,0.07,Baldwin Bikes,Venita Daniel,390.5814,2018,4
1480,2018-04-01,Santos Valencia,Sunnyside,Electra Delivery 3i - 2016/2017/2018,Cruisers Bicycles,Electra,2,959.99,0.07,Baldwin Bikes,Venita Daniel,1785.5813999999998,2018,4
1481,2018-04-01,Alica Hunter,East Elmhurst,Surly Ogre Frameset - 2017,Road Bikes,Surly,2,749.99,0.07,Baldwin Bikes,Marcelene Boyer,1394.9814,2018,4
1481,2018-04-01,Alica Hunter,East Elmhurst,Trek Stache Carbon Frameset - 2018,Mountain Bikes,Trek,1,919.99,0.1,Baldwin Bikes,Marcelene Boyer,827.991,2018,4
1482,2018-04-01,Sharyn Hopkins,Baldwinsville,Trek Emonda S 4 - 2017,Road Bikes,Trek,1,1499.99,0.1,Baldwin Bikes,Venita Daniel,1349.991,2018,4
1482,2018-04-01,Sharyn Hopkins,Baldwinsville,Trek Marlin 5 - 2018,Mountain Bikes,Trek,1,489.99,0.05,Baldwin Bikes,Venita Daniel,465.4905,2018,4
1482,2018-04-01,Sharyn Hopkins,Baldwinsville,Trek Madone 9.2 - 2017,Road Bikes,Trek,2,4999.99,0.07,Baldwin Bikes,Venita Daniel,9299.981399999999,2018,4
1482,2018-04-01,Sharyn Hopkins,Baldwinsville,Trek Fuel EX 9.8 29 - 2017,Mountain Bikes,Trek,1,4999.99,0.05,Baldwin Bikes,Venita Daniel,4749.9905,2018,4
1482,2018-04-01,Sharyn Hopkins,Baldwinsville,Trek Super Commuter+ 8S - 2018,Electric Bikes,Trek,2,4999.99,0.05,Baldwin Bikes,Venita Daniel,9499.981,2018,4
1483,2018-04-02,Linnie Branch,Plattsburgh,Trek Superfly 24 - 2017/2018,Children Bicycles,Trek,1,489.99,0.05,Baldwin Bikes,Venita Daniel,465.4905,2018,4
1483,2018-04-02,Linnie Branch,Plattsburgh,Electra Townie Original 21D EQ - 2017/2018,Cruisers Bicycles,Electra,2,679.99,0.07,Baldwin Bikes,Venita Daniel,1264.7813999999998,2018,4
1484,2018-04-02,Guillermina Noble,Baldwinsville,"Electra Treasure 1 20"" - 2018",Children Bicycles,Electra,2,319.99,0.07,Baldwin Bikes,Marcelene Boyer,595.1813999999999,2018,4
1484,2018-04-02,Guillermina Noble,Baldwinsville,Trek Domane SL 6 - 2017,Road Bikes,Trek,2,3499.99,0.2,Baldwin Bikes,Marcelene Boyer,5599.984,2018,4
1484,2018-04-02,Guillermina Noble,Baldwinsville,Electra Townie Original 21D EQ - 2017/2018,Comfort Bicycles,Electra,2,679.99,0.05,Baldwin Bikes,Marcelene Boyer,1291.981,2018,4
1485,2018-04-02,Gertrud Rhodes,Merrick,Surly Troll Frameset - 2018,Mountain Bikes,Surly,2,2499.99,0.2,Baldwin Bikes,Venita Daniel,3999.984,2018,4
1485,2018-04-02,Gertrud Rhodes,Merrick,Trek Precaliber 24 (7-Speed) - Boys - 2018,Children Bicycles,Trek,1,319.99,0.2,Baldwin Bikes,Venita Daniel,255.99200000000002,2018,4
1486,2018-04-02,Armand Whitehead,Lindenhurst,Sun Bicycles ElectroLite - 2017,Electric Bikes,Sun Bicycles,2,1559.99,0.05,Baldwin Bikes,Venita Daniel,2963.9809999999998,2018,4
1486,2018-04-02,Armand Whitehead,Lindenhurst,Electra Straight 8 3i (20-inch) - Boy's - 2017,Children Bicycles,Electra,1,489.99,0.05,Baldwin Bikes,Venita Daniel,465.4905,2018,4
1486,2018-04-02,Armand Whitehead,Lindenhurst,Trek Marlin 5 - 2018,Mountain Bikes,Trek,1,489.99,0.1,Baldwin Bikes,Venita Daniel,440.99100000000004,2018,4
1486,2018-04-02,Armand Whitehead,Lindenhurst,Trek Precaliber 12 Boy's - 2018,Children Bicycles,Trek,1,199.99,0.1,Baldwin Bikes,Venita Daniel,179.991,2018,4
1487,2018-04-03,Deloris Burke,Palos Verdes Peninsula,Trek Emonda SLR 6 - 2018,Road Bikes,Trek,1,4499.99,0.07,Santa Cruz Bikes,Genna Serrano,4184.990699999999,2018,4
1487,2018-04-03,Deloris Burke,Palos Verdes Peninsula,Trek Domane ALR 4 Disc Women's - 2018,Road Bikes,Trek,2,1549.99,0.2,Santa Cruz Bikes,Genna Serrano,2479.9840000000004,2018,4
1487,2018-04-03,Deloris Burke,Palos Verdes Peninsula,Electra Townie Commute Go! - 2018,Electric Bikes,Electra,1,2999.99,0.05,Santa Cruz Bikes,Genna Serrano,2849.9905,2018,4
1487,2018-04-03,Deloris Burke,Palos Verdes Peninsula,Trek Verve+ - 2018,Electric Bikes,Trek,1,2299.99,0.05,Santa Cruz Bikes,Genna Serrano,2184.9905,2018,4
1487,2018-04-03,Deloris Burke,Palos Verdes Peninsula,Electra Moto 3i (20-inch) - Boy's - 2017,Children Bicycles,Electra,2,349.99,0.2,Santa Cruz Bikes,Genna Serrano,559.984,2018,4
1488,2018-04-03,Olevia Pitts,Redondo Beach,Trek Fuel EX 5 27.5 Plus - 2017,Mountain Bikes,Trek,1,2299.99,0.07,Santa Cruz Bikes,Genna Serrano,2138.9907,2018,4
1488,2018-04-03,Olevia Pitts,Redondo Beach,Surly Troll Frameset - 2018,Mountain Bikes,Surly,1,2499.99,0.07,Santa Cruz Bikes,Genna Serrano,2324.9907,2018,4
1489,2018-04-03,Dorine Roberson,Santa Cruz,Electra Townie Commute Go! - 2018,Electric Bikes,Electra,1,2999.99,0.2,Santa Cruz Bikes,Genna Serrano,2399.9919999999997,2018,4
1489,2018-04-03,Dorine Roberson,Santa Cruz,Electra Cyclosaurus 1 (16-inch) - Boy's - 2018,Children Bicycles,Electra,2,279.99,0.2,Santa Cruz Bikes,Genna Serrano,447.98400000000004,2018,4
1489,2018-04-03,Dorine Roberson,Santa Cruz,Surly Steamroller - 2017,Road Bikes,Surly,1,875.99,0.1,Santa Cruz Bikes,Genna Serrano,788.3910000000001,2018,4
1490,2018-04-03,Carline Collier,Fresno,Electra Sugar Skulls 1 (20-inch) - Girl's - 2017,Children Bicycles,Electra,1,299.99,0.1,Santa Cruz Bikes,Genna Serrano,269.99100000000004,2018,4
1490,2018-04-03,Carline Collier,Fresno,Electra Townie Balloon 3i EQ - 2017/2018,Cruisers Bicycles,Electra,1,749.99,0.1,Santa Cruz Bikes,Genna Serrano,674.991,2018,4
1490,2018-04-03,Carline Collier,Fresno,Electra Cruiser 7D - 2016/2017/2018,Cruisers Bicycles,Electra,1,319.99,0.05,Santa Cruz Bikes,Genna Serrano,303.9905,2018,4
1491,2018-04-04,Lizzie Joyner,Coachella,"Electra Girl's Hawaii 1 16"" - 2017",Children Bicycles,Electra,2,299.99,0.2,Santa Cruz Bikes,Genna Serrano,479.98400000000004,2018,4
1491,2018-04-04,Lizzie Joyner,Coachella,Electra Townie Original 1 - 2018,Comfort Bicycles,Electra,1,449.99,0.05,Santa Cruz Bikes,Genna Serrano,427.4905,2018,4
1491,2018-04-04,Lizzie Joyner,Coachella,Sun Bicycles ElectroLite - 2017,Electric Bikes,Sun Bicycles,2,1559.99,0.07,Santa Cruz Bikes,Genna Serrano,2901.5814,2018,4
1491,2018-04-04,Lizzie Joyner,Coachella,Trek Remedy 7 27.5 - 2018,Mountain Bikes,Trek,2,2999.99,0.07,Santa Cruz Bikes,Genna Serrano,5579.9814,2018,4
1492,2018-04-04,Kathie Freeman,Queensbury,Haro Flightline One ST - 2017,Mountain Bikes,Haro,2,379.99,0.1,Baldwin Bikes,Venita Daniel,683.9820000000001,2018,4
1493,2018-04-04,Bobbie Foster,Desoto,Electra Cruiser Lux 1 Ladies' - 2018,Cruisers Bicycles,Electra,1,429.99,0.1,Rowlett Bikes,Kali Vargas,386.99100000000004,2018,4
1494,2018-04-05,Katelin Kennedy,Rocklin,Electra Cruiser Lux 1 Ladies' - 2018,Cruisers Bicycles,Electra,2,429.99,0.1,Santa Cruz Bikes,Genna Serrano,773.9820000000001,2018,4
1494,2018-04-05,Katelin Kennedy,Rocklin,Trek Domane AL 2 - 2018,Road Bikes,Trek,2,749.99,0.2,Santa Cruz Bikes,Genna Serrano,1199.9840000000002,2018,4
1494,2018-04-05,Katelin Kennedy,Rocklin,Strider Sport 16 - 2018,Children Bicycles,Strider,2,249.99,0.05,Santa Cruz Bikes,Genna Serrano,474.981,2018,4
1495,2018-04-05,Lissa Vargas,Oswego,Electra Sweet Ride 3i (20-inch) - Girls' - 2018,Children Bicycles,Electra,2,369.99,0.05,Baldwin Bikes,Venita Daniel,702.981,2018,4
1495,2018-04-05,Lissa Vargas,Oswego,Electra Townie Balloon 8D EQ Ladies' - 2016/2017/2018,Comfort Bicycles,Electra,2,749.99,0.2,Baldwin Bikes,Venita Daniel,1199.9840000000002,2018,4
1495,2018-04-05,Lissa Vargas,Oswego,Heller Shagamaw GX1 - 2018,Mountain Bikes,Heller,1,2599.0,0.1,Baldwin Bikes,Venita Daniel,2339.1,2018,4
1496,2018-04-06,Tameka Fisher,Redondo Beach,Electra Townie Original 7D EQ Ladies' - 2017/2018,Cruisers Bicycles,Electra,1,599.99,0.07,Santa Cruz Bikes,Genna Serrano,557.9907,2018,4
1496,2018-04-06,Tameka Fisher,Redondo Beach,Electra Tiger Shark 3i - 2018,Cruisers Bicycles,Electra,1,899.99,0.07,Santa Cruz Bikes,Genna Serrano,836.9907,2018,4
1496,2018-04-06,Tameka Fisher,Redondo Beach,Electra Cruiser Lux 7D - 2018,Cruisers Bicycles,Electra,2,479.99,0.05,Santa Cruz Bikes,Genna Serrano,911.981,2018,4
1496,2018-04-06,Tameka Fisher,Redondo Beach,Electra Townie Original 1 - 2018,Comfort Bicycles,Electra,1,449.99,0.05,Santa Cruz Bikes,Genna Serrano,427.4905,2018,4
1496,2018-04-06,Tameka Fisher,Redondo Beach,Electra Delivery 3i - 2016/2017/2018,Cruisers Bicycles,Electra,2,959.99,0.2,Santa Cruz Bikes,Genna Serrano,1535.9840000000002,2018,4
1497,2018-04-06,Williemae Holloway,Oakland,Trek Stache 5 - 2018,Mountain Bikes,Trek,2,1599.99,0.2,Santa Cruz Bikes,Mireya Copeland,2559.9840000000004,2018,4
1497,2018-04-06,Williemae Holloway,Oakland,Electra Townie Commute Go! - 2018,Electric Bikes,Electra,2,2999.99,0.1,Santa Cruz Bikes,Mireya Copeland,5399.982,2018,4
1497,2018-04-06,Williemae Holloway,Oakland,Trek Super Commuter+ 7 - 2018,Electric Bikes,Trek,2,3599.99,0.07,Santa Cruz Bikes,Mireya Copeland,6695.981399999999,2018,4
1498,2018-04-06,Zina Bonner,San Lorenzo,Trek Domane ALR Disc Frameset - 2018,Road Bikes,Trek,1,3199.99,0.05,Santa Cruz Bikes,Mireya Copeland,3039.9904999999994,2018,4
1498,2018-04-06,Zina Bonner,San Lorenzo,Electra Townie Balloon 3i EQ Ladies' - 2018,Cruisers Bicycles,Electra,2,799.99,0.07,Santa Cruz Bikes,Mireya Copeland,1487.9814,2018,4
1499,2018-04-06,Luz House,Fresno,Sun Bicycles Drifter 7 - 2017,Comfort Bicycles,Sun Bicycles,1,470.99,0.05,Santa Cruz Bikes,Mireya Copeland,447.4405,2018,4
1499,2018-04-06,Luz House,Fresno,Trek Crockett 5 Disc - 2018,Cyclocross Bicycles,Trek,1,1799.99,0.07,Santa Cruz Bikes,Mireya Copeland,1673.9906999999998,2018,4
1499,2018-04-06,Luz House,Fresno,Trek Kickster - 2018,Children Bicycles,Trek,2,159.99,0.05,Santa Cruz Bikes,Mireya Copeland,303.981,2018,4
1499,2018-04-06,Luz House,Fresno,Ritchey Timberwolf Frameset - 2016,Mountain Bikes,Ritchey,1,749.99,0.05,Santa Cruz Bikes,Mireya Copeland,712.4905,2018,4
1499,2018-04-06,Luz House,Fresno,Trek Domane SL 6 - 2018,Road Bikes,Trek,2,3199.99,0.1,Santa Cruz Bikes,Mireya Copeland,5759.982,2018,4
1500,2018-04-06,Joesph Delacruz,Atwater,Haro Shift R3 - 2017,Mountain Bikes,Haro,2,1469.99,0.07,Santa Cruz Bikes,Genna Serrano,2734.1814,2018,4
1500,2018-04-06,Joesph Delacruz,Atwater,Electra Tiger Shark 1 (20-inch) - Boys' - 2018,Children Bicycles,Electra,1,319.99,0.07,Santa Cruz Bikes,Genna Serrano,297.59069999999997,2018,4
1501,2018-04-06,Tu Ramirez,East Elmhurst,Electra Townie Original 7D EQ Ladies' - 2017/2018,Cruisers Bicycles,Electra,1,599.99,0.05,Baldwin Bikes,Marcelene Boyer,569.9905,2018,4
1501,2018-04-06,Tu Ramirez,East Elmhurst,Electra Moto 3i - 2018,Cruisers Bicycles,Electra,1,639.99,0.07,Baldwin Bikes,Marcelene Boyer,595.1907,2018,4
1501,2018-04-06,Tu Ramirez,East Elmhurst,Electra Moto 1 - 2016,Cruisers Bicycles,Electra,1,529.99,0.05,Baldwin Bikes,Marcelene Boyer,503.4905,2018,4
1501,2018-04-06,Tu Ramirez,East Elmhurst,Sun Bicycles Revolutions 24 - Girl's - 2017,Cruisers Bicycles,Sun Bicycles,1,250.99,0.2,Baldwin Bikes,Marcelene Boyer,200.79200000000003,2018,4
1501,2018-04-06,Tu Ramirez,East Elmhurst,Surly Straggler - 2018,Cyclocross Bicycles,Surly,1,1549.0,0.05,Baldwin Bikes,Marcelene Boyer,1471.55,2018,4
1502,2018-04-06,Tiesha Daniel,Scarsdale,Electra Cruiser Lux 3i Ladies' - 2018,Cruisers Bicycles,Electra,2,529.99,0.2,Baldwin Bikes,Marcelene Boyer,847.984,2018,4
1502,2018-04-06,Tiesha Daniel,Scarsdale,Pure Cycles William 3-Speed - 2016,Cruisers Bicycles,Pure Cycles,2,449.0,0.07,Baldwin Bikes,Marcelene Boyer,835.14,2018,4
1502,2018-04-06,Tiesha Daniel,Scarsdale,Electra Townie Original 7D EQ - 2016,Comfort Bicycles,Electra,2,599.99,0.07,Baldwin Bikes,Marcelene Boyer,1115.9814,2018,4
1502,2018-04-06,Tiesha Daniel,Scarsdale,Trek Kickster - 2018,Children Bicycles,Trek,1,159.99,0.2,Baldwin Bikes,Marcelene Boyer,127.99200000000002,2018,4
1502,2018-04-06,Tiesha Daniel,Scarsdale,Electra Townie Balloon 7i EQ Ladies' - 2017/2018,Cruisers Bicycles,Electra,1,899.99,0.07,Baldwin Bikes,Marcelene Boyer,836.9907,2018,4
1503,2018-04-07,Denis Logan,Ridgecrest,Electra Straight 8 3i - 2018,Cruisers Bicycles,Electra,1,909.99,0.1,Santa Cruz Bikes,Genna Serrano,818.991,2018,4
1503,2018-04-07,Denis Logan,Ridgecrest,Electra Townie Original 1 - 2018,Comfort Bicycles,Electra,2,449.99,0.05,Santa Cruz Bikes,Genna Serrano,854.981,2018,4
1504,2018-04-08,Elvera Peck,Banning,Trek Precaliber 24 (7-Speed) - Boys - 2018,Children Bicycles,Trek,1,319.99,0.07,Santa Cruz Bikes,Mireya Copeland,297.59069999999997,2018,4
1505,2018-04-08,Adelle Larsen,East Northport,Electra Cruiser Lux 3i - 2018,Cruisers Bicycles,Electra,2,529.99,0.05,Baldwin Bikes,Venita Daniel,1006.981,2018,4
1505,2018-04-08,Adelle Larsen,East Northport,Electra Townie Original 21D - 2016,Comfort Bicycles,Electra,2,549.99,0.07,Baldwin Bikes,Venita Daniel,1022.9813999999999,2018,4
1505,2018-04-08,Adelle Larsen,East Northport,Trek Fuel EX 9.8 27.5 Plus - 2017,Mountain Bikes,Trek,2,5299.99,0.05,Baldwin Bikes,Venita Daniel,10069.981,2018,4
1506,2018-04-08,Abby Gamble,Amityville,Trek Domane SL 6 Disc - 2018,Road Bikes,Trek,1,3499.99,0.05,Baldwin Bikes,Venita Daniel,3324.9904999999994,2018,4
1506,2018-04-08,Abby Gamble,Amityville,Trek Domane SL 7 Women's - 2018,Road Bikes,Trek,2,4999.99,0.2,Baldwin Bikes,Venita Daniel,7999.984,2018,4
1506,2018-04-08,Abby Gamble,Amityville,Trek Domane SLR 8 Disc - 2018,Road Bikes,Trek,2,7499.99,0.05,Baldwin Bikes,Venita Daniel,14249.981,2018,4
1507,2018-04-08,Teofila Fischer,Huntington Station,Trek Stache 5 - 2017,Mountain Bikes,Trek,2,1499.99,0.2,Baldwin Bikes,Marcelene Boyer,2399.984,2018,4
1507,2018-04-08,Teofila Fischer,Huntington Station,Surly Straggler 650b - 2016,Cyclocross Bicycles,Surly,2,1680.99,0.1,Baldwin Bikes,Marcelene Boyer,3025.782,2018,4
1507,2018-04-08,Teofila Fischer,Huntington Station,Electra Amsterdam Royal 8i Ladies - 2018,Cruisers Bicycles,Electra,1,1199.99,0.07,Baldwin Bikes,Marcelene Boyer,1115.9906999999998,2018,4
1507,2018-04-08,Teofila Fischer,Huntington Station,Electra Cruiser 7D (24-Inch) Ladies' - 2016/2018,Children Bicycles,Electra,1,319.99,0.07,Baldwin Bikes,Marcelene Boyer,297.59069999999997,2018,4
1507,2018-04-08,Teofila Fischer,Huntington Station,Electra Tiger Shark 1 (20-inch) - Boys' - 2018,Children Bicycles,Electra,2,319.99,0.05,Baldwin Bikes,Marcelene Boyer,607.981,2018,4
1508,2018-04-08,Tena Cruz,Farmingdale,Haro Flightline One ST - 2017,Mountain Bikes,Haro,1,379.99,0.2,Baldwin Bikes,Marcelene Boyer,303.992,2018,4
1508,2018-04-08,Tena Cruz,Farmingdale,Sun Bicycles Cruz 7 - Women's - 2017,Comfort Bicycles,Sun Bicycles,1,416.99,0.1,Baldwin Bikes,Marcelene Boyer,375.291,2018,4
1508,2018-04-08,Tena Cruz,Farmingdale,Surly Steamroller - 2017,Road Bikes,Surly,2,875.99,0.05,Baldwin Bikes,Marcelene Boyer,1664.3809999999999,2018,4
1508,2018-04-08,Tena Cruz,Farmingdale,Trek Precaliber 12 Girls - 2017,Children Bicycles,Trek,1,189.99,0.05,Baldwin Bikes,Marcelene Boyer,180.4905,2018,4
1509,2018-04-09,Kasha Todd,Campbell,Electra Queen of Hearts 3i - 2018,Cruisers Bicycles,Electra,2,749.99,0.07,Santa Cruz Bikes,Genna Serrano,1394.9814,2018,4
1510,2018-04-09,Emmitt Sanchez,New York,Trek Fuel EX 8 29 XT - 2018,Mountain Bikes,Trek,2,3199.99,0.05,Baldwin Bikes,Marcelene Boyer,6079.980999999999,2018,4
1510,2018-04-09,Emmitt Sanchez,New York,Sun Bicycles Cruz 3 - 2017,Cruisers Bicycles,Sun Bicycles,1,449.99,0.1,Baldwin Bikes,Marcelene Boyer,404.99100000000004,2018,4
1510,2018-04-09,Emmitt Sanchez,New York,Electra Townie Commute Go! - 2018,Cruisers Bicycles,Electra,2,2999.99,0.1,Baldwin Bikes,Marcelene Boyer,5399.982,2018,4
1510,2018-04-09,Emmitt Sanchez,New York,Electra Cruiser 1 Ladies' - 2018,Cruisers Bicycles,Electra,2,269.99,0.1,Baldwin Bikes,Marcelene Boyer,485.982,2018,4
1510,2018-04-09,Emmitt Sanchez,New York,Heller Shagamaw GX1 - 2018,Mountain Bikes,Heller,1,2599.0,0.05,Baldwin Bikes,Marcelene Boyer,2469.0499999999997,2018,4
1511,2018-04-09,Regenia Vaughan,Mahopac,Trek Domane ALR 4 Disc - 2018,Road Bikes,Trek,2,1549.99,0.2,Baldwin Bikes,Marcelene Boyer,2479.9840000000004,2018,4
1511,2018-04-09,Regenia Vaughan,Mahopac,Electra Straight 8 1 (20-inch) - Boy's - 2018,Children Bicycles,Electra,1,389.99,0.07,Baldwin Bikes,Marcelene Boyer,362.6907,2018,4
1511,2018-04-09,Regenia Vaughan,Mahopac,Pure Cycles Vine 8-Speed - 2016,Cruisers Bicycles,Pure Cycles,2,429.0,0.07,Baldwin Bikes,Marcelene Boyer,797.9399999999999,2018,4
1511,2018-04-09,Regenia Vaughan,Mahopac,Haro Shift R3 - 2017,Mountain Bikes,Haro,1,1469.99,0.05,Baldwin Bikes,Marcelene Boyer,1396.4904999999999,2018,4
1511,2018-04-09,Regenia Vaughan,Mahopac,Surly Krampus - 2018,Mountain Bikes,Surly,2,1499.0,0.2,Baldwin Bikes,Marcelene Boyer,2398.4,2018,4
1512,2018-04-09,Jayne Kirkland,Rowlett,Electra Straight 8 3i - 2018,Cruisers Bicycles,Electra,1,909.99,0.07,Rowlett Bikes,Layla Terrell,846.2906999999999,2018,4
1513,2018-04-10,Araceli Golden,Fullerton,Trek Domane AL 2 Women's - 2018,Road Bikes,Trek,1,749.99,0.1,Santa Cruz Bikes,Mireya Copeland,674.991,2018,4
1513,2018-04-10,Araceli Golden,Fullerton,Trek Powerfly 8 FS Plus - 2017,Electric Bikes,Trek,2,4999.99,0.05,Santa Cruz Bikes,Mireya Copeland,9499.981,2018,4
1513,2018-04-10,Araceli Golden,Fullerton,Trek Emonda ALR 6 - 2018,Road Bikes,Trek,2,2299.99,0.05,Santa Cruz Bikes,Mireya Copeland,4369.981,2018,4
1514,2018-04-10,Yan Mcgowan,Duarte,Electra Townie Commute 27D Ladies - 2018,Cruisers Bicycles,Electra,2,899.99,0.1,Santa Cruz Bikes,Genna Serrano,1619.982,2018,4
1514,2018-04-10,Yan Mcgowan,Duarte,Trek Powerfly 7 FS - 2018,Electric Bikes,Trek,2,4999.99,0.05,Santa Cruz Bikes,Genna Serrano,9499.981,2018,4
1515,2018-04-10,Elinore Aguilar,San Angelo,Surly Big Dummy Frameset - 2017,Mountain Bikes,Surly,2,999.99,0.2,Rowlett Bikes,Layla Terrell,1599.9840000000002,2018,4
1515,2018-04-10,Elinore Aguilar,San Angelo,Trek Powerfly 5 Women's - 2018,Electric Bikes,Trek,2,3499.99,0.1,Rowlett Bikes,Layla Terrell,6299.982,2018,4
1515,2018-04-10,Elinore Aguilar,San Angelo,Electra Townie Commute 27D Ladies - 2018,Comfort Bicycles,Electra,2,899.99,0.05,Rowlett Bikes,Layla Terrell,1709.981,2018,4
1515,2018-04-10,Elinore Aguilar,San Angelo,Trek Fuel EX 9.8 29 - 2017,Mountain Bikes,Trek,1,4999.99,0.1,Rowlett Bikes,Layla Terrell,4499.991,2018,4
1515,2018-04-10,Elinore Aguilar,San Angelo,Trek CrossRip 1 - 2018,Road Bikes,Trek,2,959.99,0.2,Rowlett Bikes,Layla Terrell,1535.9840000000002,2018,4
1516,2018-04-11,Bridgette Guerra,San Lorenzo,Trek Domane ALR Disc Frameset - 2018,Road Bikes,Trek,2,3199.99,0.1,Santa Cruz Bikes,Genna Serrano,5759.982,2018,4
1516,2018-04-11,Bridgette Guerra,San Lorenzo,Electra Townie Go! 8i Ladies' - 2018,Cruisers Bicycles,Electra,1,2599.99,0.1,Santa Cruz Bikes,Genna Serrano,2339.991,2018,4
1516,2018-04-11,Bridgette Guerra,San Lorenzo,Trek Verve+ - 2018,Electric Bikes,Trek,2,2299.99,0.2,Santa Cruz Bikes,Genna Serrano,3679.984,2018,4
1516,2018-04-11,Bridgette Guerra,San Lorenzo,Electra Amsterdam Royal 8i Ladies - 2018,Cruisers Bicycles,Electra,2,1199.99,0.2,Santa Cruz Bikes,Genna Serrano,1919.9840000000002,2018,4
1516,2018-04-11,Bridgette Guerra,San Lorenzo,Trek Precaliber 16 Girl's - 2018,Children Bicycles,Trek,2,209.99,0.2,Santa Cruz Bikes,Genna Serrano,335.98400000000004,2018,4
1517,2018-04-11,Louanne Martin,Yuba City,Electra Townie Go! 8i - 2017/2018,Comfort Bicycles,Electra,2,2599.99,0.07,Santa Cruz Bikes,Mireya Copeland,4835.9814,2018,4
1517,2018-04-11,Louanne Martin,Yuba City,Electra Townie Original 21D EQ - 2017/2018,Cruisers Bicycles,Electra,2,679.99,0.05,Santa Cruz Bikes,Mireya Copeland,1291.981,2018,4
1518,2018-04-11,Nova Hess,Duarte,Electra Townie Original 21D EQ - 2017/2018,Comfort Bicycles,Electra,2,679.99,0.1,Santa Cruz Bikes,Mireya Copeland,1223.982,2018,4
1518,2018-04-11,Nova Hess,Duarte,Trek Domane SL 5 Disc - 2018,Road Bikes,Trek,2,2499.99,0.05,Santa Cruz Bikes,Mireya Copeland,4749.981,2018,4
1518,2018-04-11,Nova Hess,Duarte,Electra Townie Commute Go! Ladies' - 2018,Cruisers Bicycles,Electra,2,2999.99,0.05,Santa Cruz Bikes,Mireya Copeland,5699.981,2018,4
1519,2018-04-11,Theo Reese,Long Beach,Trek Emonda SL 7 - 2018,Road Bikes,Trek,1,4499.99,0.2,Baldwin Bikes,Venita Daniel,3599.992,2018,4
1519,2018-04-11,Theo Reese,Long Beach,Haro Downtown 16 - 2017,Children Bicycles,Haro,2,329.99,0.2,Baldwin Bikes,Venita Daniel,527.984,2018,4
1519,2018-04-11,Theo Reese,Long Beach,Surly Krampus - 2018,Mountain Bikes,Surly,2,1499.0,0.07,Baldwin Bikes,Venita Daniel,2788.14,2018,4
1519,2018-04-11,Theo Reese,Long Beach,Sun Bicycles Lil Bolt Type-R - 2017,Cruisers Bicycles,Sun Bicycles,1,346.99,0.2,Baldwin Bikes,Venita Daniel,277.59200000000004,2018,4
1519,2018-04-11,Theo Reese,Long Beach,Strider Strider 20 Sport - 2018,Children Bicycles,Strider,2,289.99,0.05,Baldwin Bikes,Venita Daniel,550.981,2018,4
1520,2018-04-11,Lorrie Becker,Garland,Trek CrossRip+ - 2018,Electric Bikes,Trek,1,4499.99,0.05,Rowlett Bikes,Kali Vargas,4274.9905,2018,4
1520,2018-04-11,Lorrie Becker,Garland,Trek XM700+ Lowstep - 2018,Electric Bikes,Trek,2,3499.99,0.2,Rowlett Bikes,Kali Vargas,5599.984,2018,4
1520,2018-04-11,Lorrie Becker,Garland,Electra Townie Commute 27D Ladies - 2018,Comfort Bicycles,Electra,2,899.99,0.07,Rowlett Bikes,Kali Vargas,1673.9814,2018,4
1520,2018-04-11,Lorrie Becker,Garland,Strider Classic 12 Balance Bike - 2018,Children Bicycles,Strider,2,89.99,0.1,Rowlett Bikes,Kali Vargas,161.982,2018,4
1521,2018-04-12,Saturnina Garner,Glendora,Electra Townie 3i EQ (20-inch) - Boys' - 2017,Children Bicycles,Electra,1,489.99,0.2,Santa Cruz Bikes,Genna Serrano,391.992,2018,4
1521,2018-04-12,Saturnina Garner,Glendora,Electra Townie Original 21D EQ Ladies' - 2018,Comfort Bicycles,Electra,2,679.99,0.2,Santa Cruz Bikes,Genna Serrano,1087.9840000000002,2018,4
1521,2018-04-12,Saturnina Garner,Glendora,Trek Farley Carbon Frameset - 2018,Mountain Bikes,Trek,1,999.99,0.1,Santa Cruz Bikes,Genna Serrano,899.991,2018,4
1521,2018-04-12,Saturnina Garner,Glendora,Trek X-Caliber Frameset - 2018,Mountain Bikes,Trek,2,1499.99,0.2,Santa Cruz Bikes,Genna Serrano,2399.984,2018,4
1522,2018-04-12,Chi Goff,Palos Verdes Peninsula,"Electra Girl's Hawaii 1 16"" - 2017",Children Bicycles,Electra,1,299.99,0.1,Santa Cruz Bikes,Genna Serrano,269.99100000000004,2018,4
1522,2018-04-12,Chi Goff,Palos Verdes Peninsula,Trek Stache 5 - 2018,Mountain Bikes,Trek,1,1599.99,0.07,Santa Cruz Bikes,Genna Serrano,1487.9906999999998,2018,4
1522,2018-04-12,Chi Goff,Palos Verdes Peninsula,Trek Ticket S Frame - 2018,Mountain Bikes,Trek,1,1469.99,0.07,Santa Cruz Bikes,Genna Serrano,1367.0907,2018,4
1523,2018-04-12,Jacquline Duncan,Jackson Heights,Electra Townie Commute 8D - 2018,Comfort Bicycles,Electra,2,749.99,0.2,Baldwin Bikes,Venita Daniel,1199.9840000000002,2018,4
1524,2018-04-12,Melia Brady,Maspeth,Surly Straggler - 2018,Road Bikes,Surly,1,1549.0,0.1,Baldwin Bikes,Marcelene Boyer,1394.1000000000001,2018,4
1524,2018-04-12,Melia Brady,Maspeth,"Electra Treasure 1 20"" - 2018",Children Bicycles,Electra,2,319.99,0.2,Baldwin Bikes,Marcelene Boyer,511.98400000000004,2018,4
1524,2018-04-12,Melia Brady,Maspeth,Electra Townie Original 1 Ladies' - 2018,Comfort Bicycles,Electra,1,449.99,0.2,Baldwin Bikes,Marcelene Boyer,359.992,2018,4
1524,2018-04-12,Melia Brady,Maspeth,Electra Townie Commute Go! Ladies' - 2018,Cruisers Bicycles,Electra,2,2999.99,0.2,Baldwin Bikes,Marcelene Boyer,4799.9839999999995,2018,4
1525,2018-04-12,Zelma Browning,Astoria,Trek Domane SL Frameset - 2018,Road Bikes,Trek,1,6499.99,0.1,Baldwin Bikes,Venita Daniel,5849.991,2018,4
1525,2018-04-12,Zelma Browning,Astoria,Surly Pack Rat - 2018,Road Bikes,Surly,2,1349.0,0.07,Baldwin Bikes,Venita Daniel,2509.14,2018,4
1525,2018-04-12,Zelma Browning,Astoria,Trek Lift+ - 2018,Electric Bikes,Trek,1,2799.99,0.07,Baldwin Bikes,Venita Daniel,2603.9907,2018,4
1526,2018-04-12,Latasha Stanley,Rockville Centre,Trek Domane ALR 4 Disc Women's - 2018,Road Bikes,Trek,1,1549.99,0.07,Baldwin Bikes,Venita Daniel,1441.4906999999998,2018,4
1526,2018-04-12,Latasha Stanley,Rockville Centre,Trek Domane SLR 6 Disc - 2017,Road Bikes,Trek,1,5499.99,0.1,Baldwin Bikes,Venita Daniel,4949.991,2018,4
1526,2018-04-12,Latasha Stanley,Rockville Centre,Electra Townie Balloon 8D EQ - 2016/2017/2018,Cruisers Bicycles,Electra,1,749.99,0.1,Baldwin Bikes,Venita Daniel,674.991,2018,4
1526,2018-04-12,Latasha Stanley,Rockville Centre,Electra Townie Original 21D EQ Ladies' - 2018,Cruisers Bicycles,Electra,1,679.99,0.05,Baldwin Bikes,Venita Daniel,645.9905,2018,4
1527,2018-04-12,Lashawn Ortiz,Longview,Surly Wednesday Frameset - 2017,Mountain Bikes,Surly,1,469.99,0.1,Rowlett Bikes,Layla Terrell,422.99100000000004,2018,4
1527,2018-04-12,Lashawn Ortiz,Longview,Sun Bicycles Streamway 3 - 2017,Comfort Bicycles,Sun Bicycles,1,551.99,0.05,Rowlett Bikes,Layla Terrell,524.3905,2018,4
1527,2018-04-12,Lashawn Ortiz,Longview,Trek Emonda S 5 - 2017,Road Bikes,Trek,2,1999.99,0.05,Rowlett Bikes,Layla Terrell,3799.9809999999998,2018,4
1528,2018-04-12,Aleta Shepard,Sugar Land,Electra Cruiser Lux 1 - 2016/2018,Cruisers Bicycles,Electra,2,429.99,0.2,Rowlett Bikes,Kali Vargas,687.984,2018,4
1529,2018-04-12,Cleotilde Booth,Sugar Land,Electra Girl's Hawaii 1 (20-inch) - 2015/2016,Children Bicycles,Electra,1,299.99,0.05,Rowlett Bikes,Kali Vargas,284.9905,2018,4
1529,2018-04-12,Cleotilde Booth,Sugar Land,Trek Silque SLR 7 Women's - 2017,Road Bikes,Trek,2,5999.99,0.1,Rowlett Bikes,Kali Vargas,10799.982,2018,4
1530,2018-04-13,Ollie Zimmerman,Anaheim,Electra Cruiser 1 - 2016/2017/2018,Cruisers Bicycles,Electra,2,269.99,0.1,Santa Cruz Bikes,Mireya Copeland,485.982,2018,4
1530,2018-04-13,Ollie Zimmerman,Anaheim,Trek Marlin 7 - 2017/2018,Mountain Bikes,Trek,1,749.99,0.1,Santa Cruz Bikes,Mireya Copeland,674.991,2018,4
1531,2018-04-13,Mariana Strong,Santa Clara,Surly ECR 27.5 - 2018,Mountain Bikes,Surly,1,1899.0,0.1,Santa Cruz Bikes,Mireya Copeland,1709.1000000000001,2018,4
1532,2018-04-13,Latasha Hays,Buffalo,Trek Crockett 7 Disc - 2018,Cyclocross Bicycles,Trek,2,2999.99,0.07,Baldwin Bikes,Venita Daniel,5579.9814,2018,4
1533,2018-04-13,Jeanice Frost,Ossining,Trek Precaliber 20 Boy's - 2018,Children Bicycles,Trek,2,229.99,0.1,Baldwin Bikes,Marcelene Boyer,413.982,2018,4
1533,2018-04-13,Jeanice Frost,Ossining,Sun Bicycles Biscayne Tandem CB - 2017,Cruisers Bicycles,Sun Bicycles,1,647.99,0.1,Baldwin Bikes,Marcelene Boyer,583.191,2018,4
1533,2018-04-13,Jeanice Frost,Ossining,Electra Moto 3i (20-inch) - Boy's - 2017,Children Bicycles,Electra,1,349.99,0.1,Baldwin Bikes,Marcelene Boyer,314.99100000000004,2018,4
1533,2018-04-13,Jeanice Frost,Ossining,Electra Koa 3i Ladies' - 2018,Cruisers Bicycles,Electra,2,899.99,0.1,Baldwin Bikes,Marcelene Boyer,1619.982,2018,4
1533,2018-04-13,Jeanice Frost,Ossining,Trek Silque SLR 8 Women's - 2017,Road Bikes,Trek,1,6499.99,0.1,Baldwin Bikes,Marcelene Boyer,5849.991,2018,4
1534,2018-04-14,Georgetta Hardin,Canandaigua,Trek XM700+ - 2018,Electric Bikes,Trek,1,3499.99,0.1,Baldwin Bikes,Venita Daniel,3149.991,2018,4
1534,2018-04-14,Georgetta Hardin,Canandaigua,Trek Ticket S Frame - 2018,Mountain Bikes,Trek,1,1469.99,0.05,Baldwin Bikes,Venita Daniel,1396.4904999999999,2018,4
1534,2018-04-14,Georgetta Hardin,Canandaigua,Trek Precaliber 12 Boy's - 2018,Children Bicycles,Trek,2,199.99,0.2,Baldwin Bikes,Venita Daniel,319.98400000000004,2018,4
1534,2018-04-14,Georgetta Hardin,Canandaigua,Trek Domane ALR Disc Frameset - 2018,Road Bikes,Trek,2,3199.99,0.2,Baldwin Bikes,Venita Daniel,5119.984,2018,4
1535,2018-04-14,Lizzette Stein,Orchard Park,Haro Shredder 20 - 2017,Children Bicycles,Haro,1,209.99,0.05,Baldwin Bikes,Venita Daniel,199.4905,2018,4
1535,2018-04-14,Lizzette Stein,Orchard Park,Electra Cruiser Lux Fat Tire 1 Ladies - 2017,Cruisers Bicycles,Electra,2,599.99,0.05,Baldwin Bikes,Venita Daniel,1139.981,2018,4
1536,2018-04-14,Brittney Woodward,East Northport,Trek Domane SL 5 Women's - 2018,Road Bikes,Trek,1,2199.99,0.2,Baldwin Bikes,Venita Daniel,1759.992,2018,4
1536,2018-04-14,Brittney Woodward,East Northport,Trek Conduit+ - 2018,Electric Bikes,Trek,2,2799.99,0.07,Baldwin Bikes,Venita Daniel,5207.9814,2018,4
1536,2018-04-14,Brittney Woodward,East Northport,Trek Verve+ - 2018,Electric Bikes,Trek,2,2299.99,0.2,Baldwin Bikes,Venita Daniel,3679.984,2018,4
1537,2018-04-15,Bernita Mcdaniel,Liverpool,Electra Relic 3i - 2018,Cruisers Bicycles,Electra,2,849.99,0.05,Baldwin Bikes,Marcelene Boyer,1614.981,2018,4
1538,2018-04-15,Ashanti Parks,Baldwin,Trek Boone 5 Disc - 2018,Cyclocross Bicycles,Trek,1,3299.99,0.07,Baldwin Bikes,Marcelene Boyer,3068.9906999999994,2018,4
1538,2018-04-15,Ashanti Parks,Baldwin,Haro SR 1.3 - 2017,Mountain Bikes,Haro,2,1409.99,0.07,Baldwin Bikes,Marcelene Boyer,2622.5814,2018,4
1538,2018-04-15,Ashanti Parks,Baldwin,Trek Ticket S Frame - 2018,Mountain Bikes,Trek,1,1469.99,0.07,Baldwin Bikes,Marcelene Boyer,1367.0907,2018,4
1538,2018-04-15,Ashanti Parks,Baldwin,Trek Verve+ Lowstep - 2018,Electric Bikes,Trek,1,2299.99,0.2,Baldwin Bikes,Marcelene Boyer,1839.992,2018,4
1538,2018-04-15,Ashanti Parks,Baldwin,Electra Townie Balloon 7i EQ Ladies' - 2017/2018,Comfort Bicycles,Electra,2,899.99,0.05,Baldwin Bikes,Marcelene Boyer,1709.981,2018,4
1539,2018-04-15,Merlene Vinson,Euless,Surly Ice Cream Truck Frameset - 2016,Mountain Bikes,Surly,2,469.99,0.05,Rowlett Bikes,Layla Terrell,892.981,2018,4
1539,2018-04-15,Merlene Vinson,Euless,Electra Townie Original 21D - 2016,Cruisers Bicycles,Electra,2,549.99,0.05,Rowlett Bikes,Layla Terrell,1044.981,2018,4
1540,2018-04-16,Hedwig Paul,Apple Valley,Sun Bicycles Atlas X-Type - 2017,Cruisers Bicycles,Sun Bicycles,2,416.99,0.05,Santa Cruz Bikes,Mireya Copeland,792.281,2018,4
1540,2018-04-16,Hedwig Paul,Apple Valley,Electra Morningstar 3i Ladies' - 2018,Cruisers Bicycles,Electra,1,749.99,0.07,Santa Cruz Bikes,Mireya Copeland,697.4907,2018,4
1540,2018-04-16,Hedwig Paul,Apple Valley,Electra Cruiser Lux 7D - 2018,Cruisers Bicycles,Electra,1,479.99,0.05,Santa Cruz Bikes,Mireya Copeland,455.9905,2018,4
1540,2018-04-16,Hedwig Paul,Apple Valley,Trek Domane SLR 6 Disc - 2018,Road Bikes,Trek,2,5499.99,0.05,Santa Cruz Bikes,Mireya Copeland,10449.981,2018,4
1540,2018-04-16,Hedwig Paul,Apple Valley,Sun Bicycles Biscayne Tandem CB - 2017,Cruisers Bicycles,Sun Bicycles,1,647.99,0.2,Santa Cruz Bikes,Mireya Copeland,518.392,2018,4
1541,2018-04-16,Pamelia Newman,Monroe,Trek Domane SLR 9 Disc - 2018,Road Bikes,Trek,2,11999.99,0.1,Baldwin Bikes,Venita Daniel,21599.982,2018,4
1541,2018-04-16,Pamelia Newman,Monroe,Electra Townie Original 7D EQ Ladies' - 2017/2018,Cruisers Bicycles,Electra,2,599.99,0.07,Baldwin Bikes,Venita Daniel,1115.9814,2018,4
1541,2018-04-16,Pamelia Newman,Monroe,Trek Fuel EX 8 29 XT - 2018,Mountain Bikes,Trek,2,3199.99,0.1,Baldwin Bikes,Venita Daniel,5759.982,2018,4
1541,2018-04-16,Pamelia Newman,Monroe,Pure Cycles Vine 8-Speed - 2016,Cruisers Bicycles,Pure Cycles,1,429.0,0.1,Baldwin Bikes,Venita Daniel,386.1,2018,4
1541,2018-04-16,Pamelia Newman,Monroe,Trek Girl's Kickster - 2017,Children Bicycles,Trek,2,149.99,0.05,Baldwin Bikes,Venita Daniel,284.981,2018,4
1542,2018-04-16,Damien Dorsey,Central Islip,Sun Bicycles Boardwalk (24-inch Wheels) - 2017,Cruisers Bicycles,Sun Bicycles,1,402.99,0.2,Baldwin Bikes,Marcelene Boyer,322.39200000000005,2018,4
1542,2018-04-16,Damien Dorsey,Central Islip,Surly Troll Frameset - 2018,Mountain Bikes,Surly,2,2499.99,0.05,Baldwin Bikes,Marcelene Boyer,4749.981,2018,4
1542,2018-04-16,Damien Dorsey,Central Islip,Trek Domane SL 6 Disc - 2018,Road Bikes,Trek,2,3499.99,0.2,Baldwin Bikes,Marcelene Boyer,5599.984,2018,4
1542,2018-04-16,Damien Dorsey,Central Islip,Haro Flightline One ST - 2017,Mountain Bikes,Haro,2,379.99,0.1,Baldwin Bikes,Marcelene Boyer,683.9820000000001,2018,4
1542,2018-04-16,Damien Dorsey,Central Islip,"Electra Under-The-Sea 1 16"" - 2018",Children Bicycles,Electra,1,279.99,0.2,Baldwin Bikes,Marcelene Boyer,223.99200000000002,2018,4
1543,2018-04-16,Parker Prince,Port Jefferson Station,Sun Bicycles Cruz 3 - Women's - 2017,Comfort Bicycles,Sun Bicycles,2,449.99,0.1,Baldwin Bikes,Marcelene Boyer,809.9820000000001,2018,4
1543,2018-04-16,Parker Prince,Port Jefferson Station,Haro Shredder 20 Girls - 2017,Children Bicycles,Haro,1,209.99,0.2,Baldwin Bikes,Marcelene Boyer,167.99200000000002,2018,4
1543,2018-04-16,Parker Prince,Port Jefferson Station,Trek CrossRip 1 - 2018,Road Bikes,Trek,2,959.99,0.07,Baldwin Bikes,Marcelene Boyer,1785.5813999999998,2018,4
1543,2018-04-16,Parker Prince,Port Jefferson Station,Electra Savannah 3i (20-inch) - Girl's - 2017,Children Bicycles,Electra,2,349.99,0.05,Baldwin Bikes,Marcelene Boyer,664.981,2018,4
1543,2018-04-16,Parker Prince,Port Jefferson Station,Trek Procaliber 6 - 2018,Mountain Bikes,Trek,1,1799.99,0.2,Baldwin Bikes,Marcelene Boyer,1439.9920000000002,2018,4
1544,2018-04-17,Charolette Rice,Sacramento,Trek XM700+ - 2018,Electric Bikes,Trek,2,3499.99,0.1,Santa Cruz Bikes,Mireya Copeland,6299.982,2018,4
1544,2018-04-17,Charolette Rice,Sacramento,Sun Bicycles Cruz 7 - 2017,Comfort Bicycles,Sun Bicycles,2,416.99,0.2,Santa Cruz Bikes,Mireya Copeland,667.1840000000001,2018,4
1545,2018-04-17,Tommie Melton,Sacramento,Haro SR 1.2 - 2017,Mountain Bikes,Haro,1,869.99,0.1,Santa Cruz Bikes,Genna Serrano,782.991,2018,4
1546,2018-04-17,Marvin Mullins,San Diego,Trek Domane SL Frameset - 2018,Road Bikes,Trek,1,6499.99,0.1,Santa Cruz Bikes,Genna Serrano,5849.991,2018,4
1546,2018-04-17,Marvin Mullins,San Diego,Trek Conduit+ - 2018,Electric Bikes,Trek,2,2799.99,0.1,Santa Cruz Bikes,Genna Serrano,5039.982,2018,4
1546,2018-04-17,Marvin Mullins,San Diego,Electra Queen of Hearts 3i - 2018,Cruisers Bicycles,Electra,1,749.99,0.1,Santa Cruz Bikes,Genna Serrano,674.991,2018,4
1546,2018-04-17,Marvin Mullins,San Diego,Electra Townie Original 7D - 2015/2016,Comfort Bicycles,Electra,1,499.99,0.05,Santa Cruz Bikes,Genna Serrano,474.9905,2018,4
1547,2018-04-17,Karla Kirk,Palos Verdes Peninsula,Sun Bicycles Cruz 3 - 2017,Comfort Bicycles,Sun Bicycles,2,449.99,0.2,Santa Cruz Bikes,Genna Serrano,719.984,2018,4
1547,2018-04-17,Karla Kirk,Palos Verdes Peninsula,Trek Super Commuter+ 7 - 2018,Electric Bikes,Trek,1,3599.99,0.2,Santa Cruz Bikes,Genna Serrano,2879.992,2018,4
1548,2018-04-17,Regine Gonzales,Oxnard,Trek Farley Alloy Frameset - 2017,Mountain Bikes,Trek,1,469.99,0.1,Santa Cruz Bikes,Mireya Copeland,422.99100000000004,2018,4
1548,2018-04-17,Regine Gonzales,Oxnard,Trek Powerfly 5 Women's - 2018,Electric Bikes,Trek,1,3499.99,0.07,Santa Cruz Bikes,Mireya Copeland,3254.9906999999994,2018,4
1548,2018-04-17,Regine Gonzales,Oxnard,Trek Boone 7 - 2017,Cyclocross Bicycles,Trek,2,3499.99,0.2,Santa Cruz Bikes,Mireya Copeland,5599.984,2018,4
1549,2018-04-17,Caren Stephens,Scarsdale,Trek CrossRip 1 - 2018,Road Bikes,Trek,1,959.99,0.2,Baldwin Bikes,Venita Daniel,767.9920000000001,2018,4
1549,2018-04-17,Caren Stephens,Scarsdale,Trek Kids' Neko - 2018,Mountain Bikes,Trek,1,469.99,0.05,Baldwin Bikes,Venita Daniel,446.4905,2018,4
1549,2018-04-17,Caren Stephens,Scarsdale,Electra White Water 3i - 2018,Cruisers Bicycles,Electra,2,749.99,0.05,Baldwin Bikes,Venita Daniel,1424.981,2018,4
1549,2018-04-17,Caren Stephens,Scarsdale,Electra Townie Commute 8D Ladies' - 2018,Cruisers Bicycles,Electra,2,699.99,0.1,Baldwin Bikes,Venita Daniel,1259.982,2018,4
1550,2018-04-17,Janetta Aguirre,Lancaster,Electra Townie Original 21D Ladies' - 2018,Comfort Bicycles,Electra,2,559.99,0.05,Baldwin Bikes,Marcelene Boyer,1063.981,2018,4
1550,2018-04-17,Janetta Aguirre,Lancaster,Electra Townie Original 3i EQ - 2017/2018,Cruisers Bicycles,Electra,1,659.99,0.07,Baldwin Bikes,Marcelene Boyer,613.7907,2018,4
1550,2018-04-17,Janetta Aguirre,Lancaster,Trek Conduit+ - 2018,Electric Bikes,Trek,2,2799.99,0.1,Baldwin Bikes,Marcelene Boyer,5039.982,2018,4
1550,2018-04-17,Janetta Aguirre,Lancaster,Trek Domane SL 8 Disc - 2018,Road Bikes,Trek,1,5499.99,0.07,Baldwin Bikes,Marcelene Boyer,5114.990699999999,2018,4
1550,2018-04-17,Janetta Aguirre,Lancaster,Trek Girl's Kickster - 2017,Children Bicycles,Trek,2,149.99,0.05,Baldwin Bikes,Marcelene Boyer,284.981,2018,4
1551,2018-04-17,Tomasa Carson,East Elmhurst,Trek Boone 7 Disc - 2018,Cyclocross Bicycles,Trek,2,3999.99,0.2,Baldwin Bikes,Venita Daniel,6399.984,2018,4
1552,2018-04-17,Melanie Hayes,Liverpool,Trek Verve+ Lowstep - 2018,Electric Bikes,Trek,1,2299.99,0.1,Baldwin Bikes,Venita Daniel,2069.991,2018,4
1552,2018-04-17,Melanie Hayes,Liverpool,Haro Shift R3 - 2017,Mountain Bikes,Haro,2,1469.99,0.05,Baldwin Bikes,Venita Daniel,2792.9809999999998,2018,4
1553,2018-04-18,Jamaal Albert,Torrance,Electra Townie Original 7D - 2017,Comfort Bicycles,Electra,1,489.99,0.07,Santa Cruz Bikes,Genna Serrano,455.6907,2018,4
1553,2018-04-18,Jamaal Albert,Torrance,Electra Townie Original 21D - 2016,Cruisers Bicycles,Electra,1,549.99,0.1,Santa Cruz Bikes,Genna Serrano,494.99100000000004,2018,4
1553,2018-04-18,Jamaal Albert,Torrance,Electra Townie Commute Go! - 2018,Cruisers Bicycles,Electra,1,2999.99,0.05,Santa Cruz Bikes,Genna Serrano,2849.9905,2018,4
1553,2018-04-18,Jamaal Albert,Torrance,Trek Precaliber 16 Boys - 2017,Children Bicycles,Trek,1,209.99,0.05,Santa Cruz Bikes,Genna Serrano,199.4905,2018,4
1554,2018-04-18,Jeanie Kirkland,Santa Clara,Trek Domane AL 2 Women's - 2018,Road Bikes,Trek,1,749.99,0.05,Santa Cruz Bikes,Genna Serrano,712.4905,2018,4
1554,2018-04-18,Jeanie Kirkland,Santa Clara,Electra Soft Serve 1 (16-inch) - Girl's - 2018,Children Bicycles,Electra,1,279.99,0.2,Santa Cruz Bikes,Genna Serrano,223.99200000000002,2018,4
1555,2018-04-18,Debra Burks,Orchard Park,Electra Townie Original 21D - 2016,Comfort Bicycles,Electra,2,549.99,0.1,Baldwin Bikes,Venita Daniel,989.9820000000001,2018,4
1555,2018-04-18,Debra Burks,Orchard Park,Trek Domane SL Frameset - 2018,Road Bikes,Trek,1,6499.99,0.1,Baldwin Bikes,Venita Daniel,5849.991,2018,4
1555,2018-04-18,Debra Burks,Orchard Park,Surly Big Fat Dummy Frameset - 2018,Mountain Bikes,Surly,1,469.99,0.1,Baldwin Bikes,Venita Daniel,422.99100000000004,2018,4
1555,2018-04-18,Debra Burks,Orchard Park,Surly ECR 27.5 - 2018,Mountain Bikes,Surly,2,1899.0,0.05,Baldwin Bikes,Venita Daniel,3608.1,2018,4
1555,2018-04-18,Debra Burks,Orchard Park,Trek Domane SLR Disc Frameset - 2018,Road Bikes,Trek,1,3199.99,0.2,Baldwin Bikes,Venita Daniel,2559.992,2018,4
1556,2018-04-18,Daryl Spence,Uniondale,Trek Domane SL 6 - 2017,Road Bikes,Trek,2,3499.99,0.2,Baldwin Bikes,Marcelene Boyer,5599.984,2018,4
1556,2018-04-18,Daryl Spence,Uniondale,Electra Amsterdam Original 3i Ladies' - 2017,Cruisers Bicycles,Electra,1,659.99,0.07,Baldwin Bikes,Marcelene Boyer,613.7907,2018,4
1556,2018-04-18,Daryl Spence,Uniondale,Strider Strider 20 Sport - 2018,Children Bicycles,Strider,1,289.99,0.1,Baldwin Bikes,Marcelene Boyer,260.99100000000004,2018,4
1556,2018-04-18,Daryl Spence,Uniondale,Trek Kids' Neko - 2018,Mountain Bikes,Trek,2,469.99,0.05,Baldwin Bikes,Marcelene Boyer,892.981,2018,4
1556,2018-04-18,Daryl Spence,Uniondale,Electra Koa 3i Ladies' - 2018,Cruisers Bicycles,Electra,2,899.99,0.1,Baldwin Bikes,Marcelene Boyer,1619.982,2018,4
1557,2018-04-19,Lucy Woods,Palos Verdes Peninsula,Surly Pack Rat - 2018,Road Bikes,Surly,2,1349.0,0.07,Santa Cruz Bikes,Genna Serrano,2509.14,2018,4
1558,2018-04-19,Tenisha Lyons,Amityville,Haro SR 1.3 - 2017,Mountain Bikes,Haro,2,1409.99,0.07,Baldwin Bikes,Marcelene Boyer,2622.5814,2018,4
1558,2018-04-19,Tenisha Lyons,Amityville,Trek Farley Carbon Frameset - 2018,Mountain Bikes,Trek,1,999.99,0.07,Baldwin Bikes,Marcelene Boyer,929.9907,2018,4
1558,2018-04-19,Tenisha Lyons,Amityville,Trek Fuel EX 8 29 - 2016,Mountain Bikes,Trek,1,2899.99,0.05,Baldwin Bikes,Marcelene Boyer,2754.9905,2018,4
1558,2018-04-19,Tenisha Lyons,Amityville,Trek Domane S 6 - 2017,Road Bikes,Trek,1,2699.99,0.2,Baldwin Bikes,Marcelene Boyer,2159.9919999999997,2018,4
1558,2018-04-19,Tenisha Lyons,Amityville,Electra Townie Go! 8i Ladies' - 2018,Cruisers Bicycles,Electra,1,2599.99,0.07,Baldwin Bikes,Marcelene Boyer,2417.9907,2018,4
1559,2018-04-20,Tangela Quinn,Richmond Hill,Electra Townie 7D (20-inch) - Boys' - 2017,Children Bicycles,Electra,2,339.99,0.07,Baldwin Bikes,Marcelene Boyer,632.3814,2018,4
1559,2018-04-20,Tangela Quinn,Richmond Hill,Pure Cycles Western 3-Speed - Women's - 2015/2016,Cruisers Bicycles,Pure Cycles,1,449.0,0.1,Baldwin Bikes,Marcelene Boyer,404.1,2018,4
1559,2018-04-20,Tangela Quinn,Richmond Hill,Trek Domane SL Disc Frameset - 2017,Road Bikes,Trek,2,3199.99,0.1,Baldwin Bikes,Marcelene Boyer,5759.982,2018,4
1559,2018-04-20,Tangela Quinn,Richmond Hill,Electra Cruiser 7D Ladies' - 2016/2018,Cruisers Bicycles,Electra,1,319.99,0.1,Baldwin Bikes,Marcelene Boyer,287.99100000000004,2018,4
1560,2018-04-20,Pamala Henry,Bronx,Trek X-Caliber 8 - 2018,Mountain Bikes,Trek,2,999.99,0.2,Baldwin Bikes,Venita Daniel,1599.9840000000002,2018,4
1560,2018-04-20,Pamala Henry,Bronx,Haro Shift R3 - 2017,Mountain Bikes,Haro,1,1469.99,0.2,Baldwin Bikes,Venita Daniel,1175.992,2018,4
1561,2018-04-20,Kanesha Vega,Rome,Trek Domane SL 5 - 2018,Road Bikes,Trek,2,2199.99,0.07,Baldwin Bikes,Venita Daniel,4091.981399999999,2018,4
1561,2018-04-20,Kanesha Vega,Rome,"Electra Under-The-Sea 1 16"" - 2018",Children Bicycles,Electra,2,279.99,0.05,Baldwin Bikes,Venita Daniel,531.981,2018,4
1562,2018-04-20,Titus Bullock,Hollis,Trek Domane SL Disc Frameset - 2017,Road Bikes,Trek,1,3199.99,0.2,Baldwin Bikes,Venita Daniel,2559.992,2018,4
1562,2018-04-20,Titus Bullock,Hollis,Sun Bicycles Revolutions 24 - 2017,Cruisers Bicycles,Sun Bicycles,1,250.99,0.2,Baldwin Bikes,Venita Daniel,200.79200000000003,2018,4
1562,2018-04-20,Titus Bullock,Hollis,Trek Fuel EX 8 29 - 2018,Mountain Bikes,Trek,2,3199.99,0.07,Baldwin Bikes,Venita Daniel,5951.981399999999,2018,4
1563,2018-04-20,Keri Bridges,Richardson,Trek XM700+ Lowstep - 2018,Electric Bikes,Trek,1,3499.99,0.07,Rowlett Bikes,Layla Terrell,3254.9906999999994,2018,4
1564,2018-04-21,Monika Berg,Encino,Electra Townie Commute 27D - 2018,Comfort Bicycles,Electra,1,899.99,0.07,Santa Cruz Bikes,Genna Serrano,836.9907,2018,4
1564,2018-04-21,Monika Berg,Encino,Electra Girl's Hawaii 1 (16-inch) - 2015/2016,Cruisers Bicycles,Electra,1,269.99,0.1,Santa Cruz Bikes,Genna Serrano,242.991,2018,4
1565,2018-04-21,Neil Mccall,San Carlos,Haro Flightline One ST - 2017,Mountain Bikes,Haro,1,379.99,0.07,Santa Cruz Bikes,Mireya Copeland,353.3907,2018,4
1565,2018-04-21,Neil Mccall,San Carlos,Haro Shredder 20 - 2017,Children Bicycles,Haro,1,209.99,0.1,Santa Cruz Bikes,Mireya Copeland,188.991,2018,4
1565,2018-04-21,Neil Mccall,San Carlos,Electra Townie Balloon 7i EQ - 2018,Cruisers Bicycles,Electra,1,899.99,0.1,Santa Cruz Bikes,Mireya Copeland,809.991,2018,4
1565,2018-04-21,Neil Mccall,San Carlos,"Electra Girl's Hawaii 1 16"" - 2017",Children Bicycles,Electra,1,299.99,0.07,Santa Cruz Bikes,Mireya Copeland,278.9907,2018,4
1565,2018-04-21,Neil Mccall,San Carlos,Electra Townie Original 21D EQ - 2017/2018,Cruisers Bicycles,Electra,2,679.99,0.2,Santa Cruz Bikes,Mireya Copeland,1087.9840000000002,2018,4
1566,2018-04-21,Petronila Norris,South El Monte,Trek Domane AL 3 - 2018,Road Bikes,Trek,1,919.99,0.05,Santa Cruz Bikes,Genna Serrano,873.9905,2018,4
1566,2018-04-21,Petronila Norris,South El Monte,Trek Powerfly 8 FS Plus - 2017,Electric Bikes,Trek,2,4999.99,0.05,Santa Cruz Bikes,Genna Serrano,9499.981,2018,4
1567,2018-04-21,Arvilla Osborn,Upland,Trek Precaliber 24 7-speed Girl's - 2018,Children Bicycles,Trek,1,319.99,0.2,Santa Cruz Bikes,Mireya Copeland,255.99200000000002,2018,4
1568,2018-04-21,Bong Hebert,Torrance,Trek Domane SLR 6 - 2018,Road Bikes,Trek,1,4999.99,0.2,Santa Cruz Bikes,Genna Serrano,3999.992,2018,4
1568,2018-04-21,Bong Hebert,Torrance,Sun Bicycles Streamway 7 - 2017,Comfort Bicycles,Sun Bicycles,1,533.99,0.07,Santa Cruz Bikes,Genna Serrano,496.61069999999995,2018,4
1568,2018-04-21,Bong Hebert,Torrance,Electra Townie Balloon 7i EQ - 2018,Comfort Bicycles,Electra,1,899.99,0.1,Santa Cruz Bikes,Genna Serrano,809.991,2018,4
1569,2018-04-22,Syreeta Hendricks,Mahopac,Electra Townie Commute Go! Ladies' - 2018,Cruisers Bicycles,Electra,1,2999.99,0.1,Baldwin Bikes,Venita Daniel,2699.991,2018,4
1570,2018-04-22,Fran Yang,Utica,Trek Domane SLR 9 Disc - 2018,Road Bikes,Trek,1,11999.99,0.07,Baldwin Bikes,Venita Daniel,11159.990699999998,2018,4
1571,2018-04-22,Sarai Mckee,Buffalo,Electra Townie Commute 8D Ladies' - 2018,Comfort Bicycles,Electra,2,699.99,0.1,Baldwin Bikes,Venita Daniel,1259.982,2018,4
1571,2018-04-22,Sarai Mckee,Buffalo,Electra Townie Original 21D - 2018,Cruisers Bicycles,Electra,1,559.99,0.07,Baldwin Bikes,Venita Daniel,520.7907,2018,4
1571,2018-04-22,Sarai Mckee,Buffalo,Electra Townie Original 7D EQ - Women's - 2016,Cruisers Bicycles,Electra,2,599.99,0.2,Baldwin Bikes,Venita Daniel,959.984,2018,4
1572,2018-04-22,Garry Espinoza,Forney,Electra Super Moto 8i - 2018,Cruisers Bicycles,Electra,2,899.99,0.05,Rowlett Bikes,Layla Terrell,1709.981,2018,4
1572,2018-04-22,Garry Espinoza,Forney,Electra Townie Commute Go! - 2018,Electric Bikes,Electra,1,2999.99,0.2,Rowlett Bikes,Layla Terrell,2399.9919999999997,2018,4
1572,2018-04-22,Garry Espinoza,Forney,Trek Fuel EX 8 29 - 2018,Mountain Bikes,Trek,1,3199.99,0.05,Rowlett Bikes,Layla Terrell,3039.9904999999994,2018,4
1572,2018-04-22,Garry Espinoza,Forney,Electra Townie Original 21D EQ - 2017/2018,Comfort Bicycles,Electra,2,679.99,0.2,Rowlett Bikes,Layla Terrell,1087.9840000000002,2018,4
1573,2018-04-23,Corene Wall,Atwater,Trek Conduit+ - 2016,Electric Bikes,Trek,1,2999.99,0.05,Santa Cruz Bikes,Mireya Copeland,2849.9905,2018,4
1573,2018-04-23,Corene Wall,Atwater,Trek X-Caliber 7 - 2018,Mountain Bikes,Trek,1,919.99,0.07,Santa Cruz Bikes,Mireya Copeland,855.5907,2018,4
1573,2018-04-23,Corene Wall,Atwater,Electra Moto 1 - 2016,Cruisers Bicycles,Electra,2,529.99,0.1,Santa Cruz Bikes,Mireya Copeland,953.9820000000001,2018,4
1573,2018-04-23,Corene Wall,Atwater,Electra Super Moto 8i - 2018,Cruisers Bicycles,Electra,2,899.99,0.07,Santa Cruz Bikes,Mireya Copeland,1673.9814,2018,4
1573,2018-04-23,Corene Wall,Atwater,Strider Classic 12 Balance Bike - 2018,Children Bicycles,Strider,2,89.99,0.1,Santa Cruz Bikes,Mireya Copeland,161.982,2018,4
1574,2018-04-23,Jeni Booker,South El Monte,Surly Pack Rat Frameset - 2018,Mountain Bikes,Surly,1,469.99,0.1,Santa Cruz Bikes,Mireya Copeland,422.99100000000004,2018,4
1575,2018-04-23,Moses Pope,Lawndale,Haro SR 1.1 - 2017,Mountain Bikes,Haro,1,539.99,0.07,Santa Cruz Bikes,Genna Serrano,502.1907,2018,4
1575,2018-04-23,Moses Pope,Lawndale,Trek Boone 7 Disc - 2018,Cyclocross Bicycles,Trek,2,3999.99,0.1,Santa Cruz Bikes,Genna Serrano,7199.982,2018,4
1575,2018-04-23,Moses Pope,Lawndale,Electra Cruiser 1 - 2016/2017/2018,Cruisers Bicycles,Electra,1,269.99,0.07,Santa Cruz Bikes,Genna Serrano,251.0907,2018,4
1575,2018-04-23,Moses Pope,Lawndale,Surly Big Fat Dummy Frameset - 2018,Mountain Bikes,Surly,2,469.99,0.05,Santa Cruz Bikes,Genna Serrano,892.981,2018,4
1575,2018-04-23,Moses Pope,Lawndale,Haro Shredder 20 - 2017,Children Bicycles,Haro,2,209.99,0.2,Santa Cruz Bikes,Genna Serrano,335.98400000000004,2018,4
1576,2018-04-23,Robby Sykes,Hempstead,Sun Bicycles Cruz 7 - 2017,Cruisers Bicycles,Sun Bicycles,1,416.99,0.05,Baldwin Bikes,Venita Daniel,396.1405,2018,4
1576,2018-04-23,Robby Sykes,Hempstead,Electra Tiger Shark 1 (20-inch) - Boys' - 2018,Children Bicycles,Electra,1,319.99,0.05,Baldwin Bikes,Venita Daniel,303.9905,2018,4
1576,2018-04-23,Robby Sykes,Hempstead,Trek Powerfly 5 Women's - 2018,Electric Bikes,Trek,2,3499.99,0.05,Baldwin Bikes,Venita Daniel,6649.980999999999,2018,4
1577,2018-04-23,Cesar Jackson,Liverpool,Electra Water Lily 1 (16-inch) - Girl's - 2018,Children Bicycles,Electra,2,279.99,0.05,Baldwin Bikes,Venita Daniel,531.981,2018,4
1577,2018-04-23,Cesar Jackson,Liverpool,Sun Bicycles Drifter 7 - Women's - 2017,Comfort Bicycles,Sun Bicycles,2,470.99,0.1,Baldwin Bikes,Venita Daniel,847.782,2018,4
1577,2018-04-23,Cesar Jackson,Liverpool,Electra Townie Balloon 3i EQ Ladies' - 2018,Comfort Bicycles,Electra,2,799.99,0.2,Baldwin Bikes,Venita Daniel,1279.9840000000002,2018,4
1577,2018-04-23,Cesar Jackson,Liverpool,Heller Bloodhound Trail - 2018,Mountain Bikes,Heller,2,2599.0,0.07,Baldwin Bikes,Venita Daniel,4834.139999999999,2018,4
1577,2018-04-23,Cesar Jackson,Liverpool,Electra Cyclosaurus 1 (16-inch) - Boy's - 2018,Children Bicycles,Electra,2,279.99,0.05,Baldwin Bikes,Venita Daniel,531.981,2018,4
1578,2018-04-23,Corrina Sawyer,Troy,Trek Super Commuter+ 7 - 2018,Electric Bikes,Trek,2,3599.99,0.07,Baldwin Bikes,Venita Daniel,6695.981399999999,2018,4
1578,2018-04-23,Corrina Sawyer,Troy,Electra Townie Commute 27D Ladies - 2018,Comfort Bicycles,Electra,1,899.99,0.05,Baldwin Bikes,Venita Daniel,854.9905,2018,4
1578,2018-04-23,Corrina Sawyer,Troy,Electra Townie Commute 8D - 2018,Cruisers Bicycles,Electra,2,749.99,0.2,Baldwin Bikes,Venita Daniel,1199.9840000000002,2018,4
1579,2018-04-24,Katharina Bates,Campbell,Trek Domane SL 6 - 2017,Road Bikes,Trek,1,3499.99,0.05,Santa Cruz Bikes,Mireya Copeland,3324.9904999999994,2018,4
1579,2018-04-24,Katharina Bates,Campbell,Electra Tiger Shark 3i - 2018,Cruisers Bicycles,Electra,1,899.99,0.1,Santa Cruz Bikes,Mireya Copeland,809.991,2018,4
1579,2018-04-24,Katharina Bates,Campbell,"Electra Starship 1 16"" - 2018",Children Bicycles,Electra,1,279.99,0.07,Santa Cruz Bikes,Mireya Copeland,260.3907,2018,4
1579,2018-04-24,Katharina Bates,Campbell,Sun Bicycles Lil Bolt Type-R - 2017,Cruisers Bicycles,Sun Bicycles,2,346.99,0.1,Santa Cruz Bikes,Mireya Copeland,624.582,2018,4
1580,2018-04-24,Graciela Barber,Oxnard,Trek Kids' Neko - 2018,Mountain Bikes,Trek,2,469.99,0.07,Santa Cruz Bikes,Mireya Copeland,874.1813999999999,2018,4
1580,2018-04-24,Graciela Barber,Oxnard,Trek Girl's Kickster - 2017,Children Bicycles,Trek,2,149.99,0.2,Santa Cruz Bikes,Mireya Copeland,239.98400000000004,2018,4
1581,2018-04-25,Sharla Flynn,Oxnard,Electra Townie Original 7D - 2017,Cruisers Bicycles,Electra,1,489.99,0.1,Santa Cruz Bikes,Mireya Copeland,440.99100000000004,2018,4
1581,2018-04-25,Sharla Flynn,Oxnard,Trek Precaliber 20 6-speed Boy's - 2018,Children Bicycles,Trek,1,289.99,0.2,Santa Cruz Bikes,Mireya Copeland,231.99200000000002,2018,4
1582,2018-04-25,Le Deleon,Banning,Electra Cruiser Lux Fat Tire 1 Ladies - 2017,Cruisers Bicycles,Electra,1,599.99,0.07,Santa Cruz Bikes,Genna Serrano,557.9907,2018,4
1582,2018-04-25,Le Deleon,Banning,Trek Procaliber Frameset - 2018,Mountain Bikes,Trek,2,1499.99,0.07,Santa Cruz Bikes,Genna Serrano,2789.9813999999997,2018,4
1583,2018-04-25,Onita Johns,Elmont,Electra Moto 1 - 2016,Cruisers Bicycles,Electra,1,529.99,0.05,Baldwin Bikes,Marcelene Boyer,503.4905,2018,4
1583,2018-04-25,Onita Johns,Elmont,Strider Strider 20 Sport - 2018,Children Bicycles,Strider,2,289.99,0.2,Baldwin Bikes,Marcelene Boyer,463.98400000000004,2018,4
1584,2018-04-26,Monica Sears,San Jose,Haro SR 1.2 - 2017,Mountain Bikes,Haro,2,869.99,0.1,Santa Cruz Bikes,Genna Serrano,1565.982,2018,4
1584,2018-04-26,Monica Sears,San Jose,Electra Super Moto 8i - 2018,Cruisers Bicycles,Electra,2,899.99,0.1,Santa Cruz Bikes,Genna Serrano,1619.982,2018,4
1584,2018-04-26,Monica Sears,San Jose,Trek Fuel EX 9.8 27.5 Plus - 2017,Mountain Bikes,Trek,1,5299.99,0.2,Santa Cruz Bikes,Genna Serrano,4239.992,2018,4
1584,2018-04-26,Monica Sears,San Jose,Trek Neko+ - 2018,Electric Bikes,Trek,1,2799.99,0.1,Santa Cruz Bikes,Genna Serrano,2519.991,2018,4
1584,2018-04-26,Monica Sears,San Jose,Trek Domane ALR 5 Gravel - 2018,Road Bikes,Trek,2,1799.99,0.07,Santa Cruz Bikes,Genna Serrano,3347.9813999999997,2018,4
1585,2018-04-26,Carola Rodriquez,Banning,Electra Townie Original 1 Ladies' - 2018,Comfort Bicycles,Electra,1,449.99,0.1,Santa Cruz Bikes,Genna Serrano,404.99100000000004,2018,4
1585,2018-04-26,Carola Rodriquez,Banning,Sun Bicycles Cruz 3 - 2017,Comfort Bicycles,Sun Bicycles,2,449.99,0.1,Santa Cruz Bikes,Genna Serrano,809.9820000000001,2018,4
1585,2018-04-26,Carola Rodriquez,Banning,Trek Boone 7 Disc - 2018,Cyclocross Bicycles,Trek,2,3999.99,0.07,Santa Cruz Bikes,Genna Serrano,7439.981399999999,2018,4
1585,2018-04-26,Carola Rodriquez,Banning,"Electra Girl's Hawaii 1 16"" - 2017",Children Bicycles,Electra,1,299.99,0.1,Santa Cruz Bikes,Genna Serrano,269.99100000000004,2018,4
1585,2018-04-26,Carola Rodriquez,Banning,Electra Loft Go! 8i - 2018,Electric Bikes,Electra,1,2799.99,0.1,Santa Cruz Bikes,Genna Serrano,2519.991,2018,4
1586,2018-04-26,Carley Reynolds,South El Monte,Electra Girl's Hawaii 1 (16-inch) - 2015/2016,Children Bicycles,Electra,2,269.99,0.1,Santa Cruz Bikes,Mireya Copeland,485.982,2018,4
1586,2018-04-26,Carley Reynolds,South El Monte,Trek Precaliber 24 21-speed Boy's - 2018,Children Bicycles,Trek,1,369.99,0.07,Santa Cruz Bikes,Mireya Copeland,344.09069999999997,2018,4
1586,2018-04-26,Carley Reynolds,South El Monte,"Electra Treasure 1 20"" - 2018",Children Bicycles,Electra,1,319.99,0.05,Santa Cruz Bikes,Mireya Copeland,303.9905,2018,4
1586,2018-04-26,Carley Reynolds,South El Monte,Trek Domane ALR Frameset - 2018,Road Bikes,Trek,1,3199.99,0.2,Santa Cruz Bikes,Mireya Copeland,2559.992,2018,4
1586,2018-04-26,Carley Reynolds,South El Monte,Surly Troll Frameset - 2017,Mountain Bikes,Surly,1,832.99,0.1,Santa Cruz Bikes,Mireya Copeland,749.691,2018,4
1587,2018-04-26,Jenee Rasmussen,Sacramento,Sun Bicycles Streamway - 2017,Comfort Bicycles,Sun Bicycles,1,481.99,0.1,Santa Cruz Bikes,Mireya Copeland,433.791,2018,4
1587,2018-04-26,Jenee Rasmussen,Sacramento,Trek Boone Race Shop Limited - 2017,Cyclocross Bicycles,Trek,2,3499.99,0.05,Santa Cruz Bikes,Mireya Copeland,6649.980999999999,2018,4
1587,2018-04-26,Jenee Rasmussen,Sacramento,Sun Bicycles Biscayne Tandem CB - 2017,Cruisers Bicycles,Sun Bicycles,2,647.99,0.05,Santa Cruz Bikes,Mireya Copeland,1231.181,2018,4
1587,2018-04-26,Jenee Rasmussen,Sacramento,Electra Townie Balloon 3i EQ Ladies' - 2018,Comfort Bicycles,Electra,2,799.99,0.07,Santa Cruz Bikes,Mireya Copeland,1487.9814,2018,4
1588,2018-04-26,Deshawn Mendoza,Monsey,Haro Shredder 20 Girls - 2017,Children Bicycles,Haro,2,209.99,0.07,Baldwin Bikes,Marcelene Boyer,390.5814,2018,4
1589,2018-04-27,Ronna Butler,Encino,Electra Townie Original 3i EQ Ladies' - 2018,Cruisers Bicycles,Electra,2,639.99,0.05,Santa Cruz Bikes,Genna Serrano,1215.981,2018,4
1589,2018-04-27,Ronna Butler,Encino,Electra Townie Balloon 3i EQ Ladies' - 2018,Cruisers Bicycles,Electra,1,799.99,0.2,Santa Cruz Bikes,Genna Serrano,639.9920000000001,2018,4
1589,2018-04-27,Ronna Butler,Encino,Surly Karate Monkey 27.5+ Frameset - 2017,Mountain Bikes,Surly,2,2499.99,0.1,Santa Cruz Bikes,Genna Serrano,4499.982,2018,4
1590,2018-04-27,Jone Bernard,Anaheim,Trek Domane SLR Frameset - 2018,Road Bikes,Trek,2,3199.99,0.07,Santa Cruz Bikes,Genna Serrano,5951.981399999999,2018,4
1590,2018-04-27,Jone Bernard,Anaheim,Electra Townie Original 7D EQ Ladies' - 2017/2018,Cruisers Bicycles,Electra,1,599.99,0.2,Santa Cruz Bikes,Genna Serrano,479.992,2018,4
1590,2018-04-27,Jone Bernard,Anaheim,Electra Girl's Hawaii 1 (20-inch) - 2015/2016,Children Bicycles,Electra,1,299.99,0.07,Santa Cruz Bikes,Genna Serrano,278.9907,2018,4
1591,2018-04-27,Jeromy Burch,San Jose,"Electra Starship 1 16"" - 2018",Children Bicycles,Electra,2,279.99,0.2,Santa Cruz Bikes,Mireya Copeland,447.98400000000004,2018,4
1591,2018-04-27,Jeromy Burch,San Jose,Surly Big Fat Dummy Frameset - 2018,Mountain Bikes,Surly,2,469.99,0.2,Santa Cruz Bikes,Mireya Copeland,751.984,2018,4
1591,2018-04-27,Jeromy Burch,San Jose,Electra Savannah 3i (20-inch) - Girl's - 2017,Children Bicycles,Electra,2,349.99,0.07,Santa Cruz Bikes,Mireya Copeland,650.9814,2018,4
1591,2018-04-27,Jeromy Burch,San Jose,Trek Fuel EX 5 Plus - 2018,Mountain Bikes,Trek,2,2249.99,0.05,Santa Cruz Bikes,Mireya Copeland,4274.981,2018,4
1591,2018-04-27,Jeromy Burch,San Jose,Strider Strider 20 Sport - 2018,Children Bicycles,Strider,1,289.99,0.2,Santa Cruz Bikes,Mireya Copeland,231.99200000000002,2018,4
1592,2018-04-27,Lyndsey Bean,Fairport,Surly Straggler 650b - 2018,Cyclocross Bicycles,Surly,2,1549.0,0.05,Baldwin Bikes,Venita Daniel,2943.1,2018,4
1592,2018-04-27,Lyndsey Bean,Fairport,Trek Emonda ALR 6 - 2018,Road Bikes,Trek,1,2299.99,0.07,Baldwin Bikes,Venita Daniel,2138.9907,2018,4
1592,2018-04-27,Lyndsey Bean,Fairport,Trek Fuel EX 9.8 29 - 2017,Mountain Bikes,Trek,2,4999.99,0.07,Baldwin Bikes,Venita Daniel,9299.981399999999,2018,4
1592,2018-04-27,Lyndsey Bean,Fairport,Trek Conduit+ - 2016,Electric Bikes,Trek,1,2999.99,0.2,Baldwin Bikes,Venita Daniel,2399.9919999999997,2018,4
1592,2018-04-27,Lyndsey Bean,Fairport,Trek Precaliber 16 Girl's - 2018,Children Bicycles,Trek,2,209.99,0.05,Baldwin Bikes,Venita Daniel,398.981,2018,4
1593,2018-04-27,Genoveva Baldwin,Port Washington,Electra Savannah 3i (20-inch) - Girl's - 2017,Children Bicycles,Electra,2,349.99,0.2,Baldwin Bikes,Marcelene Boyer,559.984,2018,4
1593,2018-04-27,Genoveva Baldwin,Port Washington,Trek Session DH 27.5 Carbon Frameset - 2017,Mountain Bikes,Trek,1,469.99,0.07,Baldwin Bikes,Marcelene Boyer,437.09069999999997,2018,4
1593,2018-04-27,Genoveva Baldwin,Port Washington,Trek Dual Sport+ - 2018,Electric Bikes,Trek,2,2799.99,0.1,Baldwin Bikes,Marcelene Boyer,5039.982,2018,4
1593,2018-04-27,Genoveva Baldwin,Port Washington,Sun Bicycles Cruz 7 - 2017,Comfort Bicycles,Sun Bicycles,1,416.99,0.05,Baldwin Bikes,Marcelene Boyer,396.1405,2018,4
1593,2018-04-27,Genoveva Baldwin,Port Washington,Trek Emonda SLR 8 - 2018,Road Bikes,Trek,2,6499.99,0.07,Baldwin Bikes,Marcelene Boyer,12089.981399999999,2018,4
1594,2018-04-28,Bennett Armstrong,Bethpage,Sun Bicycles Boardwalk (24-inch Wheels) - 2017,Cruisers Bicycles,Sun Bicycles,2,402.99,0.1,Baldwin Bikes,Venita Daniel,725.3820000000001,2018,4
1594,2018-04-28,Bennett Armstrong,Bethpage,Sun Bicycles Streamway 7 - 2017,Comfort Bicycles,Sun Bicycles,1,533.99,0.1,Baldwin Bikes,Venita Daniel,480.591,2018,4
1595,2018-04-28,Takako Casey,Bronx,Trek 820 - 2018,Mountain Bikes,Trek,1,379.99,0.2,Baldwin Bikes,Venita Daniel,303.992,2018,4
1596,2018-04-28,Tobie Little,Victoria,Trek Precaliber 24 (21-Speed) - Girls - 2017,Children Bicycles,Trek,1,349.99,0.05,Rowlett Bikes,Kali Vargas,332.4905,2018,4
1596,2018-04-28,Tobie Little,Victoria,Pure Cycles Western 3-Speed - Women's - 2015/2016,Cruisers Bicycles,Pure Cycles,1,449.0,0.1,Rowlett Bikes,Kali Vargas,404.1,2018,4
1597,2018-04-28,Lolita Mosley,Houston,Trek Madone 9 Frameset - 2018,Road Bikes,Trek,1,3199.99,0.07,Rowlett Bikes,Layla Terrell,2975.9906999999994,2018,4
1597,2018-04-28,Lolita Mosley,Houston,Trek Domane S 5 Disc - 2017,Road Bikes,Trek,1,2599.99,0.07,Rowlett Bikes,Layla Terrell,2417.9907,2018,4
1598,2018-04-29,Felice Guzman,Canyon Country,Electra Townie Original 7D EQ - 2018,Cruisers Bicycles,Electra,1,599.99,0.2,Santa Cruz Bikes,Genna Serrano,479.992,2018,4
1598,2018-04-29,Felice Guzman,Canyon Country,Trek Domane SL 6 - 2017,Road Bikes,Trek,2,3499.99,0.07,Santa Cruz Bikes,Genna Serrano,6509.981399999999,2018,4
1598,2018-04-29,Felice Guzman,Canyon Country,Trek Precaliber 12 Girls - 2017,Children Bicycles,Trek,1,189.99,0.2,Santa Cruz Bikes,Genna Serrano,151.99200000000002,2018,4
1599,2018-04-29,Caroll Hays,Fairport,Sun Bicycles Streamway - 2017,Comfort Bicycles,Sun Bicycles,2,481.99,0.2,Baldwin Bikes,Venita Daniel,771.1840000000001,2018,4
1600,2018-04-29,Marjorie Logan,Franklin Square,Trek Domane SLR 6 - 2018,Road Bikes,Trek,1,4999.99,0.1,Baldwin Bikes,Marcelene Boyer,4499.991,2018,4
1600,2018-04-29,Marjorie Logan,Franklin Square,"Electra Treasure 1 20"" - 2018",Children Bicycles,Electra,1,319.99,0.05,Baldwin Bikes,Marcelene Boyer,303.9905,2018,4
1600,2018-04-29,Marjorie Logan,Franklin Square,Surly Troll Frameset - 2017,Mountain Bikes,Surly,1,832.99,0.2,Baldwin Bikes,Marcelene Boyer,666.392,2018,4
1601,2018-04-29,Mozelle Carter,Houston,Trek Marlin 6 - 2018,Mountain Bikes,Trek,2,579.99,0.2,Rowlett Bikes,Kali Vargas,927.984,2018,4
1601,2018-04-29,Mozelle Carter,Houston,Surly Straggler - 2016,Cyclocross Bicycles,Surly,1,1549.0,0.2,Rowlett Bikes,Kali Vargas,1239.2,2018,4
1601,2018-04-29,Mozelle Carter,Houston,Electra Cruiser 1 Ladies' - 2018,Cruisers Bicycles,Electra,2,269.99,0.07,Rowlett Bikes,Kali Vargas,502.1814,2018,4
1601,2018-04-29,Mozelle Carter,Houston,Trek Slash 8 27.5 - 2016,Mountain Bikes,Trek,2,3999.99,0.07,Rowlett Bikes,Kali Vargas,7439.981399999999,2018,4
1601,2018-04-29,Mozelle Carter,Houston,Trek Domane AL 3 Women's - 2018,Road Bikes,Trek,1,919.99,0.1,Rowlett Bikes,Kali Vargas,827.991,2018,4
1602,2018-04-30,Diana Guerra,Merrick,Sun Bicycles Atlas X-Type - 2017,Cruisers Bicycles,Sun Bicycles,2,416.99,0.05,Baldwin Bikes,Marcelene Boyer,792.281,2018,4
1602,2018-04-30,Diana Guerra,Merrick,Haro Flightline One ST - 2017,Mountain Bikes,Haro,1,379.99,0.07,Baldwin Bikes,Marcelene Boyer,353.3907,2018,4
1602,2018-04-30,Diana Guerra,Merrick,Trek Precaliber 20 Girl's - 2018,Children Bicycles,Trek,2,229.99,0.2,Baldwin Bikes,Marcelene Boyer,367.98400000000004,2018,4
1602,2018-04-30,Diana Guerra,Merrick,Electra Amsterdam Fashion 3i Ladies' - 2017/2018,Cruisers Bicycles,Electra,2,899.99,0.05,Baldwin Bikes,Marcelene Boyer,1709.981,2018,4
1603,2018-04-30,Georgeann Waller,North Tonawanda,Trek Precaliber 20 Girl's - 2018,Children Bicycles,Trek,2,229.99,0.05,Baldwin Bikes,Marcelene Boyer,436.981,2018,4
1604,2018-06-17,Latasha Hays,Buffalo,Trek Precaliber 16 Girl's - 2018,Children Bicycles,Trek,1,209.99,0.1,Baldwin Bikes,Venita Daniel,188.991,2018,6
1605,2018-07-01,Robena Hill,Corpus Christi,Sun Bicycles Biscayne Tandem 7 - 2017,Cruisers Bicycles,Sun Bicycles,1,619.99,0.1,Rowlett Bikes,Kali Vargas,557.991,2018,7
1605,2018-07-01,Robena Hill,Corpus Christi,Trek CrossRip+ - 2018,Electric Bikes,Trek,1,4499.99,0.2,Rowlett Bikes,Kali Vargas,3599.992,2018,7
1605,2018-07-01,Robena Hill,Corpus Christi,Trek Procal AL Frameset - 2018,Mountain Bikes,Trek,2,1499.99,0.1,Rowlett Bikes,Kali Vargas,2699.982,2018,7
1605,2018-07-01,Robena Hill,Corpus Christi,Electra Townie Balloon 7i EQ - 2018,Comfort Bicycles,Electra,1,899.99,0.1,Rowlett Bikes,Kali Vargas,809.991,2018,7
1605,2018-07-01,Robena Hill,Corpus Christi,Trek X-Caliber 8 - 2017,Mountain Bikes,Trek,1,999.99,0.07,Rowlett Bikes,Kali Vargas,929.9907,2018,7
1606,2018-07-10,Thalia Dillard,San Angelo,Electra Townie Original 3i EQ - 2017/2018,Cruisers Bicycles,Electra,1,659.99,0.1,Rowlett Bikes,Kali Vargas,593.991,2018,7
1606,2018-07-10,Thalia Dillard,San Angelo,Trek Precaliber 16 Girl's - 2018,Children Bicycles,Trek,1,209.99,0.1,Rowlett Bikes,Kali Vargas,188.991,2018,7
1607,2018-07-11,Deloris Burke,Palos Verdes Peninsula,Trek X-Caliber 8 - 2017,Mountain Bikes,Trek,1,999.99,0.05,Santa Cruz Bikes,Mireya Copeland,949.9905,2018,7
1608,2018-07-12,Saturnina Garner,Glendora,Electra Cruiser Lux 3i Ladies' - 2018,Cruisers Bicycles,Electra,2,529.99,0.05,Santa Cruz Bikes,Mireya Copeland,1006.981,2018,7
1609,2018-08-23,Pamelia Newman,Monroe,Electra Moto 3i (20-inch) - Boy's - 2017,Children Bicycles,Electra,1,349.99,0.2,Baldwin Bikes,Venita Daniel,279.992,2018,8
1609,2018-08-23,Pamelia Newman,Monroe,Electra Townie Balloon 8D EQ - 2016/2017/2018,Cruisers Bicycles,Electra,2,749.99,0.2,Baldwin Bikes,Venita Daniel,1199.9840000000002,2018,8
1609,2018-08-23,Pamelia Newman,Monroe,Electra Cruiser 7D Tall - 2016/2018,Cruisers Bicycles,Electra,2,319.99,0.1,Baldwin Bikes,Venita Daniel,575.9820000000001,2018,8
1609,2018-08-23,Pamelia Newman,Monroe,Sun Bicycles Streamway 7 - 2017,Comfort Bicycles,Sun Bicycles,1,533.99,0.2,Baldwin Bikes,Venita Daniel,427.192,2018,8
1610,2018-08-25,Linnie Branch,Plattsburgh,Surly Troll Frameset - 2017,Mountain Bikes,Surly,1,832.99,0.07,Baldwin Bikes,Venita Daniel,774.6807,2018,8
1610,2018-08-25,Linnie Branch,Plattsburgh,Trek Domane ALR Frameset - 2018,Road Bikes,Trek,2,3199.99,0.2,Baldwin Bikes,Venita Daniel,5119.984,2018,8
1611,2018-09-06,Lyndsey Bean,Fairport,Electra Loft Go! 8i - 2018,Electric Bikes,Electra,1,2799.99,0.07,Baldwin Bikes,Venita Daniel,2603.9907,2018,9
1611,2018-09-06,Lyndsey Bean,Fairport,Trek Domane SL 6 - 2018,Road Bikes,Trek,2,3199.99,0.1,Baldwin Bikes,Venita Daniel,5759.982,2018,9
1611,2018-09-06,Lyndsey Bean,Fairport,Electra Morningstar 3i Ladies' - 2018,Cruisers Bicycles,Electra,1,749.99,0.2,Baldwin Bikes,Venita Daniel,599.9920000000001,2018,9
1612,2018-10-21,Tameka Fisher,Redondo Beach,Electra Townie Commute 8D Ladies' - 2018,Cruisers Bicycles,Electra,1,699.99,0.1,Santa Cruz Bikes,Genna Serrano,629.991,2018,10
1612,2018-10-21,Tameka Fisher,Redondo Beach,"Electra Superbolt 1 20"" - 2018",Children Bicycles,Electra,2,319.99,0.05,Santa Cruz Bikes,Genna Serrano,607.981,2018,10
1612,2018-10-21,Tameka Fisher,Redondo Beach,Electra Townie 7D (20-inch) - Boys' - 2017,Children Bicycles,Electra,2,339.99,0.2,Santa Cruz Bikes,Genna Serrano,543.984,2018,10
1612,2018-10-21,Tameka Fisher,Redondo Beach,Electra Tiger Shark 1 (20-inch) - Boys' - 2018,Children Bicycles,Electra,2,319.99,0.07,Santa Cruz Bikes,Genna Serrano,595.1813999999999,2018,10
1612,2018-10-21,Tameka Fisher,Redondo Beach,Sun Bicycles ElectroLite - 2017,Electric Bikes,Sun Bicycles,1,1559.99,0.1,Santa Cruz Bikes,Genna Serrano,1403.991,2018,10
1613,2018-11-18,Debra Burks,Orchard Park,Trek Domane SL 7 Women's - 2018,Road Bikes,Trek,1,4999.99,0.07,Baldwin Bikes,Marcelene Boyer,4649.990699999999,2018,11
1613,2018-11-18,Debra Burks,Orchard Park,Electra Heartchya 1 (20-inch) - Girl's - 2018,Children Bicycles,Electra,2,319.99,0.05,Baldwin Bikes,Marcelene Boyer,607.981,2018,11
1614,2018-11-28,Dorthey Jackson,Houston,Surly Krampus - 2018,Mountain Bikes,Surly,1,1499.0,0.07,Rowlett Bikes,Kali Vargas,1394.07,2018,11
1614,2018-11-28,Dorthey Jackson,Houston,Trek Emonda ALR 6 - 2018,Road Bikes,Trek,2,2299.99,0.07,Rowlett Bikes,Kali Vargas,4277.9814,2018,11
1614,2018-11-28,Dorthey Jackson,Houston,Electra Cruiser 1 - 2016/2017/2018,Cruisers Bicycles,Electra,2,269.99,0.2,Rowlett Bikes,Kali Vargas,431.98400000000004,2018,11
1615,2018-12-28,Sarita Parks,Forney,Trek Verve+ Lowstep - 2018,Electric Bikes,Trek,2,2299.99,0.2,Rowlett Bikes,Kali Vargas,3679.984,2018,12
1615,2018-12-28,Sarita Parks,Forney,Electra Tiger Shark 3i - 2018,Cruisers Bicycles,Electra,1,899.99,0.07,Rowlett Bikes,Kali Vargas,836.9907,2018,12
1615,2018-12-28,Sarita Parks,Forney,Trek Domane SL 5 Disc - 2018,Road Bikes,Trek,1,2499.99,0.2,Rowlett Bikes,Kali Vargas,1999.992,2018,12
